codigo_bairro,inicio_indice,fim_indice,inicio_ano,inicio_semana,duracao_semanas,casos_totais_episodio,casos_pico,ja_ativo_no_inicio_da_janela,codigo_rpa,nome_bairro,posicao_v1_features,lead_v1_features,detectado_v1_features_k5,detectado_v1_features_k10,detectado_v1_features_k15,detectado_v1_features_k20,posicao_v1_mais_populacao,lead_v1_mais_populacao,detectado_v1_mais_populacao_k5,detectado_v1_mais_populacao_k10,detectado_v1_mais_populacao_k15,detectado_v1_mais_populacao_k20,posicao_v2_incidencia,lead_v2_incidencia,detectado_v2_incidencia_k5,detectado_v2_incidencia_k10,detectado_v2_incidencia_k15,detectado_v2_incidencia_k20,posicao_v2_casos_incidencia,lead_v2_casos_incidencia,detectado_v2_casos_incidencia_k5,detectado_v2_casos_incidencia_k10,detectado_v2_casos_incidencia_k15,detectado_v2_casos_incidencia_k20,posicao_v2_casos_incidencia_populacao,lead_v2_casos_incidencia_populacao,detectado_v2_casos_incidencia_populacao_k5,detectado_v2_casos_incidencia_populacao_k10,detectado_v2_casos_incidencia_populacao_k15,detectado_v2_casos_incidencia_populacao_k20,posicao_casos_atuais,lead_casos_atuais,detectado_casos_atuais_k5,detectado_casos_atuais_k10,detectado_casos_atuais_k15,detectado_casos_atuais_k20,posicao_crescimento_recente,lead_crescimento_recente,detectado_crescimento_recente_k5,detectado_crescimento_recente_k10,detectado_crescimento_recente_k15,detectado_crescimento_recente_k20,posicao_razao_historica_local,lead_razao_historica_local,detectado_razao_historica_local_k5,detectado_razao_historica_local_k10,detectado_razao_historica_local_k15,detectado_razao_historica_local_k20,posicao_incidencia_atual,lead_incidencia_atual,detectado_incidencia_atual_k5,detectado_incidencia_atual_k10,detectado_incidencia_atual_k15,detectado_incidencia_atual_k20,posicao_crescimento_incidencia,lead_crescimento_incidencia,detectado_crescimento_incidencia_k5,detectado_crescimento_incidencia_k10,detectado_crescimento_incidencia_k15,detectado_crescimento_incidencia_k20,posicao_razao_historica_incidencia,lead_razao_historica_incidencia,detectado_razao_historica_incidencia_k5,detectado_razao_historica_incidencia_k10,detectado_razao_historica_incidencia_k15,detectado_razao_historica_incidencia_k20
108,534,534,2023,13,1,8.0,8.0,False,1,SANTO AMARO,45.0,1.0,0,0,0,0,44.0,1.0,0,0,0,0,75.0,2.0,0,0,0,0,60.0,1.0,0,0,0,0,57.0,1.0,0,0,0,0,9.0,3.0,0,1,1,1,9.0,1.0,0,1,1,1,13.0,3.0,0,0,1,1,25.0,3.0,0,0,0,0,18.0,3.0,0,0,0,1,13.0,3.0,0,0,1,1
108,571,571,2023,50,1,3.0,3.0,False,1,SANTO AMARO,9.0,1.0,0,1,1,1,12.0,1.0,0,0,1,1,10.0,1.0,0,1,1,1,20.0,1.0,0,0,0,1,12.0,1.0,0,0,1,1,2.0,2.0,1,1,1,1,4.0,2.0,1,1,1,1,4.0,2.0,1,1,1,1,7.0,2.0,0,1,1,1,5.0,2.0,1,1,1,1,6.0,2.0,0,1,1,1
108,573,573,2023,52,1,2.0,2.0,False,1,SANTO AMARO,4.0,1.0,1,1,1,1,4.0,1.0,1,1,1,1,5.0,1.0,1,1,1,1,4.0,1.0,1,1,1,1,5.0,1.0,1,1,1,1,2.0,4.0,1,1,1,1,4.0,4.0,1,1,1,1,4.0,4.0,1,1,1,1,7.0,4.0,0,1,1,1,5.0,4.0,1,1,1,1,5.0,2.0,1,1,1,1
108,581,591,2024,8,11,128.0,18.0,False,1,SANTO AMARO,22.0,4.0,0,0,0,0,14.0,4.0,0,0,1,1,19.0,4.0,0,0,0,1,13.0,4.0,0,0,1,1,10.0,4.0,0,1,1,1,4.0,2.0,1,1,1,1,8.0,2.0,0,1,1,1,9.0,4.0,0,1,1,1,8.0,2.0,0,1,1,1,13.0,2.0,0,0,1,1,9.0,4.0,0,1,1,1
108,597,597,2024,24,1,9.0,9.0,False,1,SANTO AMARO,44.0,4.0,0,0,0,0,25.0,4.0,0,0,0,0,39.0,4.0,0,0,0,0,14.0,4.0,0,0,1,1,16.0,4.0,0,0,0,1,11.0,2.0,0,0,1,1,24.0,2.0,0,0,0,0,31.0,2.0,0,0,0,0,28.0,2.0,0,0,0,0,24.0,2.0,0,0,0,0,33.0,2.0,0,0,0,0
108,603,603,2024,30,1,9.0,9.0,False,1,SANTO AMARO,8.0,2.0,0,1,1,1,9.0,2.0,0,1,1,1,33.0,4.0,0,0,0,0,6.0,2.0,0,1,1,1,14.0,2.0,0,0,1,1,9.0,2.0,0,1,1,1,21.0,3.0,0,0,0,0,18.0,2.0,0,0,0,1,25.0,2.0,0,0,0,0,23.0,3.0,0,0,0,0,30.0,2.0,0,0,0,0
108,649,649,2025,24,1,9.0,9.0,False,1,SANTO AMARO,56.0,4.0,0,0,0,0,63.0,4.0,0,0,0,0,60.0,4.0,0,0,0,0,56.0,4.0,0,0,0,0,59.0,4.0,0,0,0,0,4.0,4.0,1,1,1,1,1.0,4.0,1,1,1,1,1.0,4.0,1,1,1,1,2.0,4.0,1,1,1,1,1.0,4.0,1,1,1,1,5.0,4.0,1,1,1,1
108,657,658,2025,32,2,23.0,13.0,False,1,SANTO AMARO,16.0,4.0,0,0,0,1,14.0,4.0,0,0,1,1,25.0,2.0,0,0,0,0,10.0,2.0,0,1,1,1,17.0,4.0,0,0,0,1,13.0,2.0,0,0,1,1,33.0,3.0,0,0,0,0,36.0,3.0,0,0,0,0,35.0,3.0,0,0,0,0,34.0,3.0,0,0,0,0,40.0,3.0,0,0,0,0
108,667,667,2025,42,1,11.0,11.0,False,1,SANTO AMARO,31.0,4.0,0,0,0,0,22.0,4.0,0,0,0,0,44.0,4.0,0,0,0,0,29.0,4.0,0,0,0,0,23.0,4.0,0,0,0,0,7.0,3.0,0,1,1,1,7.0,1.0,0,1,1,1,30.0,1.0,0,0,0,0,13.0,1.0,0,0,1,1,8.0,1.0,0,1,1,1,41.0,1.0,0,0,0,0
108,670,673,2025,45,4,28.0,9.0,False,1,SANTO AMARO,52.0,2.0,0,0,0,0,29.0,1.0,0,0,0,0,27.0,2.0,0,0,0,0,24.0,2.0,0,0,0,0,27.0,1.0,0,0,0,0,6.0,3.0,0,1,1,1,7.0,4.0,0,1,1,1,23.0,3.0,0,0,0,0,13.0,4.0,0,0,1,1,8.0,4.0,0,1,1,1,38.0,3.0,0,0,0,0
108,675,675,2025,50,1,7.0,7.0,True,1,SANTO AMARO,20.0,2.0,0,0,0,1,16.0,2.0,0,0,0,1,8.0,1.0,0,1,1,1,12.0,1.0,0,0,1,1,12.0,1.0,0,0,1,1,2.0,3.0,1,1,1,1,32.0,3.0,0,0,0,0,3.0,4.0,1,1,1,1,9.0,3.0,0,1,1,1,30.0,3.0,0,0,0,0,10.0,4.0,0,1,1,1
116,534,534,2023,13,1,1.0,1.0,False,1,SOLEDADE,5.0,4.0,1,1,1,1,7.0,4.0,0,1,1,1,7.0,4.0,0,1,1,1,7.0,4.0,0,1,1,1,6.0,4.0,0,1,1,1,40.0,3.0,0,0,0,0,21.0,3.0,0,0,0,0,40.0,3.0,0,0,0,0,40.0,3.0,0,0,0,0,21.0,3.0,0,0,0,0,40.0,3.0,0,0,0,0
116,538,538,2023,17,1,1.0,1.0,True,1,SOLEDADE,4.0,3.0,1,1,1,1,2.0,3.0,1,1,1,1,5.0,3.0,1,1,1,1,3.0,3.0,1,1,1,1,2.0,3.0,1,1,1,1,36.0,4.0,0,0,0,0,12.0,4.0,0,0,1,1,8.0,4.0,0,1,1,1,4.0,4.0,1,1,1,1,4.0,4.0,1,1,1,1,2.0,4.0,1,1,1,1
116,542,542,2023,21,1,1.0,1.0,True,1,SOLEDADE,7.0,3.0,0,1,1,1,7.0,1.0,0,1,1,1,4.0,3.0,1,1,1,1,8.0,3.0,0,1,1,1,8.0,3.0,0,1,1,1,26.0,4.0,0,0,0,0,9.0,4.0,0,1,1,1,6.0,4.0,0,1,1,1,4.0,4.0,1,1,1,1,3.0,4.0,1,1,1,1,3.0,4.0,1,1,1,1
116,555,555,2023,34,1,1.0,1.0,False,1,SOLEDADE,42.0,4.0,0,0,0,0,39.0,4.0,0,0,0,0,42.0,2.0,0,0,0,0,38.0,2.0,0,0,0,0,38.0,4.0,0,0,0,0,29.0,4.0,0,0,0,0,16.0,4.0,0,0,0,1,29.0,4.0,0,0,0,0,29.0,4.0,0,0,0,0,16.0,4.0,0,0,0,1,29.0,4.0,0,0,0,0
116,576,576,2024,3,1,1.0,1.0,False,1,SOLEDADE,8.0,3.0,0,1,1,1,10.0,3.0,0,1,1,1,5.0,3.0,1,1,1,1,6.0,3.0,0,1,1,1,7.0,3.0,0,1,1,1,27.0,2.0,0,0,0,0,17.0,3.0,0,0,0,1,27.0,2.0,0,0,0,0,27.0,2.0,0,0,0,0,17.0,3.0,0,0,0,1,27.0,2.0,0,0,0,0
116,581,581,2024,8,1,2.0,2.0,False,1,SOLEDADE,19.0,3.0,0,0,0,1,17.0,4.0,0,0,0,1,5.0,4.0,1,1,1,1,10.0,4.0,0,1,1,1,8.0,4.0,0,1,1,1,37.0,4.0,0,0,0,0,25.0,3.0,0,0,0,0,37.0,4.0,0,0,0,0,37.0,4.0,0,0,0,0,25.0,3.0,0,0,0,0,37.0,4.0,0,0,0,0
116,587,587,2024,14,1,1.0,1.0,False,1,SOLEDADE,31.0,4.0,0,0,0,0,35.0,4.0,0,0,0,0,17.0,4.0,0,0,0,1,30.0,4.0,0,0,0,0,22.0,4.0,0,0,0,0,71.0,1.0,0,0,0,0,20.0,1.0,0,0,0,1,71.0,1.0,0,0,0,0,71.0,1.0,0,0,0,0,20.0,1.0,0,0,0,1,71.0,1.0,0,0,0,0
116,589,589,2024,16,1,1.0,1.0,False,1,SOLEDADE,32.0,2.0,0,0,0,0,24.0,2.0,0,0,0,0,23.0,2.0,0,0,0,0,26.0,2.0,0,0,0,0,23.0,2.0,0,0,0,0,64.0,2.0,0,0,0,0,14.0,2.0,0,0,1,1,34.0,2.0,0,0,0,0,22.0,2.0,0,0,0,0,8.0,2.0,0,1,1,1,10.0,2.0,0,1,1,1
116,597,597,2024,24,1,1.0,1.0,False,1,SOLEDADE,58.0,4.0,0,0,0,0,64.0,4.0,0,0,0,0,43.0,4.0,0,0,0,0,61.0,4.0,0,0,0,0,57.0,4.0,0,0,0,0,54.0,2.0,0,0,0,0,26.0,2.0,0,0,0,0,54.0,2.0,0,0,0,0,54.0,2.0,0,0,0,0,26.0,2.0,0,0,0,0,54.0,2.0,0,0,0,0
116,602,602,2024,29,1,1.0,1.0,False,1,SOLEDADE,60.0,2.0,0,0,0,0,59.0,2.0,0,0,0,0,49.0,4.0,0,0,0,0,55.0,2.0,0,0,0,0,53.0,2.0,0,0,0,0,54.0,3.0,0,0,0,0,27.0,3.0,0,0,0,0,54.0,3.0,0,0,0,0,54.0,3.0,0,0,0,0,27.0,3.0,0,0,0,0,54.0,3.0,0,0,0,0
116,607,607,2024,34,1,1.0,1.0,False,1,SOLEDADE,31.0,4.0,0,0,0,0,37.0,4.0,0,0,0,0,31.0,4.0,0,0,0,0,40.0,4.0,0,0,0,0,39.0,4.0,0,0,0,0,43.0,2.0,0,0,0,0,24.0,3.0,0,0,0,0,43.0,2.0,0,0,0,0,43.0,2.0,0,0,0,0,24.0,3.0,0,0,0,0,43.0,2.0,0,0,0,0
116,613,613,2024,40,1,1.0,1.0,False,1,SOLEDADE,27.0,4.0,0,0,0,0,36.0,4.0,0,0,0,0,31.0,4.0,0,0,0,0,34.0,1.0,0,0,0,0,37.0,3.0,0,0,0,0,39.0,2.0,0,0,0,0,18.0,3.0,0,0,0,1,39.0,2.0,0,0,0,0,39.0,2.0,0,0,0,0,18.0,3.0,0,0,0,1,39.0,2.0,0,0,0,0
116,620,620,2024,47,1,1.0,1.0,False,1,SOLEDADE,19.0,3.0,0,0,0,1,21.0,3.0,0,0,0,0,10.0,3.0,0,1,1,1,16.0,3.0,0,0,0,1,14.0,3.0,0,0,1,1,39.0,4.0,0,0,0,0,15.0,1.0,0,0,1,1,39.0,4.0,0,0,0,0,39.0,4.0,0,0,0,0,15.0,1.0,0,0,1,1,39.0,4.0,0,0,0,0
116,624,624,2024,51,1,1.0,1.0,True,1,SOLEDADE,10.0,3.0,0,1,1,1,10.0,3.0,0,1,1,1,7.0,3.0,0,1,1,1,10.0,3.0,0,1,1,1,8.0,3.0,0,1,1,1,25.0,4.0,0,0,0,0,11.0,4.0,0,0,1,1,2.0,4.0,1,1,1,1,2.0,4.0,1,1,1,1,2.0,4.0,1,1,1,1,2.0,4.0,1,1,1,1
116,634,634,2025,9,1,1.0,1.0,False,1,SOLEDADE,29.0,2.0,0,0,0,0,33.0,2.0,0,0,0,0,45.0,2.0,0,0,0,0,39.0,3.0,0,0,0,0,37.0,3.0,0,0,0,0,55.0,1.0,0,0,0,0,28.0,2.0,0,0,0,0,55.0,1.0,0,0,0,0,55.0,1.0,0,0,0,0,28.0,2.0,0,0,0,0,55.0,1.0,0,0,0,0
116,636,636,2025,11,1,1.0,1.0,False,1,SOLEDADE,4.0,1.0,1,1,1,1,5.0,1.0,1,1,1,1,4.0,2.0,1,1,1,1,3.0,1.0,1,1,1,1,4.0,2.0,1,1,1,1,36.0,2.0,0,0,0,0,9.0,2.0,0,1,1,1,7.0,2.0,0,1,1,1,3.0,2.0,1,1,1,1,3.0,2.0,1,1,1,1,2.0,2.0,1,1,1,1
116,642,642,2025,17,1,1.0,1.0,False,1,SOLEDADE,5.0,3.0,1,1,1,1,5.0,3.0,1,1,1,1,8.0,3.0,0,1,1,1,7.0,3.0,0,1,1,1,5.0,3.0,1,1,1,1,53.0,3.0,0,0,0,0,22.0,3.0,0,0,0,0,53.0,3.0,0,0,0,0,53.0,3.0,0,0,0,0,22.0,3.0,0,0,0,0,53.0,3.0,0,0,0,0
116,649,650,2025,24,2,5.0,3.0,False,1,SOLEDADE,28.0,4.0,0,0,0,0,32.0,4.0,0,0,0,0,29.0,4.0,0,0,0,0,32.0,4.0,0,0,0,0,32.0,4.0,0,0,0,0,46.0,4.0,0,0,0,0,16.0,4.0,0,0,0,1,46.0,4.0,0,0,0,0,46.0,4.0,0,0,0,0,16.0,4.0,0,0,0,1,46.0,4.0,0,0,0,0
116,652,653,2025,27,2,2.0,1.0,False,1,SOLEDADE,5.0,1.0,1,1,1,1,4.0,1.0,1,1,1,1,6.0,1.0,0,1,1,1,3.0,1.0,1,1,1,1,4.0,1.0,1,1,1,1,18.0,2.0,0,0,0,1,3.0,3.0,1,1,1,1,1.0,3.0,1,1,1,1,2.0,3.0,1,1,1,1,1.0,3.0,1,1,1,1,2.0,3.0,1,1,1,1
116,655,655,2025,30,1,1.0,1.0,False,1,SOLEDADE,2.0,1.0,1,1,1,1,3.0,1.0,1,1,1,1,2.0,1.0,1,1,1,1,1.0,1.0,1,1,1,1,2.0,1.0,1,1,1,1,34.0,3.0,0,0,0,0,12.0,3.0,0,0,1,1,11.0,2.0,0,0,1,1,4.0,3.0,1,1,1,1,4.0,3.0,1,1,1,1,2.0,2.0,1,1,1,1
116,660,660,2025,35,1,1.0,1.0,False,1,SOLEDADE,11.0,4.0,0,0,1,1,8.0,4.0,0,1,1,1,5.0,4.0,1,1,1,1,13.0,4.0,0,0,1,1,5.0,4.0,1,1,1,1,62.0,4.0,0,0,0,0,29.0,1.0,0,0,0,0,62.0,4.0,0,0,0,0,62.0,4.0,0,0,0,0,29.0,1.0,0,0,0,0,62.0,4.0,0,0,0,0
116,664,664,2025,39,1,1.0,1.0,True,1,SOLEDADE,51.0,3.0,0,0,0,0,55.0,3.0,0,0,0,0,35.0,3.0,0,0,0,0,50.0,4.0,0,0,0,0,56.0,4.0,0,0,0,0,58.0,4.0,0,0,0,0,10.0,4.0,0,1,1,1,23.0,4.0,0,0,0,0,13.0,4.0,0,0,1,1,3.0,4.0,1,1,1,1,3.0,4.0,1,1,1,1
116,675,675,2025,50,1,1.0,1.0,False,1,SOLEDADE,53.0,4.0,0,0,0,0,51.0,4.0,0,0,0,0,35.0,4.0,0,0,0,0,45.0,4.0,0,0,0,0,40.0,4.0,0,0,0,0,51.0,4.0,0,0,0,0,25.0,1.0,0,0,0,0,51.0,4.0,0,0,0,0,51.0,4.0,0,0,0,0,25.0,1.0,0,0,0,0,51.0,4.0,0,0,0,0
124,561,561,2023,40,1,2.0,2.0,False,3,ESPINHEIRO,31.0,2.0,0,0,0,0,32.0,4.0,0,0,0,0,33.0,2.0,0,0,0,0,33.0,2.0,0,0,0,0,34.0,2.0,0,0,0,0,15.0,4.0,0,0,1,1,6.0,2.0,0,1,1,1,7.0,4.0,0,1,1,1,18.0,2.0,0,0,0,1,10.0,2.0,0,1,1,1,8.0,4.0,0,1,1,1
124,563,563,2023,42,1,2.0,2.0,False,3,ESPINHEIRO,5.0,1.0,1,1,1,1,5.0,1.0,1,1,1,1,2.0,1.0,1,1,1,1,6.0,1.0,0,1,1,1,7.0,1.0,0,1,1,1,6.0,2.0,0,1,1,1,3.0,2.0,1,1,1,1,1.0,2.0,1,1,1,1,6.0,2.0,0,1,1,1,6.0,2.0,0,1,1,1,4.0,2.0,1,1,1,1
124,565,565,2023,44,1,1.0,1.0,True,3,ESPINHEIRO,3.0,1.0,1,1,1,1,4.0,1.0,1,1,1,1,2.0,3.0,1,1,1,1,2.0,1.0,1,1,1,1,4.0,1.0,1,1,1,1,6.0,4.0,0,1,1,1,3.0,4.0,1,1,1,1,1.0,4.0,1,1,1,1,6.0,4.0,0,1,1,1,6.0,4.0,0,1,1,1,4.0,4.0,1,1,1,1
124,584,584,2024,11,1,6.0,6.0,False,3,ESPINHEIRO,6.0,2.0,0,1,1,1,16.0,3.0,0,0,0,1,8.0,2.0,0,1,1,1,21.0,1.0,0,0,0,0,20.0,2.0,0,0,0,1,45.0,1.0,0,0,0,0,26.0,3.0,0,0,0,0,23.0,1.0,0,0,0,0,53.0,4.0,0,0,0,0,28.0,1.0,0,0,0,0,24.0,1.0,0,0,0,0
124,588,588,2024,15,1,3.0,3.0,True,3,ESPINHEIRO,6.0,1.0,0,1,1,1,12.0,1.0,0,0,1,1,1.0,3.0,1,1,1,1,6.0,1.0,0,1,1,1,5.0,1.0,1,1,1,1,34.0,2.0,0,0,0,0,21.0,2.0,0,0,0,0,10.0,4.0,0,1,1,1,30.0,4.0,0,0,0,0,18.0,4.0,0,0,0,1,9.0,4.0,0,1,1,1
124,591,591,2024,18,1,3.0,3.0,False,3,ESPINHEIRO,6.0,4.0,0,1,1,1,6.0,2.0,0,1,1,1,2.0,4.0,1,1,1,1,3.0,2.0,1,1,1,1,3.0,2.0,1,1,1,1,43.0,3.0,0,0,0,0,16.0,3.0,0,0,0,1,34.0,3.0,0,0,0,0,52.0,3.0,0,0,0,0,17.0,1.0,0,0,0,1,36.0,3.0,0,0,0,0
124,595,595,2024,22,1,4.0,4.0,True,3,ESPINHEIRO,6.0,1.0,0,1,1,1,5.0,1.0,1,1,1,1,3.0,1.0,1,1,1,1,5.0,1.0,1,1,1,1,4.0,1.0,1,1,1,1,27.0,4.0,0,0,0,0,5.0,4.0,1,1,1,1,5.0,4.0,1,1,1,1,21.0,2.0,0,0,0,0,9.0,4.0,0,1,1,1,6.0,4.0,0,1,1,1
124,602,602,2024,29,1,2.0,2.0,False,3,ESPINHEIRO,11.0,4.0,0,0,1,1,16.0,4.0,0,0,0,1,12.0,4.0,0,0,1,1,14.0,4.0,0,0,1,1,17.0,4.0,0,0,0,1,44.0,4.0,0,0,0,0,28.0,2.0,0,0,0,0,37.0,4.0,0,0,0,0,48.0,4.0,0,0,0,0,28.0,2.0,0,0,0,0,36.0,4.0,0,0,0,0
124,609,609,2024,36,1,2.0,2.0,False,3,ESPINHEIRO,38.0,4.0,0,0,0,0,37.0,4.0,0,0,0,0,42.0,2.0,0,0,0,0,38.0,4.0,0,0,0,0,45.0,4.0,0,0,0,0,23.0,4.0,0,0,0,0,6.0,4.0,0,1,1,1,14.0,4.0,0,0,1,1,23.0,4.0,0,0,0,0,12.0,4.0,0,0,1,1,9.0,4.0,0,1,1,1
124,617,617,2024,44,1,3.0,3.0,False,3,ESPINHEIRO,52.0,1.0,0,0,0,0,51.0,1.0,0,0,0,0,56.0,4.0,0,0,0,0,54.0,1.0,0,0,0,0,59.0,1.0,0,0,0,0,40.0,1.0,0,0,0,0,27.0,1.0,0,0,0,0,40.0,1.0,0,0,0,0,40.0,1.0,0,0,0,0,27.0,1.0,0,0,0,0,40.0,1.0,0,0,0,0
124,647,647,2025,22,1,3.0,3.0,False,3,ESPINHEIRO,50.0,1.0,0,0,0,0,48.0,1.0,0,0,0,0,68.0,2.0,0,0,0,0,62.0,1.0,0,0,0,0,64.0,1.0,0,0,0,0,23.0,2.0,0,0,0,0,2.0,2.0,1,1,1,1,17.0,2.0,0,0,0,1,22.0,2.0,0,0,0,0,9.0,2.0,0,1,1,1,13.0,2.0,0,0,1,1
124,649,649,2025,24,1,3.0,3.0,False,3,ESPINHEIRO,36.0,2.0,0,0,0,0,36.0,2.0,0,0,0,0,55.0,2.0,0,0,0,0,51.0,2.0,0,0,0,0,58.0,2.0,0,0,0,0,7.0,2.0,0,1,1,1,2.0,4.0,1,1,1,1,3.0,2.0,1,1,1,1,6.0,2.0,0,1,1,1,6.0,2.0,0,1,1,1,4.0,2.0,1,1,1,1
124,653,654,2025,28,2,4.0,2.0,True,3,ESPINHEIRO,3.0,3.0,1,1,1,1,5.0,3.0,1,1,1,1,6.0,3.0,0,1,1,1,5.0,3.0,1,1,1,1,4.0,3.0,1,1,1,1,19.0,3.0,0,0,0,1,4.0,4.0,1,1,1,1,7.0,4.0,0,1,1,1,18.0,4.0,0,0,0,1,10.0,4.0,0,1,1,1,7.0,4.0,0,1,1,1
124,661,663,2025,36,3,6.0,2.0,False,3,ESPINHEIRO,9.0,4.0,0,1,1,1,12.0,4.0,0,0,1,1,7.0,4.0,0,1,1,1,11.0,4.0,0,0,1,1,6.0,4.0,0,1,1,1,49.0,4.0,0,0,0,0,11.0,1.0,0,0,1,1,40.0,4.0,0,0,0,0,55.0,4.0,0,0,0,0,25.0,1.0,0,0,0,0,41.0,4.0,0,0,0,0
124,667,667,2025,42,1,2.0,2.0,True,3,ESPINHEIRO,25.0,3.0,0,0,0,0,22.0,3.0,0,0,0,0,16.0,1.0,0,0,0,1,24.0,1.0,0,0,0,0,23.0,1.0,0,0,0,0,32.0,4.0,0,0,0,0,4.0,2.0,1,1,1,1,23.0,4.0,0,0,0,0,37.0,4.0,0,0,0,0,16.0,2.0,0,0,0,1,21.0,4.0,0,0,0,0
124,672,672,2025,47,1,2.0,2.0,False,3,ESPINHEIRO,6.0,2.0,0,1,1,1,9.0,2.0,0,1,1,1,5.0,4.0,1,1,1,1,3.0,1.0,1,1,1,1,5.0,2.0,1,1,1,1,39.0,2.0,0,0,0,0,28.0,2.0,0,0,0,0,35.0,4.0,0,0,0,0,41.0,2.0,0,0,0,0,28.0,2.0,0,0,0,0,29.0,2.0,0,0,0,0
132,534,534,2023,13,1,1.0,1.0,False,3,AFLITOS,19.0,4.0,0,0,0,1,25.0,4.0,0,0,0,0,13.0,4.0,0,0,1,1,23.0,2.0,0,0,0,0,23.0,2.0,0,0,0,0,42.0,3.0,0,0,0,0,23.0,3.0,0,0,0,0,42.0,3.0,0,0,0,0,42.0,3.0,0,0,0,0,23.0,3.0,0,0,0,0,42.0,3.0,0,0,0,0
132,536,536,2023,15,1,1.0,1.0,False,3,AFLITOS,13.0,2.0,0,0,1,1,16.0,2.0,0,0,0,1,14.0,4.0,0,0,1,1,23.0,4.0,0,0,0,0,19.0,2.0,0,0,0,1,37.0,2.0,0,0,0,0,13.0,2.0,0,0,1,1,9.0,2.0,0,1,1,1,21.0,2.0,0,0,0,0,11.0,2.0,0,0,1,1,6.0,2.0,0,1,1,1
132,549,549,2023,28,1,1.0,1.0,False,3,AFLITOS,26.0,3.0,0,0,0,0,36.0,4.0,0,0,0,0,19.0,2.0,0,0,0,1,25.0,3.0,0,0,0,0,30.0,3.0,0,0,0,0,29.0,4.0,0,0,0,0,21.0,2.0,0,0,0,0,29.0,4.0,0,0,0,0,29.0,4.0,0,0,0,0,21.0,2.0,0,0,0,0,29.0,4.0,0,0,0,0
132,566,566,2023,45,1,1.0,1.0,False,3,AFLITOS,50.0,3.0,0,0,0,0,59.0,4.0,0,0,0,0,39.0,1.0,0,0,0,0,41.0,1.0,0,0,0,0,45.0,3.0,0,0,0,0,34.0,1.0,0,0,0,0,18.0,2.0,0,0,0,1,34.0,1.0,0,0,0,0,34.0,1.0,0,0,0,0,18.0,2.0,0,0,0,1,34.0,1.0,0,0,0,0
132,571,571,2023,50,1,1.0,1.0,False,3,AFLITOS,11.0,3.0,0,0,1,1,16.0,3.0,0,0,0,1,19.0,4.0,0,0,0,1,25.0,4.0,0,0,0,0,22.0,4.0,0,0,0,0,31.0,4.0,0,0,0,0,16.0,2.0,0,0,0,1,31.0,4.0,0,0,0,0,31.0,4.0,0,0,0,0,16.0,2.0,0,0,0,1,31.0,4.0,0,0,0,0
132,581,582,2024,8,2,2.0,1.0,False,3,AFLITOS,27.0,3.0,0,0,0,0,30.0,3.0,0,0,0,0,17.0,4.0,0,0,0,1,31.0,4.0,0,0,0,0,19.0,4.0,0,0,0,1,38.0,4.0,0,0,0,0,27.0,3.0,0,0,0,0,38.0,4.0,0,0,0,0,38.0,4.0,0,0,0,0,27.0,3.0,0,0,0,0,38.0,4.0,0,0,0,0
132,592,594,2024,19,3,3.0,1.0,False,3,AFLITOS,76.0,4.0,0,0,0,0,80.0,3.0,0,0,0,0,67.0,4.0,0,0,0,0,81.0,4.0,0,0,0,0,76.0,4.0,0,0,0,0,66.0,2.0,0,0,0,0,18.0,2.0,0,0,0,1,66.0,2.0,0,0,0,0,66.0,2.0,0,0,0,0,18.0,2.0,0,0,0,1,66.0,2.0,0,0,0,0
132,597,597,2024,24,1,2.0,2.0,True,3,AFLITOS,26.0,2.0,0,0,0,0,30.0,2.0,0,0,0,0,6.0,2.0,0,1,1,1,18.0,2.0,0,0,0,1,16.0,2.0,0,0,0,1,39.0,4.0,0,0,0,0,34.0,4.0,0,0,0,0,12.0,4.0,0,0,1,1,18.0,4.0,0,0,0,1,34.0,4.0,0,0,0,0,10.0,4.0,0,1,1,1
132,601,601,2024,28,1,1.0,1.0,True,3,AFLITOS,14.0,3.0,0,0,1,1,15.0,3.0,0,0,1,1,15.0,3.0,0,0,1,1,15.0,3.0,0,0,1,1,6.0,3.0,0,1,1,1,28.0,4.0,0,0,0,0,4.0,4.0,1,1,1,1,6.0,4.0,0,1,1,1,4.0,4.0,1,1,1,1,4.0,4.0,1,1,1,1,2.0,4.0,1,1,1,1
132,620,621,2024,47,2,2.0,1.0,False,3,AFLITOS,62.0,3.0,0,0,0,0,65.0,3.0,0,0,0,0,51.0,1.0,0,0,0,0,52.0,3.0,0,0,0,0,54.0,3.0,0,0,0,0,41.0,4.0,0,0,0,0,17.0,1.0,0,0,0,1,41.0,4.0,0,0,0,0,41.0,4.0,0,0,0,0,17.0,1.0,0,0,0,1,41.0,4.0,0,0,0,0
132,631,631,2025,6,1,1.0,1.0,False,3,AFLITOS,27.0,4.0,0,0,0,0,33.0,4.0,0,0,0,0,30.0,2.0,0,0,0,0,37.0,2.0,0,0,0,0,21.0,4.0,0,0,0,0,42.0,2.0,0,0,0,0,20.0,2.0,0,0,0,1,42.0,2.0,0,0,0,0,42.0,2.0,0,0,0,0,20.0,2.0,0,0,0,1,42.0,2.0,0,0,0,0
132,634,634,2025,9,1,1.0,1.0,False,3,AFLITOS,26.0,3.0,0,0,0,0,27.0,3.0,0,0,0,0,23.0,2.0,0,0,0,0,33.0,3.0,0,0,0,0,28.0,3.0,0,0,0,0,34.0,3.0,0,0,0,0,8.0,3.0,0,1,1,1,13.0,3.0,0,0,1,1,16.0,3.0,0,0,0,1,10.0,3.0,0,1,1,1,7.0,3.0,0,1,1,1
132,637,638,2025,12,2,2.0,1.0,False,3,AFLITOS,10.0,3.0,0,1,1,1,10.0,3.0,0,1,1,1,7.0,3.0,0,1,1,1,8.0,1.0,0,1,1,1,7.0,1.0,0,1,1,1,37.0,3.0,0,0,0,0,10.0,3.0,0,1,1,1,9.0,3.0,0,1,1,1,14.0,3.0,0,0,1,1,9.0,3.0,0,1,1,1,3.0,3.0,1,1,1,1
132,641,641,2025,16,1,1.0,1.0,True,3,AFLITOS,7.0,3.0,0,1,1,1,7.0,3.0,0,1,1,1,7.0,2.0,0,1,1,1,12.0,3.0,0,0,1,1,9.0,3.0,0,1,1,1,36.0,4.0,0,0,0,0,7.0,4.0,0,1,1,1,8.0,4.0,0,1,1,1,20.0,4.0,0,0,0,1,11.0,4.0,0,0,1,1,2.0,3.0,1,1,1,1
132,645,646,2025,20,2,2.0,1.0,True,3,AFLITOS,17.0,4.0,0,0,0,1,17.0,4.0,0,0,0,1,3.0,3.0,1,1,1,1,26.0,4.0,0,0,0,0,16.0,3.0,0,0,0,1,34.0,4.0,0,0,0,0,10.0,4.0,0,1,1,1,5.0,4.0,1,1,1,1,9.0,4.0,0,1,1,1,6.0,4.0,0,1,1,1,2.0,4.0,1,1,1,1
132,649,652,2025,24,4,4.0,1.0,True,3,AFLITOS,4.0,2.0,1,1,1,1,8.0,2.0,0,1,1,1,7.0,2.0,0,1,1,1,7.0,2.0,0,1,1,1,4.0,2.0,1,1,1,1,24.0,4.0,0,0,0,0,3.0,4.0,1,1,1,1,2.0,4.0,1,1,1,1,6.0,4.0,0,1,1,1,3.0,4.0,1,1,1,1,1.0,4.0,1,1,1,1
132,664,664,2025,39,1,1.0,1.0,False,3,AFLITOS,89.0,2.0,0,0,0,0,89.0,2.0,0,0,0,0,89.0,4.0,0,0,0,0,89.0,3.0,0,0,0,0,87.0,4.0,0,0,0,0,61.0,2.0,0,0,0,0,26.0,2.0,0,0,0,0,61.0,2.0,0,0,0,0,61.0,2.0,0,0,0,0,26.0,2.0,0,0,0,0,61.0,2.0,0,0,0,0
132,670,670,2025,45,1,1.0,1.0,False,3,AFLITOS,73.0,1.0,0,0,0,0,73.0,1.0,0,0,0,0,71.0,1.0,0,0,0,0,76.0,1.0,0,0,0,0,77.0,3.0,0,0,0,0,60.0,4.0,0,0,0,0,21.0,2.0,0,0,0,0,60.0,4.0,0,0,0,0,60.0,4.0,0,0,0,0,21.0,2.0,0,0,0,0,60.0,4.0,0,0,0,0
140,529,529,2023,8,1,1.0,1.0,False,3,DERBY,11.0,2.0,0,0,1,1,16.0,2.0,0,0,0,1,17.0,4.0,0,0,0,1,17.0,4.0,0,0,0,1,8.0,4.0,0,1,1,1,28.0,2.0,0,0,0,0,19.0,2.0,0,0,0,1,28.0,2.0,0,0,0,0,28.0,2.0,0,0,0,0,19.0,2.0,0,0,0,1,28.0,2.0,0,0,0,0
140,560,560,2023,39,1,1.0,1.0,False,3,DERBY,48.0,3.0,0,0,0,0,48.0,3.0,0,0,0,0,47.0,4.0,0,0,0,0,50.0,4.0,0,0,0,0,51.0,4.0,0,0,0,0,35.0,4.0,0,0,0,0,22.0,4.0,0,0,0,0,35.0,4.0,0,0,0,0,35.0,4.0,0,0,0,0,22.0,4.0,0,0,0,0,35.0,4.0,0,0,0,0
140,563,563,2023,42,1,1.0,1.0,False,3,DERBY,23.0,1.0,0,0,0,0,29.0,3.0,0,0,0,0,21.0,1.0,0,0,0,0,16.0,1.0,0,0,0,1,18.0,1.0,0,0,0,1,13.0,3.0,0,0,1,1,3.0,3.0,1,1,1,1,3.0,3.0,1,1,1,1,1.0,3.0,1,1,1,1,1.0,3.0,1,1,1,1,1.0,3.0,1,1,1,1
140,575,575,2024,2,1,1.0,1.0,False,3,DERBY,19.0,1.0,0,0,0,1,18.0,1.0,0,0,0,1,12.0,1.0,0,0,1,1,10.0,1.0,0,1,1,1,12.0,1.0,0,0,1,1,30.0,1.0,0,0,0,0,20.0,2.0,0,0,0,1,30.0,1.0,0,0,0,0,30.0,1.0,0,0,0,0,20.0,2.0,0,0,0,1,30.0,1.0,0,0,0,0
140,580,580,2024,7,1,1.0,1.0,False,3,DERBY,24.0,4.0,0,0,0,0,18.0,4.0,0,0,0,1,9.0,3.0,0,1,1,1,13.0,4.0,0,0,1,1,9.0,4.0,0,1,1,1,34.0,4.0,0,0,0,0,28.0,2.0,0,0,0,0,34.0,4.0,0,0,0,0,34.0,4.0,0,0,0,0,28.0,2.0,0,0,0,0,34.0,4.0,0,0,0,0
140,582,583,2024,9,2,2.0,1.0,False,3,DERBY,17.0,2.0,0,0,0,1,13.0,2.0,0,0,1,1,13.0,1.0,0,0,1,1,15.0,4.0,0,0,1,1,9.0,4.0,0,1,1,1,32.0,2.0,0,0,0,0,8.0,2.0,0,1,1,1,7.0,2.0,0,1,1,1,2.0,2.0,1,1,1,1,2.0,2.0,1,1,1,1,5.0,2.0,1,1,1,1
140,588,588,2024,15,1,1.0,1.0,False,3,DERBY,5.0,4.0,1,1,1,1,4.0,4.0,1,1,1,1,2.0,4.0,1,1,1,1,2.0,4.0,1,1,1,1,2.0,4.0,1,1,1,1,73.0,2.0,0,0,0,0,23.0,2.0,0,0,0,0,73.0,2.0,0,0,0,0,73.0,2.0,0,0,0,0,23.0,2.0,0,0,0,0,73.0,2.0,0,0,0,0
140,597,597,2024,24,1,1.0,1.0,False,3,DERBY,69.0,2.0,0,0,0,0,75.0,4.0,0,0,0,0,64.0,4.0,0,0,0,0,71.0,4.0,0,0,0,0,71.0,4.0,0,0,0,0,56.0,2.0,0,0,0,0,27.0,2.0,0,0,0,0,56.0,2.0,0,0,0,0,56.0,2.0,0,0,0,0,27.0,2.0,0,0,0,0,56.0,2.0,0,0,0,0
140,599,599,2024,26,1,1.0,1.0,False,3,DERBY,60.0,1.0,0,0,0,0,63.0,2.0,0,0,0,0,64.0,4.0,0,0,0,0,58.0,1.0,0,0,0,0,57.0,1.0,0,0,0,0,40.0,2.0,0,0,0,0,11.0,2.0,0,0,1,1,19.0,2.0,0,0,0,1,2.0,2.0,1,1,1,1,2.0,2.0,1,1,1,1,4.0,2.0,1,1,1,1
140,609,609,2024,36,1,1.0,1.0,False,3,DERBY,58.0,4.0,0,0,0,0,62.0,4.0,0,0,0,0,47.0,3.0,0,0,0,0,51.0,4.0,0,0,0,0,52.0,3.0,0,0,0,0,45.0,4.0,0,0,0,0,29.0,4.0,0,0,0,0,45.0,4.0,0,0,0,0,45.0,4.0,0,0,0,0,29.0,4.0,0,0,0,0,45.0,4.0,0,0,0,0
140,611,611,2024,38,1,1.0,1.0,False,3,DERBY,37.0,1.0,0,0,0,0,44.0,1.0,0,0,0,0,30.0,1.0,0,0,0,0,32.0,1.0,0,0,0,0,32.0,1.0,0,0,0,0,27.0,2.0,0,0,0,0,5.0,2.0,1,1,1,1,2.0,2.0,1,1,1,1,1.0,2.0,1,1,1,1,1.0,2.0,1,1,1,1,1.0,2.0,1,1,1,1
140,613,613,2024,40,1,1.0,1.0,True,3,DERBY,15.0,2.0,0,0,1,1,21.0,1.0,0,0,0,0,15.0,1.0,0,0,1,1,17.0,1.0,0,0,0,1,18.0,1.0,0,0,0,1,14.0,2.0,0,0,1,1,4.0,2.0,1,1,1,1,2.0,4.0,1,1,1,1,1.0,4.0,1,1,1,1,1.0,4.0,1,1,1,1,1.0,4.0,1,1,1,1
140,622,622,2024,49,1,1.0,1.0,False,3,DERBY,18.0,4.0,0,0,0,1,15.0,4.0,0,0,1,1,13.0,4.0,0,0,1,1,13.0,4.0,0,0,1,1,15.0,4.0,0,0,1,1,48.0,3.0,0,0,0,0,18.0,3.0,0,0,0,1,48.0,3.0,0,0,0,0,48.0,3.0,0,0,0,0,18.0,3.0,0,0,0,1,48.0,3.0,0,0,0,0
140,630,631,2025,5,2,2.0,1.0,False,3,DERBY,28.0,1.0,0,0,0,0,24.0,4.0,0,0,0,0,13.0,4.0,0,0,1,1,27.0,4.0,0,0,0,0,21.0,4.0,0,0,0,0,35.0,4.0,0,0,0,0,21.0,1.0,0,0,0,0,35.0,4.0,0,0,0,0,35.0,4.0,0,0,0,0,21.0,1.0,0,0,0,0,35.0,4.0,0,0,0,0
140,644,644,2025,19,1,1.0,1.0,False,3,DERBY,32.0,3.0,0,0,0,0,41.0,3.0,0,0,0,0,36.0,3.0,0,0,0,0,39.0,3.0,0,0,0,0,42.0,2.0,0,0,0,0,52.0,1.0,0,0,0,0,19.0,1.0,0,0,0,1,52.0,1.0,0,0,0,0,52.0,1.0,0,0,0,0,19.0,1.0,0,0,0,1,52.0,1.0,0,0,0,0
140,646,646,2025,21,1,1.0,1.0,False,3,DERBY,18.0,1.0,0,0,0,1,25.0,1.0,0,0,0,0,15.0,1.0,0,0,1,1,18.0,1.0,0,0,0,1,23.0,1.0,0,0,0,0,35.0,2.0,0,0,0,0,10.0,2.0,0,1,1,1,3.0,2.0,1,1,1,1,2.0,2.0,1,1,1,1,2.0,2.0,1,1,1,1,1.0,2.0,1,1,1,1
140,667,668,2025,42,2,3.0,2.0,False,3,DERBY,81.0,3.0,0,0,0,0,83.0,3.0,0,0,0,0,85.0,3.0,0,0,0,0,86.0,3.0,0,0,0,0,85.0,3.0,0,0,0,0,61.0,1.0,0,0,0,0,24.0,2.0,0,0,0,0,61.0,1.0,0,0,0,0,61.0,1.0,0,0,0,0,24.0,2.0,0,0,0,0,61.0,1.0,0,0,0,0
140,672,672,2025,47,1,1.0,1.0,True,3,DERBY,12.0,3.0,0,0,1,1,11.0,1.0,0,0,1,1,4.0,1.0,1,1,1,1,2.0,1.0,1,1,1,1,4.0,1.0,1,1,1,1,25.0,4.0,0,0,0,0,13.0,4.0,0,0,1,1,1.0,4.0,1,1,1,1,1.0,4.0,1,1,1,1,2.0,4.0,1,1,1,1,1.0,4.0,1,1,1,1
159,585,585,2024,12,1,2.0,2.0,False,3,JAQUEIRA,32.0,4.0,0,0,0,0,41.0,4.0,0,0,0,0,45.0,4.0,0,0,0,0,42.0,4.0,0,0,0,0,45.0,4.0,0,0,0,0,79.0,4.0,0,0,0,0,37.0,2.0,0,0,0,0,79.0,4.0,0,0,0,0,79.0,4.0,0,0,0,0,37.0,2.0,0,0,0,0,79.0,4.0,0,0,0,0
159,598,598,2024,25,1,1.0,1.0,False,3,JAQUEIRA,78.0,3.0,0,0,0,0,83.0,4.0,0,0,0,0,72.0,1.0,0,0,0,0,81.0,3.0,0,0,0,0,86.0,4.0,0,0,0,0,57.0,3.0,0,0,0,0,28.0,3.0,0,0,0,0,57.0,3.0,0,0,0,0,57.0,3.0,0,0,0,0,28.0,3.0,0,0,0,0,57.0,3.0,0,0,0,0
159,620,621,2024,47,2,2.0,1.0,False,3,JAQUEIRA,54.0,2.0,0,0,0,0,55.0,2.0,0,0,0,0,50.0,2.0,0,0,0,0,51.0,2.0,0,0,0,0,54.0,2.0,0,0,0,0,43.0,4.0,0,0,0,0,19.0,1.0,0,0,0,1,43.0,4.0,0,0,0,0,43.0,4.0,0,0,0,0,19.0,1.0,0,0,0,1,43.0,4.0,0,0,0,0
159,637,637,2025,12,1,2.0,2.0,False,3,JAQUEIRA,14.0,2.0,0,0,1,1,15.0,2.0,0,0,1,1,22.0,1.0,0,0,0,0,20.0,1.0,0,0,0,1,19.0,2.0,0,0,0,1,41.0,2.0,0,0,0,0,11.0,2.0,0,0,1,1,41.0,2.0,0,0,0,0,41.0,2.0,0,0,0,0,11.0,2.0,0,0,1,1,41.0,2.0,0,0,0,0
159,640,640,2025,15,1,1.0,1.0,False,3,JAQUEIRA,1.0,2.0,1,1,1,1,2.0,2.0,1,1,1,1,8.0,2.0,0,1,1,1,5.0,2.0,1,1,1,1,4.0,2.0,1,1,1,1,20.0,3.0,0,0,0,1,2.0,3.0,1,1,1,1,1.0,3.0,1,1,1,1,2.0,3.0,1,1,1,1,2.0,3.0,1,1,1,1,1.0,3.0,1,1,1,1
159,648,648,2025,23,1,1.0,1.0,False,3,JAQUEIRA,32.0,4.0,0,0,0,0,39.0,4.0,0,0,0,0,30.0,4.0,0,0,0,0,30.0,4.0,0,0,0,0,33.0,4.0,0,0,0,0,48.0,3.0,0,0,0,0,17.0,3.0,0,0,0,1,48.0,3.0,0,0,0,0,48.0,3.0,0,0,0,0,17.0,3.0,0,0,0,1,48.0,3.0,0,0,0,0
159,652,652,2025,27,1,1.0,1.0,True,3,JAQUEIRA,47.0,4.0,0,0,0,0,52.0,4.0,0,0,0,0,17.0,3.0,0,0,0,1,51.0,4.0,0,0,0,0,58.0,3.0,0,0,0,0,43.0,4.0,0,0,0,0,18.0,4.0,0,0,0,1,6.0,4.0,0,1,1,1,2.0,4.0,1,1,1,1,2.0,4.0,1,1,1,1,1.0,4.0,1,1,1,1
159,657,657,2025,32,1,1.0,1.0,False,3,JAQUEIRA,43.0,3.0,0,0,0,0,56.0,4.0,0,0,0,0,32.0,3.0,0,0,0,0,47.0,3.0,0,0,0,0,53.0,3.0,0,0,0,0,63.0,4.0,0,0,0,0,32.0,1.0,0,0,0,0,63.0,4.0,0,0,0,0,63.0,4.0,0,0,0,0,32.0,1.0,0,0,0,0,63.0,4.0,0,0,0,0
159,661,661,2025,36,1,1.0,1.0,True,3,JAQUEIRA,60.0,4.0,0,0,0,0,59.0,4.0,0,0,0,0,24.0,3.0,0,0,0,0,62.0,4.0,0,0,0,0,61.0,3.0,0,0,0,0,50.0,4.0,0,0,0,0,10.0,4.0,0,1,1,1,17.0,4.0,0,0,0,1,7.0,4.0,0,1,1,1,5.0,4.0,1,1,1,1,1.0,4.0,1,1,1,1
159,664,664,2025,39,1,1.0,1.0,False,3,JAQUEIRA,73.0,3.0,0,0,0,0,71.0,3.0,0,0,0,0,45.0,2.0,0,0,0,0,77.0,3.0,0,0,0,0,72.0,1.0,0,0,0,0,48.0,3.0,0,0,0,0,7.0,3.0,0,1,1,1,21.0,3.0,0,0,0,0,6.0,3.0,0,1,1,1,2.0,3.0,1,1,1,1,1.0,3.0,1,1,1,1
159,671,671,2025,46,1,1.0,1.0,False,3,JAQUEIRA,66.0,1.0,0,0,0,0,64.0,1.0,0,0,0,0,31.0,1.0,0,0,0,0,45.0,1.0,0,0,0,0,46.0,1.0,0,0,0,0,63.0,1.0,0,0,0,0,22.0,3.0,0,0,0,0,63.0,1.0,0,0,0,0,63.0,1.0,0,0,0,0,22.0,3.0,0,0,0,0,63.0,1.0,0,0,0,0
167,549,549,2023,28,1,3.0,3.0,False,3,GRACAS,54.0,2.0,0,0,0,0,51.0,2.0,0,0,0,0,46.0,2.0,0,0,0,0,23.0,2.0,0,0,0,0,30.0,2.0,0,0,0,0,14.0,2.0,0,0,1,1,5.0,2.0,1,1,1,1,7.0,2.0,0,1,1,1,16.0,2.0,0,0,0,1,10.0,2.0,0,1,1,1,5.0,2.0,1,1,1,1
167,554,554,2023,33,1,2.0,2.0,False,3,GRACAS,55.0,4.0,0,0,0,0,50.0,4.0,0,0,0,0,43.0,3.0,0,0,0,0,51.0,4.0,0,0,0,0,45.0,4.0,0,0,0,0,34.0,3.0,0,0,0,0,21.0,3.0,0,0,0,0,34.0,3.0,0,0,0,0,34.0,3.0,0,0,0,0,21.0,3.0,0,0,0,0,34.0,3.0,0,0,0,0
167,558,558,2023,37,1,1.0,1.0,True,3,GRACAS,6.0,3.0,0,1,1,1,5.0,3.0,1,1,1,1,11.0,3.0,0,0,1,1,8.0,3.0,0,1,1,1,10.0,3.0,0,1,1,1,13.0,4.0,0,0,1,1,2.0,4.0,1,1,1,1,9.0,3.0,0,1,1,1,21.0,4.0,0,0,0,0,14.0,4.0,0,0,1,1,7.0,4.0,0,1,1,1
167,569,572,2023,48,4,4.0,1.0,False,3,GRACAS,21.0,1.0,0,0,0,0,28.0,1.0,0,0,0,0,25.0,4.0,0,0,0,0,38.0,4.0,0,0,0,0,41.0,4.0,0,0,0,0,15.0,4.0,0,0,1,1,8.0,4.0,0,1,1,1,11.0,4.0,0,0,1,1,22.0,4.0,0,0,0,0,15.0,4.0,0,0,1,1,9.0,4.0,0,1,1,1
167,574,574,2024,1,1,2.0,2.0,True,3,GRACAS,5.0,3.0,1,1,1,1,4.0,3.0,1,1,1,1,3.0,2.0,1,1,1,1,8.0,3.0,0,1,1,1,14.0,3.0,0,0,1,1,12.0,4.0,0,0,1,1,24.0,4.0,0,0,0,0,8.0,3.0,0,1,1,1,21.0,4.0,0,0,0,0,24.0,4.0,0,0,0,0,8.0,4.0,0,1,1,1
167,579,580,2024,6,2,6.0,3.0,False,3,GRACAS,21.0,3.0,0,0,0,0,21.0,3.0,0,0,0,0,24.0,1.0,0,0,0,0,20.0,4.0,0,0,0,1,19.0,4.0,0,0,0,1,36.0,3.0,0,0,0,0,22.0,3.0,0,0,0,0,36.0,3.0,0,0,0,0,36.0,3.0,0,0,0,0,22.0,3.0,0,0,0,0,36.0,3.0,0,0,0,0
167,585,586,2024,12,2,11.0,7.0,False,3,GRACAS,4.0,4.0,1,1,1,1,2.0,4.0,1,1,1,1,1.0,4.0,1,1,1,1,1.0,4.0,1,1,1,1,2.0,4.0,1,1,1,1,44.0,4.0,0,0,0,0,10.0,1.0,0,1,1,1,34.0,4.0,0,0,0,0,68.0,4.0,0,0,0,0,50.0,1.0,0,0,0,0,32.0,4.0,0,0,0,0
167,589,589,2024,16,1,4.0,4.0,True,3,GRACAS,22.0,2.0,0,0,0,0,15.0,1.0,0,0,1,1,11.0,2.0,0,0,1,1,12.0,2.0,0,0,1,1,18.0,2.0,0,0,0,1,26.0,4.0,0,0,0,0,2.0,4.0,1,1,1,1,8.0,4.0,0,1,1,1,41.0,4.0,0,0,0,0,7.0,4.0,0,1,1,1,8.0,4.0,0,1,1,1
167,594,594,2024,21,1,3.0,3.0,False,3,GRACAS,7.0,2.0,0,1,1,1,14.0,3.0,0,0,1,1,2.0,4.0,1,1,1,1,7.0,4.0,0,1,1,1,4.0,2.0,1,1,1,1,34.0,3.0,0,0,0,0,35.0,3.0,0,0,0,0,29.0,3.0,0,0,0,0,55.0,4.0,0,0,0,0,35.0,3.0,0,0,0,0,31.0,3.0,0,0,0,0
167,600,600,2024,27,1,4.0,4.0,False,3,GRACAS,23.0,2.0,0,0,0,0,22.0,2.0,0,0,0,0,11.0,2.0,0,0,1,1,16.0,2.0,0,0,0,1,16.0,2.0,0,0,0,1,29.0,3.0,0,0,0,0,27.0,3.0,0,0,0,0,20.0,3.0,0,0,0,1,44.0,2.0,0,0,0,0,32.0,3.0,0,0,0,0,23.0,3.0,0,0,0,0
167,604,604,2024,31,1,2.0,2.0,True,3,GRACAS,11.0,3.0,0,0,1,1,5.0,3.0,1,1,1,1,5.0,3.0,1,1,1,1,5.0,3.0,1,1,1,1,4.0,3.0,1,1,1,1,10.0,4.0,0,1,1,1,1.0,4.0,1,1,1,1,2.0,4.0,1,1,1,1,16.0,4.0,0,0,0,1,4.0,4.0,1,1,1,1,1.0,4.0,1,1,1,1
167,608,608,2024,35,1,2.0,2.0,True,3,GRACAS,24.0,3.0,0,0,0,0,19.0,3.0,0,0,0,1,23.0,3.0,0,0,0,0,27.0,4.0,0,0,0,0,21.0,3.0,0,0,0,0,17.0,4.0,0,0,0,1,6.0,4.0,0,1,1,1,9.0,4.0,0,1,1,1,24.0,4.0,0,0,0,0,15.0,4.0,0,0,1,1,7.0,4.0,0,1,1,1
167,618,618,2024,45,1,3.0,3.0,False,3,GRACAS,23.0,1.0,0,0,0,0,29.0,1.0,0,0,0,0,26.0,1.0,0,0,0,0,27.0,1.0,0,0,0,0,38.0,1.0,0,0,0,0,19.0,2.0,0,0,0,1,4.0,2.0,1,1,1,1,12.0,2.0,0,0,1,1,27.0,2.0,0,0,0,0,16.0,2.0,0,0,0,1,13.0,2.0,0,0,1,1
167,625,625,2024,52,1,2.0,2.0,False,3,GRACAS,15.0,4.0,0,0,1,1,13.0,2.0,0,0,1,1,5.0,2.0,1,1,1,1,15.0,2.0,0,0,1,1,22.0,4.0,0,0,0,0,18.0,2.0,0,0,0,1,7.0,4.0,0,1,1,1,15.0,2.0,0,0,1,1,31.0,2.0,0,0,0,0,17.0,4.0,0,0,0,1,16.0,4.0,0,0,0,1
167,629,629,2025,4,1,3.0,3.0,True,3,GRACAS,7.0,2.0,0,1,1,1,12.0,2.0,0,0,1,1,9.0,2.0,0,1,1,1,13.0,2.0,0,0,1,1,10.0,1.0,0,1,1,1,9.0,4.0,0,1,1,1,1.0,4.0,1,1,1,1,5.0,4.0,1,1,1,1,16.0,4.0,0,0,0,1,9.0,4.0,0,1,1,1,4.0,4.0,1,1,1,1
167,659,659,2025,34,1,2.0,2.0,False,3,GRACAS,48.0,1.0,0,0,0,0,45.0,1.0,0,0,0,0,48.0,1.0,0,0,0,0,59.0,1.0,0,0,0,0,56.0,1.0,0,0,0,0,49.0,4.0,0,0,0,0,11.0,2.0,0,0,1,1,50.0,4.0,0,0,0,0,61.0,4.0,0,0,0,0,36.0,2.0,0,0,0,0,47.0,4.0,0,0,0,0
167,661,662,2025,36,2,4.0,2.0,False,3,GRACAS,41.0,2.0,0,0,0,0,44.0,2.0,0,0,0,0,45.0,2.0,0,0,0,0,39.0,2.0,0,0,0,0,38.0,2.0,0,0,0,0,39.0,2.0,0,0,0,0,11.0,4.0,0,0,1,1,30.0,2.0,0,0,0,0,56.0,2.0,0,0,0,0,26.0,2.0,0,0,0,0,20.0,2.0,0,0,0,1
167,668,669,2025,43,2,4.0,2.0,False,3,GRACAS,64.0,4.0,0,0,0,0,49.0,4.0,0,0,0,0,57.0,4.0,0,0,0,0,70.0,4.0,0,0,0,0,64.0,4.0,0,0,0,0,63.0,2.0,0,0,0,0,25.0,3.0,0,0,0,0,63.0,2.0,0,0,0,0,63.0,2.0,0,0,0,0,25.0,3.0,0,0,0,0,63.0,2.0,0,0,0,0
175,607,607,2024,34,1,3.0,3.0,False,2,ENCRUZILHADA,22.0,1.0,0,0,0,0,24.0,1.0,0,0,0,0,31.0,1.0,0,0,0,0,30.0,1.0,0,0,0,0,29.0,1.0,0,0,0,0,18.0,3.0,0,0,0,1,6.0,1.0,0,1,1,1,10.0,3.0,0,1,1,1,17.0,3.0,0,0,0,1,12.0,1.0,0,0,1,1,9.0,3.0,0,1,1,1
175,624,624,2024,51,1,3.0,3.0,False,2,ENCRUZILHADA,49.0,1.0,0,0,0,0,55.0,1.0,0,0,0,0,49.0,1.0,0,0,0,0,52.0,1.0,0,0,0,0,59.0,1.0,0,0,0,0,19.0,1.0,0,0,0,1,7.0,1.0,0,1,1,1,16.0,1.0,0,0,0,1,26.0,1.0,0,0,0,0,15.0,1.0,0,0,1,1,20.0,1.0,0,0,0,1
175,657,657,2025,32,1,3.0,3.0,False,2,ENCRUZILHADA,44.0,2.0,0,0,0,0,47.0,4.0,0,0,0,0,58.0,4.0,0,0,0,0,61.0,1.0,0,0,0,0,68.0,2.0,0,0,0,0,43.0,4.0,0,0,0,0,33.0,1.0,0,0,0,0,31.0,4.0,0,0,0,0,52.0,4.0,0,0,0,0,33.0,1.0,0,0,0,0,42.0,4.0,0,0,0,0
175,665,665,2025,40,1,2.0,2.0,False,2,ENCRUZILHADA,37.0,4.0,0,0,0,0,37.0,3.0,0,0,0,0,21.0,3.0,0,0,0,0,21.0,1.0,0,0,0,0,22.0,3.0,0,0,0,0,32.0,3.0,0,0,0,0,16.0,1.0,0,0,0,1,32.0,3.0,0,0,0,0,38.0,3.0,0,0,0,0,29.0,3.0,0,0,0,0,40.0,3.0,0,0,0,0
175,675,675,2025,50,1,2.0,2.0,False,2,ENCRUZILHADA,65.0,4.0,0,0,0,0,73.0,4.0,0,0,0,0,76.0,4.0,0,0,0,0,74.0,4.0,0,0,0,0,76.0,3.0,0,0,0,0,41.0,3.0,0,0,0,0,11.0,3.0,0,0,1,1,47.0,3.0,0,0,0,0,51.0,3.0,0,0,0,0,27.0,3.0,0,0,0,0,52.0,3.0,0,0,0,0
183,591,591,2024,18,1,5.0,5.0,False,2,ROSARINHO,46.0,3.0,0,0,0,0,45.0,3.0,0,0,0,0,59.0,3.0,0,0,0,0,63.0,1.0,0,0,0,0,21.0,1.0,0,0,0,0,60.0,2.0,0,0,0,0,18.0,3.0,0,0,0,1,58.0,2.0,0,0,0,0,64.0,2.0,0,0,0,0,29.0,2.0,0,0,0,0,69.0,2.0,0,0,0,0
183,620,620,2024,47,1,2.0,2.0,False,2,ROSARINHO,59.0,4.0,0,0,0,0,61.0,4.0,0,0,0,0,59.0,2.0,0,0,0,0,56.0,3.0,0,0,0,0,54.0,4.0,0,0,0,0,45.0,4.0,0,0,0,0,21.0,1.0,0,0,0,0,45.0,4.0,0,0,0,0,45.0,4.0,0,0,0,0,21.0,1.0,0,0,0,0,45.0,4.0,0,0,0,0
183,623,623,2024,50,1,1.0,1.0,False,2,ROSARINHO,16.0,1.0,0,0,0,1,31.0,1.0,0,0,0,0,33.0,1.0,0,0,0,0,30.0,1.0,0,0,0,0,33.0,1.0,0,0,0,0,16.0,3.0,0,0,0,1,5.0,3.0,1,1,1,1,1.0,3.0,1,1,1,1,5.0,3.0,1,1,1,1,4.0,3.0,1,1,1,1,3.0,3.0,1,1,1,1
183,662,662,2025,37,1,2.0,2.0,False,2,ROSARINHO,65.0,3.0,0,0,0,0,56.0,4.0,0,0,0,0,73.0,3.0,0,0,0,0,76.0,4.0,0,0,0,0,72.0,4.0,0,0,0,0,66.0,1.0,0,0,0,0,32.0,1.0,0,0,0,0,66.0,1.0,0,0,0,0,66.0,1.0,0,0,0,0,32.0,1.0,0,0,0,0,66.0,1.0,0,0,0,0
183,664,665,2025,39,2,3.0,2.0,False,2,ROSARINHO,75.0,4.0,0,0,0,0,78.0,3.0,0,0,0,0,77.0,3.0,0,0,0,0,82.0,3.0,0,0,0,0,78.0,4.0,0,0,0,0,33.0,2.0,0,0,0,0,2.0,2.0,1,1,1,1,15.0,2.0,0,0,1,1,18.0,2.0,0,0,0,1,6.0,2.0,0,1,1,1,20.0,2.0,0,0,0,1
183,668,669,2025,43,2,2.0,1.0,True,2,ROSARINHO,16.0,2.0,0,0,0,1,39.0,2.0,0,0,0,0,29.0,1.0,0,0,0,0,27.0,2.0,0,0,0,0,13.0,1.0,0,0,1,1,36.0,4.0,0,0,0,0,4.0,4.0,1,1,1,1,24.0,4.0,0,0,0,0,29.0,4.0,0,0,0,0,13.0,4.0,0,0,1,1,6.0,3.0,0,1,1,1
183,671,672,2025,46,2,4.0,2.0,False,2,ROSARINHO,8.0,1.0,0,1,1,1,17.0,1.0,0,0,0,1,27.0,2.0,0,0,0,0,14.0,2.0,0,0,1,1,9.0,1.0,0,1,1,1,43.0,2.0,0,0,0,0,5.0,3.0,1,1,1,1,9.0,3.0,0,1,1,1,33.0,3.0,0,0,0,0,14.0,3.0,0,0,1,1,2.0,2.0,1,1,1,1
183,675,675,2025,50,1,1.0,1.0,True,2,ROSARINHO,6.0,1.0,0,1,1,1,7.0,1.0,0,1,1,1,13.0,1.0,0,0,1,1,9.0,1.0,0,1,1,1,5.0,1.0,1,1,1,1,22.0,3.0,0,0,0,0,3.0,4.0,1,1,1,1,6.0,4.0,0,1,1,1,9.0,4.0,0,1,1,1,4.0,4.0,1,1,1,1,5.0,4.0,1,1,1,1
19,548,549,2023,27,2,2.0,1.0,False,1,RECIFE,12.0,3.0,0,0,1,1,17.0,1.0,0,0,0,1,31.0,1.0,0,0,0,0,24.0,1.0,0,0,0,0,26.0,1.0,0,0,0,0,34.0,4.0,0,0,0,0,20.0,4.0,0,0,0,1,34.0,4.0,0,0,0,0,34.0,4.0,0,0,0,0,20.0,4.0,0,0,0,1,34.0,4.0,0,0,0,0
19,561,561,2023,40,1,1.0,1.0,False,1,RECIFE,45.0,1.0,0,0,0,0,38.0,1.0,0,0,0,0,57.0,1.0,0,0,0,0,52.0,1.0,0,0,0,0,43.0,1.0,0,0,0,0,39.0,1.0,0,0,0,0,28.0,2.0,0,0,0,0,39.0,1.0,0,0,0,0,39.0,1.0,0,0,0,0,28.0,2.0,0,0,0,0,39.0,1.0,0,0,0,0
19,563,563,2023,42,1,1.0,1.0,False,1,RECIFE,16.0,2.0,0,0,0,1,14.0,2.0,0,0,1,1,25.0,2.0,0,0,0,0,24.0,2.0,0,0,0,0,21.0,1.0,0,0,0,0,20.0,2.0,0,0,0,1,11.0,2.0,0,0,1,1,2.0,2.0,1,1,1,1,2.0,2.0,1,1,1,1,2.0,2.0,1,1,1,1,2.0,2.0,1,1,1,1
19,565,565,2023,44,1,1.0,1.0,True,1,RECIFE,6.0,2.0,0,1,1,1,10.0,2.0,0,1,1,1,13.0,1.0,0,0,1,1,15.0,2.0,0,0,1,1,11.0,1.0,0,0,1,1,20.0,4.0,0,0,0,1,11.0,4.0,0,0,1,1,2.0,4.0,1,1,1,1,1.0,2.0,1,1,1,1,1.0,2.0,1,1,1,1,2.0,4.0,1,1,1,1
19,582,582,2024,9,1,2.0,2.0,False,1,RECIFE,21.0,2.0,0,0,0,0,22.0,2.0,0,0,0,0,27.0,3.0,0,0,0,0,23.0,1.0,0,0,0,0,20.0,3.0,0,0,0,1,33.0,2.0,0,0,0,0,9.0,2.0,0,1,1,1,16.0,2.0,0,0,0,1,1.0,2.0,1,1,1,1,1.0,2.0,1,1,1,1,11.0,2.0,0,0,1,1
19,584,584,2024,11,1,2.0,2.0,False,1,RECIFE,21.0,4.0,0,0,0,0,22.0,4.0,0,0,0,0,41.0,3.0,0,0,0,0,23.0,3.0,0,0,0,0,23.0,3.0,0,0,0,0,33.0,4.0,0,0,0,0,6.0,2.0,0,1,1,1,16.0,4.0,0,0,0,1,1.0,4.0,1,1,1,1,1.0,4.0,1,1,1,1,11.0,4.0,0,0,1,1
19,589,589,2024,16,1,1.0,1.0,False,1,RECIFE,57.0,4.0,0,0,0,0,41.0,4.0,0,0,0,0,70.0,2.0,0,0,0,0,37.0,4.0,0,0,0,0,49.0,4.0,0,0,0,0,63.0,3.0,0,0,0,0,6.0,3.0,0,1,1,1,47.0,3.0,0,0,0,0,2.0,3.0,1,1,1,1,1.0,3.0,1,1,1,1,39.0,3.0,0,0,0,0
19,599,599,2024,26,1,1.0,1.0,False,1,RECIFE,37.0,4.0,0,0,0,0,42.0,1.0,0,0,0,0,35.0,3.0,0,0,0,0,14.0,3.0,0,0,1,1,16.0,3.0,0,0,0,1,39.0,4.0,0,0,0,0,4.0,4.0,1,1,1,1,29.0,4.0,0,0,0,0,1.0,4.0,1,1,1,1,1.0,4.0,1,1,1,1,22.0,4.0,0,0,0,0
19,608,608,2024,35,1,2.0,2.0,False,1,RECIFE,53.0,2.0,0,0,0,0,52.0,2.0,0,0,0,0,20.0,2.0,0,0,0,1,38.0,2.0,0,0,0,0,28.0,2.0,0,0,0,0,48.0,3.0,0,0,0,0,30.0,4.0,0,0,0,0,48.0,3.0,0,0,0,0,48.0,3.0,0,0,0,0,30.0,4.0,0,0,0,0,48.0,3.0,0,0,0,0
19,612,612,2024,39,1,1.0,1.0,True,1,RECIFE,12.0,3.0,0,0,1,1,11.0,3.0,0,0,1,1,4.0,3.0,1,1,1,1,15.0,3.0,0,0,1,1,19.0,3.0,0,0,0,1,23.0,4.0,0,0,0,0,7.0,4.0,0,1,1,1,3.0,4.0,1,1,1,1,1.0,4.0,1,1,1,1,1.0,4.0,1,1,1,1,3.0,4.0,1,1,1,1
19,622,622,2024,49,1,1.0,1.0,False,1,RECIFE,40.0,3.0,0,0,0,0,34.0,3.0,0,0,0,0,12.0,3.0,0,0,1,1,34.0,4.0,0,0,0,0,23.0,3.0,0,0,0,0,52.0,2.0,0,0,0,0,22.0,3.0,0,0,0,0,52.0,2.0,0,0,0,0,52.0,2.0,0,0,0,0,22.0,3.0,0,0,0,0,52.0,2.0,0,0,0,0
19,652,652,2025,27,1,1.0,1.0,False,1,RECIFE,48.0,4.0,0,0,0,0,58.0,4.0,0,0,0,0,55.0,2.0,0,0,0,0,60.0,4.0,0,0,0,0,62.0,4.0,0,0,0,0,57.0,1.0,0,0,0,0,24.0,1.0,0,0,0,0,57.0,1.0,0,0,0,0,57.0,1.0,0,0,0,0,24.0,1.0,0,0,0,0,57.0,1.0,0,0,0,0
19,657,658,2025,32,2,3.0,2.0,False,1,RECIFE,56.0,3.0,0,0,0,0,49.0,4.0,0,0,0,0,33.0,4.0,0,0,0,0,24.0,4.0,0,0,0,0,37.0,3.0,0,0,0,0,65.0,4.0,0,0,0,0,35.0,1.0,0,0,0,0,65.0,4.0,0,0,0,0,65.0,4.0,0,0,0,0,35.0,1.0,0,0,0,0,65.0,4.0,0,0,0,0
19,662,663,2025,37,2,2.0,1.0,True,1,RECIFE,4.0,4.0,1,1,1,1,8.0,3.0,0,1,1,1,12.0,1.0,0,0,1,1,4.0,3.0,1,1,1,1,10.0,3.0,0,1,1,1,59.0,4.0,0,0,0,0,33.0,1.0,0,0,0,0,55.0,4.0,0,0,0,0,2.0,4.0,1,1,1,1,33.0,1.0,0,0,0,0,34.0,4.0,0,0,0,0
19,669,669,2025,44,1,1.0,1.0,False,1,RECIFE,30.0,4.0,0,0,0,0,31.0,4.0,0,0,0,0,35.0,4.0,0,0,0,0,31.0,4.0,0,0,0,0,27.0,2.0,0,0,0,0,65.0,3.0,0,0,0,0,24.0,1.0,0,0,0,0,65.0,3.0,0,0,0,0,65.0,3.0,0,0,0,0,24.0,1.0,0,0,0,0,65.0,3.0,0,0,0,0
19,672,672,2025,47,1,2.0,2.0,False,1,RECIFE,17.0,2.0,0,0,0,1,18.0,2.0,0,0,0,1,6.0,1.0,0,1,1,1,21.0,2.0,0,0,0,0,19.0,2.0,0,0,0,1,44.0,3.0,0,0,0,0,7.0,3.0,0,1,1,1,38.0,3.0,0,0,0,0,1.0,3.0,1,1,1,1,1.0,3.0,1,1,1,1,20.0,3.0,0,0,0,1
191,588,588,2024,15,1,5.0,5.0,False,3,TAMARINEIRA,24.0,1.0,0,0,0,0,20.0,1.0,0,0,0,1,15.0,1.0,0,0,1,1,18.0,1.0,0,0,0,1,24.0,1.0,0,0,0,0,35.0,2.0,0,0,0,0,16.0,2.0,0,0,0,1,48.0,2.0,0,0,0,0,38.0,2.0,0,0,0,0,16.0,2.0,0,0,0,1,48.0,2.0,0,0,0,0
191,597,597,2024,24,1,3.0,3.0,False,3,TAMARINEIRA,76.0,3.0,0,0,0,0,78.0,3.0,0,0,0,0,72.0,2.0,0,0,0,0,73.0,2.0,0,0,0,0,77.0,2.0,0,0,0,0,40.0,2.0,0,0,0,0,5.0,2.0,1,1,1,1,49.0,2.0,0,0,0,0,47.0,2.0,0,0,0,0,19.0,2.0,0,0,0,1,49.0,2.0,0,0,0,0
191,600,600,2024,27,1,3.0,3.0,False,3,TAMARINEIRA,63.0,1.0,0,0,0,0,69.0,1.0,0,0,0,0,59.0,2.0,0,0,0,0,58.0,1.0,0,0,0,0,66.0,1.0,0,0,0,0,22.0,3.0,0,0,0,0,8.0,1.0,0,1,1,1,13.0,3.0,0,0,1,1,19.0,3.0,0,0,0,1,15.0,3.0,0,0,1,1,12.0,3.0,0,0,1,1
191,607,607,2024,34,1,2.0,2.0,False,3,TAMARINEIRA,21.0,3.0,0,0,0,0,17.0,3.0,0,0,0,1,19.0,3.0,0,0,0,1,16.0,1.0,0,0,0,1,14.0,1.0,0,0,1,1,15.0,2.0,0,0,1,1,21.0,2.0,0,0,0,0,10.0,2.0,0,1,1,1,9.0,2.0,0,1,1,1,17.0,2.0,0,0,0,1,14.0,2.0,0,0,1,1
191,611,612,2024,38,2,2.0,1.0,True,3,TAMARINEIRA,11.0,3.0,0,0,1,1,8.0,3.0,0,1,1,1,8.0,3.0,0,1,1,1,8.0,3.0,0,1,1,1,6.0,3.0,0,1,1,1,19.0,4.0,0,0,0,1,4.0,4.0,1,1,1,1,15.0,4.0,0,0,1,1,21.0,4.0,0,0,0,0,8.0,4.0,0,1,1,1,14.0,4.0,0,0,1,1
191,618,620,2024,45,3,4.0,2.0,False,3,TAMARINEIRA,35.0,4.0,0,0,0,0,42.0,4.0,0,0,0,0,43.0,1.0,0,0,0,0,37.0,4.0,0,0,0,0,36.0,4.0,0,0,0,0,31.0,1.0,0,0,0,0,13.0,1.0,0,0,1,1,35.0,1.0,0,0,0,0,34.0,1.0,0,0,0,0,25.0,1.0,0,0,0,0,31.0,1.0,0,0,0,0
191,622,622,2024,49,1,1.0,1.0,True,3,TAMARINEIRA,12.0,3.0,0,0,1,1,10.0,3.0,0,1,1,1,15.0,2.0,0,0,1,1,15.0,3.0,0,0,1,1,16.0,3.0,0,0,0,1,20.0,3.0,0,0,0,1,32.0,4.0,0,0,0,0,16.0,3.0,0,0,0,1,25.0,4.0,0,0,0,0,28.0,4.0,0,0,0,0,11.0,3.0,0,0,1,1
191,624,624,2024,51,1,1.0,1.0,True,3,TAMARINEIRA,20.0,2.0,0,0,0,1,18.0,2.0,0,0,0,1,15.0,4.0,0,0,1,1,18.0,4.0,0,0,0,1,19.0,4.0,0,0,0,1,28.0,2.0,0,0,0,0,7.0,2.0,0,1,1,1,18.0,4.0,0,0,0,1,34.0,2.0,0,0,0,0,26.0,2.0,0,0,0,0,15.0,4.0,0,0,1,1
191,631,631,2025,6,1,5.0,5.0,False,3,TAMARINEIRA,9.0,4.0,0,1,1,1,7.0,4.0,0,1,1,1,12.0,4.0,0,0,1,1,9.0,4.0,0,1,1,1,6.0,4.0,0,1,1,1,17.0,1.0,0,0,0,1,5.0,1.0,1,1,1,1,20.0,1.0,0,0,0,1,18.0,1.0,0,0,0,1,13.0,1.0,0,0,1,1,19.0,1.0,0,0,0,1
191,662,662,2025,37,1,3.0,3.0,False,3,TAMARINEIRA,64.0,4.0,0,0,0,0,61.0,4.0,0,0,0,0,49.0,4.0,0,0,0,0,53.0,4.0,0,0,0,0,48.0,4.0,0,0,0,0,60.0,4.0,0,0,0,0,34.0,1.0,0,0,0,0,64.0,4.0,0,0,0,0,63.0,4.0,0,0,0,0,34.0,1.0,0,0,0,0,63.0,4.0,0,0,0,0
191,664,666,2025,39,3,9.0,5.0,False,3,TAMARINEIRA,40.0,1.0,0,0,0,0,37.0,1.0,0,0,0,0,21.0,1.0,0,0,0,0,38.0,1.0,0,0,0,0,32.0,1.0,0,0,0,0,24.0,2.0,0,0,0,0,1.0,2.0,1,1,1,1,9.0,2.0,0,1,1,1,23.0,2.0,0,0,0,0,7.0,2.0,0,1,1,1,5.0,2.0,1,1,1,1
191,669,674,2025,44,6,13.0,3.0,True,3,TAMARINEIRA,4.0,2.0,1,1,1,1,2.0,2.0,1,1,1,1,5.0,2.0,1,1,1,1,2.0,2.0,1,1,1,1,2.0,2.0,1,1,1,1,7.0,4.0,0,1,1,1,5.0,4.0,1,1,1,1,1.0,4.0,1,1,1,1,7.0,4.0,0,1,1,1,6.0,4.0,0,1,1,1,7.0,4.0,0,1,1,1
205,573,573,2023,52,1,5.0,5.0,False,6,BOA VIAGEM,38.0,1.0,0,0,0,0,56.0,1.0,0,0,0,0,55.0,1.0,0,0,0,0,60.0,1.0,0,0,0,0,55.0,1.0,0,0,0,0,2.0,1.0,1,1,1,1,15.0,3.0,0,0,1,1,9.0,1.0,0,1,1,1,32.0,3.0,0,0,0,0,18.0,3.0,0,0,0,1,18.0,1.0,0,0,0,1
205,575,575,2024,2,1,8.0,8.0,False,6,BOA VIAGEM,5.0,1.0,1,1,1,1,3.0,1.0,1,1,1,1,24.0,2.0,0,0,0,0,33.0,2.0,0,0,0,0,32.0,2.0,0,0,0,0,1.0,2.0,1,1,1,1,16.0,2.0,0,0,0,1,5.0,2.0,1,1,1,1,20.0,2.0,0,0,0,1,16.0,2.0,0,0,0,1,9.0,2.0,0,1,1,1
205,581,582,2024,8,2,55.0,31.0,False,6,BOA VIAGEM,11.0,4.0,0,0,1,1,10.0,4.0,0,1,1,1,16.0,4.0,0,0,0,1,6.0,4.0,0,1,1,1,6.0,4.0,0,1,1,1,1.0,4.0,1,1,1,1,28.0,1.0,0,0,0,0,5.0,4.0,1,1,1,1,31.0,4.0,0,0,0,0,28.0,1.0,0,0,0,0,10.0,4.0,0,1,1,1
205,584,584,2024,11,1,52.0,52.0,False,6,BOA VIAGEM,69.0,4.0,0,0,0,0,62.0,4.0,0,0,0,0,63.0,3.0,0,0,0,0,85.0,3.0,0,0,0,0,70.0,3.0,0,0,0,0,1.0,4.0,1,1,1,1,28.0,4.0,0,0,0,0,16.0,2.0,0,0,0,1,45.0,4.0,0,0,0,0,28.0,4.0,0,0,0,0,24.0,3.0,0,0,0,0
205,588,588,2024,15,1,28.0,28.0,True,6,BOA VIAGEM,89.0,2.0,0,0,0,0,90.0,2.0,0,0,0,0,77.0,1.0,0,0,0,0,82.0,2.0,0,0,0,0,85.0,2.0,0,0,0,0,2.0,4.0,1,1,1,1,6.0,4.0,0,1,1,1,9.0,4.0,0,1,1,1,47.0,4.0,0,0,0,0,20.0,4.0,0,0,0,1,14.0,4.0,0,0,1,1
205,598,599,2024,25,2,34.0,20.0,False,6,BOA VIAGEM,80.0,1.0,0,0,0,0,89.0,2.0,0,0,0,0,63.0,1.0,0,0,0,0,65.0,1.0,0,0,0,0,78.0,2.0,0,0,0,0,2.0,2.0,1,1,1,1,19.0,3.0,0,0,0,1,9.0,2.0,0,1,1,1,41.0,3.0,0,0,0,0,23.0,3.0,0,0,0,0,16.0,1.0,0,0,0,1
205,612,613,2024,39,2,15.0,8.0,False,6,BOA VIAGEM,25.0,4.0,0,0,0,0,37.0,4.0,0,0,0,0,15.0,4.0,0,0,1,1,44.0,4.0,0,0,0,0,46.0,4.0,0,0,0,0,2.0,4.0,1,1,1,1,6.0,2.0,0,1,1,1,18.0,4.0,0,0,0,1,38.0,1.0,0,0,0,0,17.0,2.0,0,0,0,1,25.0,4.0,0,0,0,0
205,618,618,2024,45,1,9.0,9.0,False,6,BOA VIAGEM,2.0,4.0,1,1,1,1,2.0,4.0,1,1,1,1,11.0,4.0,0,0,1,1,42.0,2.0,0,0,0,0,37.0,4.0,0,0,0,0,5.0,4.0,1,1,1,1,21.0,2.0,0,0,0,0,11.0,4.0,0,0,1,1,38.0,2.0,0,0,0,0,25.0,2.0,0,0,0,0,20.0,4.0,0,0,0,1
205,625,625,2024,52,1,7.0,7.0,False,6,BOA VIAGEM,55.0,1.0,0,0,0,0,75.0,1.0,0,0,0,0,58.0,4.0,0,0,0,0,74.0,4.0,0,0,0,0,76.0,4.0,0,0,0,0,2.0,4.0,1,1,1,1,3.0,1.0,1,1,1,1,9.0,4.0,0,1,1,1,41.0,4.0,0,0,0,0,26.0,1.0,0,0,0,0,21.0,4.0,0,0,0,0
205,628,628,2025,3,1,9.0,9.0,False,6,BOA VIAGEM,2.0,2.0,1,1,1,1,1.0,2.0,1,1,1,1,3.0,1.0,1,1,1,1,49.0,3.0,0,0,0,0,46.0,2.0,0,0,0,0,1.0,3.0,1,1,1,1,3.0,4.0,1,1,1,1,3.0,3.0,1,1,1,1,25.0,3.0,0,0,0,0,19.0,3.0,0,0,0,1,9.0,3.0,0,1,1,1
205,655,659,2025,30,5,63.0,15.0,False,6,BOA VIAGEM,81.0,2.0,0,0,0,0,81.0,4.0,0,0,0,0,44.0,4.0,0,0,0,0,73.0,4.0,0,0,0,0,78.0,2.0,0,0,0,0,2.0,4.0,1,1,1,1,20.0,2.0,0,0,0,1,4.0,4.0,1,1,1,1,42.0,4.0,0,0,0,0,31.0,2.0,0,0,0,0,14.0,4.0,0,0,1,1
205,663,668,2025,38,6,62.0,15.0,True,6,BOA VIAGEM,61.0,1.0,0,0,0,0,57.0,1.0,0,0,0,0,50.0,3.0,0,0,0,0,14.0,3.0,0,0,1,1,42.0,3.0,0,0,0,0,5.0,4.0,1,1,1,1,26.0,2.0,0,0,0,0,12.0,4.0,0,0,1,1,54.0,4.0,0,0,0,0,28.0,2.0,0,0,0,0,25.0,4.0,0,0,0,0
205,674,674,2025,49,1,8.0,8.0,False,6,BOA VIAGEM,50.0,2.0,0,0,0,0,48.0,2.0,0,0,0,0,51.0,4.0,0,0,0,0,69.0,3.0,0,0,0,0,77.0,3.0,0,0,0,0,6.0,3.0,0,1,1,1,19.0,3.0,0,0,0,1,18.0,3.0,0,0,0,1,45.0,3.0,0,0,0,0,26.0,3.0,0,0,0,0,32.0,3.0,0,0,0,0
213,554,554,2023,33,1,5.0,5.0,False,6,IPSEP,3.0,4.0,1,1,1,1,2.0,4.0,1,1,1,1,3.0,1.0,1,1,1,1,2.0,4.0,1,1,1,1,3.0,4.0,1,1,1,1,4.0,4.0,1,1,1,1,14.0,4.0,0,0,1,1,3.0,4.0,1,1,1,1,5.0,4.0,1,1,1,1,11.0,4.0,0,0,1,1,8.0,4.0,0,1,1,1
213,573,573,2023,52,1,3.0,3.0,False,6,IPSEP,52.0,2.0,0,0,0,0,63.0,4.0,0,0,0,0,40.0,1.0,0,0,0,0,53.0,1.0,0,0,0,0,45.0,1.0,0,0,0,0,12.0,1.0,0,0,1,1,3.0,1.0,1,1,1,1,12.0,1.0,0,0,1,1,14.0,1.0,0,0,1,1,7.0,1.0,0,1,1,1,17.0,1.0,0,0,0,1
213,588,588,2024,15,1,11.0,11.0,False,6,IPSEP,43.0,2.0,0,0,0,0,42.0,1.0,0,0,0,0,68.0,2.0,0,0,0,0,44.0,2.0,0,0,0,0,58.0,1.0,0,0,0,0,23.0,4.0,0,0,0,0,22.0,4.0,0,0,0,0,42.0,4.0,0,0,0,0,36.0,4.0,0,0,0,0,23.0,4.0,0,0,0,0,38.0,4.0,0,0,0,0
213,613,613,2024,40,1,6.0,6.0,False,6,IPSEP,19.0,4.0,0,0,0,1,18.0,4.0,0,0,0,1,20.0,3.0,0,0,0,1,4.0,4.0,1,1,1,1,11.0,4.0,0,0,1,1,7.0,4.0,0,1,1,1,21.0,4.0,0,0,0,0,25.0,4.0,0,0,0,0,17.0,4.0,0,0,0,1,19.0,4.0,0,0,0,1,24.0,4.0,0,0,0,0
213,625,625,2024,52,1,4.0,4.0,False,6,IPSEP,60.0,2.0,0,0,0,0,64.0,2.0,0,0,0,0,60.0,2.0,0,0,0,0,76.0,2.0,0,0,0,0,78.0,2.0,0,0,0,0,25.0,1.0,0,0,0,0,8.0,3.0,0,1,1,1,36.0,1.0,0,0,0,0,34.0,1.0,0,0,0,0,22.0,1.0,0,0,0,0,36.0,1.0,0,0,0,0
213,665,666,2025,40,2,10.0,5.0,False,6,IPSEP,44.0,4.0,0,0,0,0,28.0,4.0,0,0,0,0,30.0,4.0,0,0,0,0,38.0,4.0,0,0,0,0,58.0,4.0,0,0,0,0,48.0,2.0,0,0,0,0,13.0,2.0,0,0,1,1,64.0,3.0,0,0,0,0,62.0,2.0,0,0,0,0,30.0,3.0,0,0,0,0,64.0,3.0,0,0,0,0
213,668,668,2025,43,1,3.0,3.0,False,6,IPSEP,68.0,2.0,0,0,0,0,61.0,2.0,0,0,0,0,32.0,1.0,0,0,0,0,69.0,2.0,0,0,0,0,58.0,2.0,0,0,0,0,8.0,3.0,0,1,1,1,1.0,3.0,1,1,1,1,9.0,2.0,0,1,1,1,16.0,2.0,0,0,0,1,8.0,3.0,0,1,1,1,14.0,2.0,0,0,1,1
213,672,672,2025,47,1,3.0,3.0,True,6,IPSEP,23.0,3.0,0,0,0,0,11.0,3.0,0,0,1,1,15.0,3.0,0,0,1,1,16.0,2.0,0,0,0,1,19.0,3.0,0,0,0,1,18.0,4.0,0,0,0,1,1.0,4.0,1,1,1,1,28.0,4.0,0,0,0,0,30.0,4.0,0,0,0,0,13.0,4.0,0,0,1,1,21.0,4.0,0,0,0,0
213,674,674,2025,49,1,6.0,6.0,False,6,IPSEP,25.0,4.0,0,0,0,0,23.0,4.0,0,0,0,0,37.0,4.0,0,0,0,0,16.0,4.0,0,0,0,1,21.0,1.0,0,0,0,0,13.0,2.0,0,0,1,1,12.0,2.0,0,0,1,1,17.0,2.0,0,0,0,1,31.0,2.0,0,0,0,0,21.0,2.0,0,0,0,0,16.0,2.0,0,0,0,1
221,563,563,2023,42,1,4.0,4.0,False,6,JORDAO,64.0,1.0,0,0,0,0,63.0,1.0,0,0,0,0,72.0,4.0,0,0,0,0,59.0,4.0,0,0,0,0,42.0,4.0,0,0,0,0,41.0,3.0,0,0,0,0,27.0,2.0,0,0,0,0,41.0,3.0,0,0,0,0,41.0,3.0,0,0,0,0,27.0,2.0,0,0,0,0,41.0,3.0,0,0,0,0
221,582,582,2024,9,1,9.0,9.0,False,6,JORDAO,84.0,1.0,0,0,0,0,72.0,1.0,0,0,0,0,88.0,1.0,0,0,0,0,65.0,1.0,0,0,0,0,73.0,3.0,0,0,0,0,29.0,1.0,0,0,0,0,6.0,1.0,0,1,1,1,32.0,1.0,0,0,0,0,48.0,3.0,0,0,0,0,30.0,3.0,0,0,0,0,39.0,1.0,0,0,0,0
221,584,584,2024,11,1,16.0,16.0,False,6,JORDAO,76.0,1.0,0,0,0,0,60.0,1.0,0,0,0,0,80.0,1.0,0,0,0,0,65.0,3.0,0,0,0,0,79.0,1.0,0,0,0,0,21.0,1.0,0,0,0,0,6.0,3.0,0,1,1,1,11.0,2.0,0,0,1,1,37.0,1.0,0,0,0,0,33.0,2.0,0,0,0,0,16.0,2.0,0,0,0,1
221,590,590,2024,17,1,9.0,9.0,False,6,JORDAO,53.0,4.0,0,0,0,0,42.0,4.0,0,0,0,0,89.0,4.0,0,0,0,0,79.0,4.0,0,0,0,0,81.0,4.0,0,0,0,0,17.0,3.0,0,0,0,1,30.0,3.0,0,0,0,0,43.0,2.0,0,0,0,0,25.0,2.0,0,0,0,0,31.0,3.0,0,0,0,0,47.0,3.0,0,0,0,0
221,594,595,2024,21,2,19.0,10.0,True,6,JORDAO,77.0,1.0,0,0,0,0,70.0,3.0,0,0,0,0,84.0,3.0,0,0,0,0,70.0,1.0,0,0,0,0,75.0,1.0,0,0,0,0,9.0,4.0,0,1,1,1,9.0,4.0,0,1,1,1,9.0,4.0,0,1,1,1,9.0,4.0,0,1,1,1,7.0,4.0,0,1,1,1,11.0,4.0,0,0,1,1
221,606,606,2024,33,1,7.0,7.0,False,6,JORDAO,79.0,1.0,0,0,0,0,58.0,1.0,0,0,0,0,75.0,3.0,0,0,0,0,36.0,3.0,0,0,0,0,57.0,3.0,0,0,0,0,10.0,2.0,0,1,1,1,11.0,2.0,0,0,1,1,25.0,2.0,0,0,0,0,12.0,2.0,0,0,1,1,10.0,2.0,0,1,1,1,30.0,2.0,0,0,0,0
221,661,662,2025,36,2,11.0,7.0,False,6,JORDAO,78.0,2.0,0,0,0,0,63.0,1.0,0,0,0,0,84.0,1.0,0,0,0,0,66.0,4.0,0,0,0,0,69.0,4.0,0,0,0,0,15.0,2.0,0,0,1,1,13.0,3.0,0,0,1,1,32.0,2.0,0,0,0,0,27.0,2.0,0,0,0,0,26.0,3.0,0,0,0,0,44.0,2.0,0,0,0,0
221,665,665,2025,40,1,4.0,4.0,True,6,JORDAO,6.0,2.0,0,1,1,1,9.0,1.0,0,1,1,1,21.0,1.0,0,0,0,0,7.0,2.0,0,1,1,1,3.0,1.0,1,1,1,1,13.0,4.0,0,0,1,1,8.0,4.0,0,1,1,1,19.0,4.0,0,0,0,1,20.0,4.0,0,0,0,1,10.0,4.0,0,1,1,1,29.0,4.0,0,0,0,0
221,674,674,2025,49,1,5.0,5.0,False,6,JORDAO,82.0,3.0,0,0,0,0,79.0,3.0,0,0,0,0,74.0,3.0,0,0,0,0,77.0,3.0,0,0,0,0,56.0,3.0,0,0,0,0,16.0,3.0,0,0,0,1,3.0,1.0,1,1,1,1,25.0,3.0,0,0,0,0,25.0,3.0,0,0,0,0,10.0,1.0,0,1,1,1,31.0,3.0,0,0,0,0
230,583,590,2024,10,8,295.0,68.0,False,6,IBURA,82.0,3.0,0,0,0,0,83.0,3.0,0,0,0,0,86.0,3.0,0,0,0,0,81.0,2.0,0,0,0,0,80.0,3.0,0,0,0,0,2.0,4.0,1,1,1,1,7.0,4.0,0,1,1,1,23.0,4.0,0,0,0,0,24.0,4.0,0,0,0,0,21.0,4.0,0,0,0,0,25.0,4.0,0,0,0,0
230,592,592,2024,19,1,23.0,23.0,True,6,IBURA,90.0,1.0,0,0,0,0,90.0,1.0,0,0,0,0,89.0,1.0,0,0,0,0,92.0,1.0,0,0,0,0,91.0,1.0,0,0,0,0,1.0,3.0,1,1,1,1,25.0,3.0,0,0,0,0,5.0,3.0,1,1,1,1,6.0,3.0,0,1,1,1,23.0,3.0,0,0,0,0,9.0,3.0,0,1,1,1
230,594,594,2024,21,1,43.0,43.0,True,6,IBURA,89.0,1.0,0,0,0,0,90.0,3.0,0,0,0,0,89.0,3.0,0,0,0,0,88.0,1.0,0,0,0,0,89.0,1.0,0,0,0,0,1.0,4.0,1,1,1,1,19.0,2.0,0,0,0,1,4.0,2.0,1,1,1,1,5.0,2.0,1,1,1,1,13.0,2.0,0,0,1,1,10.0,2.0,0,1,1,1
230,665,665,2025,40,1,15.0,15.0,False,6,IBURA,83.0,2.0,0,0,0,0,66.0,1.0,0,0,0,0,43.0,1.0,0,0,0,0,77.0,2.0,0,0,0,0,85.0,3.0,0,0,0,0,2.0,3.0,1,1,1,1,28.0,4.0,0,0,0,0,31.0,3.0,0,0,0,0,22.0,3.0,0,0,0,0,27.0,4.0,0,0,0,0,41.0,2.0,0,0,0,0
230,667,667,2025,42,1,12.0,12.0,False,6,IBURA,17.0,1.0,0,0,0,1,6.0,1.0,0,1,1,1,31.0,1.0,0,0,0,0,5.0,1.0,1,1,1,1,7.0,1.0,0,1,1,1,3.0,2.0,1,1,1,1,17.0,2.0,0,0,0,1,13.0,2.0,0,0,1,1,10.0,2.0,0,1,1,1,12.0,2.0,0,0,1,1,28.0,2.0,0,0,0,0
230,669,669,2025,44,1,14.0,14.0,True,6,IBURA,17.0,3.0,0,0,0,1,6.0,3.0,0,1,1,1,31.0,3.0,0,0,0,0,5.0,3.0,1,1,1,1,7.0,3.0,0,1,1,1,2.0,1.0,1,1,1,1,16.0,2.0,0,0,0,1,13.0,4.0,0,0,1,1,10.0,4.0,0,1,1,1,12.0,4.0,0,0,1,1,28.0,4.0,0,0,0,0
230,673,674,2025,48,2,24.0,12.0,True,6,IBURA,79.0,3.0,0,0,0,0,50.0,3.0,0,0,0,0,82.0,3.0,0,0,0,0,62.0,3.0,0,0,0,0,77.0,3.0,0,0,0,0,1.0,4.0,1,1,1,1,25.0,2.0,0,0,0,0,20.0,4.0,0,0,0,1,12.0,4.0,0,0,1,1,24.0,2.0,0,0,0,0,22.0,4.0,0,0,0,0
248,580,580,2024,7,1,8.0,8.0,False,6,PINA,1.0,4.0,1,1,1,1,1.0,4.0,1,1,1,1,2.0,4.0,1,1,1,1,1.0,4.0,1,1,1,1,2.0,4.0,1,1,1,1,6.0,4.0,0,1,1,1,33.0,2.0,0,0,0,0,5.0,4.0,1,1,1,1,16.0,4.0,0,0,0,1,33.0,2.0,0,0,0,0,7.0,4.0,0,1,1,1
248,584,586,2024,11,3,58.0,22.0,True,6,PINA,17.0,3.0,0,0,0,1,18.0,4.0,0,0,0,1,28.0,4.0,0,0,0,0,34.0,4.0,0,0,0,0,41.0,4.0,0,0,0,0,2.0,4.0,1,1,1,1,1.0,4.0,1,1,1,1,2.0,4.0,1,1,1,1,8.0,4.0,0,1,1,1,5.0,4.0,1,1,1,1,6.0,4.0,0,1,1,1
248,588,589,2024,15,2,27.0,15.0,True,6,PINA,11.0,1.0,0,0,1,1,9.0,1.0,0,1,1,1,43.0,1.0,0,0,0,0,39.0,1.0,0,0,0,0,21.0,1.0,0,0,0,0,5.0,2.0,1,1,1,1,7.0,4.0,0,1,1,1,5.0,2.0,1,1,1,1,14.0,2.0,0,0,1,1,12.0,4.0,0,0,1,1,8.0,2.0,0,1,1,1
248,628,628,2025,3,1,4.0,4.0,False,6,PINA,19.0,1.0,0,0,0,1,19.0,1.0,0,0,0,1,21.0,1.0,0,0,0,0,46.0,1.0,0,0,0,0,35.0,1.0,0,0,0,0,12.0,1.0,0,0,1,1,7.0,1.0,0,1,1,1,15.0,1.0,0,0,1,1,34.0,1.0,0,0,0,0,26.0,1.0,0,0,0,0,22.0,1.0,0,0,0,0
248,642,643,2025,17,2,17.0,9.0,False,6,PINA,23.0,2.0,0,0,0,0,34.0,4.0,0,0,0,0,47.0,3.0,0,0,0,0,50.0,2.0,0,0,0,0,51.0,3.0,0,0,0,0,2.0,2.0,1,1,1,1,2.0,3.0,1,1,1,1,6.0,2.0,0,1,1,1,4.0,3.0,1,1,1,1,2.0,3.0,1,1,1,1,8.0,3.0,0,1,1,1
248,648,649,2025,23,2,19.0,11.0,False,6,PINA,1.0,4.0,1,1,1,1,1.0,4.0,1,1,1,1,12.0,3.0,0,0,1,1,2.0,4.0,1,1,1,1,7.0,3.0,0,1,1,1,4.0,1.0,1,1,1,1,24.0,1.0,0,0,0,0,6.0,1.0,0,1,1,1,17.0,1.0,0,0,0,1,22.0,1.0,0,0,0,0,9.0,1.0,0,1,1,1
248,652,657,2025,27,6,50.0,13.0,True,6,PINA,1.0,2.0,1,1,1,1,1.0,2.0,1,1,1,1,11.0,2.0,0,0,1,1,1.0,2.0,1,1,1,1,1.0,2.0,1,1,1,1,1.0,4.0,1,1,1,1,17.0,4.0,0,0,0,1,1.0,4.0,1,1,1,1,7.0,4.0,0,1,1,1,11.0,4.0,0,0,1,1,3.0,4.0,1,1,1,1
248,659,659,2025,34,1,12.0,12.0,True,6,PINA,1.0,1.0,1,1,1,1,2.0,1.0,1,1,1,1,5.0,1.0,1,1,1,1,1.0,1.0,1,1,1,1,9.0,1.0,0,1,1,1,7.0,4.0,0,1,1,1,34.0,2.0,0,0,0,0,6.0,4.0,0,1,1,1,18.0,2.0,0,0,0,1,25.0,2.0,0,0,0,0,11.0,4.0,0,0,1,1
248,664,664,2025,39,1,10.0,10.0,False,6,PINA,2.0,4.0,1,1,1,1,3.0,4.0,1,1,1,1,12.0,4.0,0,0,1,1,4.0,4.0,1,1,1,1,3.0,4.0,1,1,1,1,18.0,3.0,0,0,0,1,3.0,1.0,1,1,1,1,40.0,1.0,0,0,0,0,38.0,3.0,0,0,0,0,21.0,1.0,0,0,0,0,46.0,1.0,0,0,0,0
248,667,667,2025,42,1,7.0,7.0,False,6,PINA,32.0,1.0,0,0,0,0,26.0,1.0,0,0,0,0,29.0,4.0,0,0,0,0,33.0,2.0,0,0,0,0,54.0,2.0,0,0,0,0,6.0,3.0,0,1,1,1,3.0,4.0,1,1,1,1,10.0,3.0,0,1,1,1,21.0,3.0,0,0,0,0,19.0,3.0,0,0,0,1,23.0,3.0,0,0,0,0
248,674,674,2025,49,1,8.0,8.0,False,6,PINA,23.0,2.0,0,0,0,0,28.0,2.0,0,0,0,0,59.0,2.0,0,0,0,0,43.0,2.0,0,0,0,0,48.0,2.0,0,0,0,0,9.0,1.0,0,1,1,1,10.0,4.0,0,1,1,1,20.0,1.0,0,0,0,1,28.0,1.0,0,0,0,0,19.0,1.0,0,0,0,1,27.0,1.0,0,0,0,0
256,526,526,2023,5,1,2.0,2.0,False,6,BRASILIA TEIMOSA,16.0,3.0,0,0,0,1,16.0,3.0,0,0,0,1,5.0,3.0,1,1,1,1,15.0,3.0,0,0,1,1,11.0,3.0,0,0,1,1,11.0,3.0,0,0,1,1,7.0,3.0,0,1,1,1,7.0,3.0,0,1,1,1,15.0,3.0,0,0,1,1,11.0,3.0,0,0,1,1,5.0,3.0,1,1,1,1
256,571,572,2023,50,2,8.0,4.0,False,6,BRASILIA TEIMOSA,40.0,1.0,0,0,0,0,28.0,1.0,0,0,0,0,45.0,2.0,0,0,0,0,48.0,2.0,0,0,0,0,44.0,2.0,0,0,0,0,13.0,1.0,0,0,1,1,11.0,3.0,0,0,1,1,17.0,1.0,0,0,0,1,19.0,2.0,0,0,0,1,18.0,3.0,0,0,0,1,16.0,1.0,0,0,0,1
256,577,577,2024,4,1,2.0,2.0,False,6,BRASILIA TEIMOSA,2.0,1.0,1,1,1,1,4.0,4.0,1,1,1,1,5.0,1.0,1,1,1,1,3.0,1.0,1,1,1,1,4.0,1.0,1,1,1,1,12.0,4.0,0,0,1,1,8.0,1.0,0,1,1,1,12.0,1.0,0,0,1,1,16.0,4.0,0,0,0,1,16.0,1.0,0,0,0,1,12.0,1.0,0,0,1,1
256,579,579,2024,6,1,3.0,3.0,False,6,BRASILIA TEIMOSA,1.0,2.0,1,1,1,1,1.0,2.0,1,1,1,1,4.0,2.0,1,1,1,1,2.0,2.0,1,1,1,1,1.0,2.0,1,1,1,1,14.0,3.0,0,0,1,1,8.0,3.0,0,1,1,1,3.0,2.0,1,1,1,1,11.0,2.0,0,0,1,1,16.0,3.0,0,0,0,1,3.0,2.0,1,1,1,1
256,581,584,2024,8,4,38.0,15.0,True,6,BRASILIA TEIMOSA,1.0,4.0,1,1,1,1,1.0,4.0,1,1,1,1,4.0,4.0,1,1,1,1,2.0,4.0,1,1,1,1,1.0,4.0,1,1,1,1,14.0,2.0,0,0,1,1,4.0,2.0,1,1,1,1,3.0,4.0,1,1,1,1,9.0,2.0,0,1,1,1,6.0,2.0,0,1,1,1,3.0,4.0,1,1,1,1
256,599,599,2024,26,1,2.0,2.0,False,6,BRASILIA TEIMOSA,65.0,4.0,0,0,0,0,65.0,3.0,0,0,0,0,42.0,4.0,0,0,0,0,53.0,2.0,0,0,0,0,67.0,3.0,0,0,0,0,30.0,3.0,0,0,0,0,4.0,3.0,1,1,1,1,14.0,3.0,0,0,1,1,39.0,3.0,0,0,0,0,20.0,3.0,0,0,0,1,15.0,3.0,0,0,1,1
256,617,617,2024,44,1,3.0,3.0,False,6,BRASILIA TEIMOSA,51.0,4.0,0,0,0,0,45.0,4.0,0,0,0,0,30.0,4.0,0,0,0,0,35.0,4.0,0,0,0,0,27.0,4.0,0,0,0,0,14.0,4.0,0,0,1,1,12.0,2.0,0,0,1,1,26.0,4.0,0,0,0,0,20.0,4.0,0,0,0,1,25.0,2.0,0,0,0,0,24.0,4.0,0,0,0,0
256,619,619,2024,46,1,2.0,2.0,False,6,BRASILIA TEIMOSA,30.0,1.0,0,0,0,0,16.0,1.0,0,0,0,1,33.0,1.0,0,0,0,0,53.0,1.0,0,0,0,0,47.0,1.0,0,0,0,0,7.0,2.0,0,1,1,1,3.0,2.0,1,1,1,1,3.0,2.0,1,1,1,1,16.0,2.0,0,0,0,1,11.0,2.0,0,0,1,1,8.0,2.0,0,1,1,1
256,627,628,2025,2,2,7.0,5.0,False,6,BRASILIA TEIMOSA,32.0,1.0,0,0,0,0,44.0,1.0,0,0,0,0,42.0,1.0,0,0,0,0,55.0,1.0,0,0,0,0,54.0,1.0,0,0,0,0,2.0,3.0,1,1,1,1,1.0,3.0,1,1,1,1,12.0,3.0,0,0,1,1,6.0,3.0,0,1,1,1,5.0,3.0,1,1,1,1,18.0,3.0,0,0,0,1
256,632,632,2025,7,1,4.0,4.0,True,6,BRASILIA TEIMOSA,1.0,4.0,1,1,1,1,1.0,4.0,1,1,1,1,5.0,3.0,1,1,1,1,5.0,4.0,1,1,1,1,1.0,3.0,1,1,1,1,18.0,4.0,0,0,0,1,42.0,2.0,0,0,0,0,13.0,4.0,0,0,1,1,30.0,4.0,0,0,0,0,42.0,2.0,0,0,0,0,10.0,4.0,0,1,1,1
256,639,639,2025,14,1,5.0,5.0,False,6,BRASILIA TEIMOSA,76.0,1.0,0,0,0,0,73.0,1.0,0,0,0,0,66.0,2.0,0,0,0,0,66.0,4.0,0,0,0,0,68.0,4.0,0,0,0,0,37.0,3.0,0,0,0,0,13.0,1.0,0,0,1,1,46.0,4.0,0,0,0,0,46.0,4.0,0,0,0,0,30.0,1.0,0,0,0,0,46.0,4.0,0,0,0,0
256,644,644,2025,19,1,7.0,7.0,False,6,BRASILIA TEIMOSA,36.0,2.0,0,0,0,0,28.0,2.0,0,0,0,0,55.0,3.0,0,0,0,0,44.0,2.0,0,0,0,0,44.0,2.0,0,0,0,0,13.0,3.0,0,0,1,1,2.0,3.0,1,1,1,1,6.0,3.0,0,1,1,1,12.0,3.0,0,0,1,1,7.0,3.0,0,1,1,1,9.0,3.0,0,1,1,1
256,652,653,2025,27,2,7.0,4.0,False,6,BRASILIA TEIMOSA,14.0,3.0,0,0,1,1,13.0,3.0,0,0,1,1,10.0,2.0,0,1,1,1,15.0,1.0,0,0,1,1,7.0,1.0,0,1,1,1,20.0,2.0,0,0,0,1,5.0,4.0,1,1,1,1,12.0,2.0,0,0,1,1,31.0,2.0,0,0,0,0,24.0,4.0,0,0,0,0,12.0,2.0,0,0,1,1
256,656,657,2025,31,2,8.0,4.0,True,6,BRASILIA TEIMOSA,8.0,2.0,0,1,1,1,9.0,2.0,0,1,1,1,11.0,2.0,0,0,1,1,2.0,2.0,1,1,1,1,6.0,2.0,0,1,1,1,13.0,3.0,0,0,1,1,2.0,4.0,1,1,1,1,1.0,4.0,1,1,1,1,16.0,3.0,0,0,0,1,12.0,4.0,0,0,1,1,3.0,4.0,1,1,1,1
256,660,664,2025,35,5,32.0,13.0,True,6,BRASILIA TEIMOSA,2.0,2.0,1,1,1,1,6.0,2.0,0,1,1,1,4.0,2.0,1,1,1,1,7.0,2.0,0,1,1,1,5.0,2.0,1,1,1,1,20.0,4.0,0,0,0,1,5.0,4.0,1,1,1,1,9.0,4.0,0,1,1,1,21.0,4.0,0,0,0,0,11.0,4.0,0,0,1,1,10.0,4.0,0,1,1,1
256,666,668,2025,41,3,12.0,6.0,True,6,BRASILIA TEIMOSA,10.0,2.0,0,1,1,1,4.0,2.0,1,1,1,1,16.0,1.0,0,0,0,1,20.0,1.0,0,0,0,1,47.0,2.0,0,0,0,0,5.0,3.0,1,1,1,1,12.0,3.0,0,0,1,1,3.0,3.0,1,1,1,1,9.0,3.0,0,1,1,1,8.0,3.0,0,1,1,1,11.0,3.0,0,0,1,1
256,673,673,2025,48,1,5.0,5.0,False,6,BRASILIA TEIMOSA,18.0,4.0,0,0,0,1,14.0,4.0,0,0,1,1,24.0,4.0,0,0,0,0,32.0,4.0,0,0,0,0,17.0,4.0,0,0,0,1,25.0,2.0,0,0,0,0,17.0,2.0,0,0,0,1,24.0,2.0,0,0,0,0,31.0,2.0,0,0,0,0,17.0,2.0,0,0,0,1,27.0,2.0,0,0,0,0
264,582,582,2024,9,1,28.0,28.0,False,6,IMBIRIBEIRA,45.0,3.0,0,0,0,0,66.0,2.0,0,0,0,0,67.0,2.0,0,0,0,0,82.0,3.0,0,0,0,0,79.0,1.0,0,0,0,0,2.0,4.0,1,1,1,1,23.0,1.0,0,0,0,0,25.0,4.0,0,0,0,0,25.0,4.0,0,0,0,0,24.0,4.0,0,0,0,0,25.0,4.0,0,0,0,0
264,584,585,2024,11,2,69.0,35.0,False,6,IMBIRIBEIRA,65.0,3.0,0,0,0,0,66.0,4.0,0,0,0,0,67.0,4.0,0,0,0,0,84.0,2.0,0,0,0,0,79.0,3.0,0,0,0,0,2.0,2.0,1,1,1,1,23.0,3.0,0,0,0,0,14.0,2.0,0,0,1,1,26.0,2.0,0,0,0,0,28.0,2.0,0,0,0,0,27.0,1.0,0,0,0,0
264,599,599,2024,26,1,11.0,11.0,False,6,IMBIRIBEIRA,9.0,3.0,0,1,1,1,55.0,1.0,0,0,0,0,30.0,2.0,0,0,0,0,10.0,1.0,0,1,1,1,10.0,1.0,0,1,1,1,5.0,3.0,1,1,1,1,35.0,3.0,0,0,0,0,18.0,1.0,0,0,0,1,24.0,3.0,0,0,0,0,35.0,3.0,0,0,0,0,23.0,1.0,0,0,0,0
264,605,605,2024,32,1,8.0,8.0,False,6,IMBIRIBEIRA,29.0,1.0,0,0,0,0,66.0,1.0,0,0,0,0,23.0,1.0,0,0,0,0,35.0,4.0,0,0,0,0,24.0,1.0,0,0,0,0,6.0,1.0,0,1,1,1,2.0,2.0,1,1,1,1,14.0,1.0,0,0,1,1,30.0,2.0,0,0,0,0,12.0,2.0,0,0,1,1,24.0,1.0,0,0,0,0
264,654,654,2025,29,1,11.0,11.0,False,6,IMBIRIBEIRA,49.0,2.0,0,0,0,0,80.0,1.0,0,0,0,0,55.0,2.0,0,0,0,0,76.0,1.0,0,0,0,0,68.0,2.0,0,0,0,0,4.0,2.0,1,1,1,1,4.0,2.0,1,1,1,1,16.0,2.0,0,0,0,1,41.0,2.0,0,0,0,0,24.0,2.0,0,0,0,0,25.0,2.0,0,0,0,0
264,661,661,2025,36,1,11.0,11.0,False,6,IMBIRIBEIRA,5.0,3.0,1,1,1,1,6.0,2.0,0,1,1,1,6.0,3.0,0,1,1,1,3.0,3.0,1,1,1,1,4.0,3.0,1,1,1,1,14.0,3.0,0,0,1,1,21.0,1.0,0,0,0,0,38.0,4.0,0,0,0,0,54.0,4.0,0,0,0,0,29.0,1.0,0,0,0,0,47.0,4.0,0,0,0,0
264,663,667,2025,38,5,63.0,16.0,False,6,IMBIRIBEIRA,7.0,4.0,0,1,1,1,6.0,4.0,0,1,1,1,14.0,4.0,0,0,1,1,11.0,4.0,0,0,1,1,11.0,4.0,0,0,1,1,4.0,1.0,1,1,1,1,15.0,2.0,0,0,1,1,12.0,2.0,0,0,1,1,33.0,1.0,0,0,0,0,19.0,2.0,0,0,0,1,27.0,2.0,0,0,0,0
264,671,671,2025,46,1,8.0,8.0,True,6,IMBIRIBEIRA,9.0,3.0,0,1,1,1,23.0,3.0,0,0,0,0,26.0,3.0,0,0,0,0,16.0,3.0,0,0,0,1,21.0,3.0,0,0,0,0,5.0,4.0,1,1,1,1,38.0,2.0,0,0,0,0,23.0,3.0,0,0,0,0,27.0,3.0,0,0,0,0,38.0,2.0,0,0,0,0,37.0,3.0,0,0,0,0
264,673,674,2025,48,2,21.0,11.0,False,6,IMBIRIBEIRA,15.0,1.0,0,0,1,1,21.0,1.0,0,0,0,0,11.0,1.0,0,0,1,1,18.0,1.0,0,0,0,1,25.0,1.0,0,0,0,0,3.0,2.0,1,1,1,1,22.0,2.0,0,0,0,0,15.0,2.0,0,0,1,1,22.0,2.0,0,0,0,0,21.0,2.0,0,0,0,0,21.0,2.0,0,0,0,0
27,531,531,2023,10,1,1.0,1.0,False,1,SANTO ANTONIO,6.0,3.0,0,1,1,1,5.0,3.0,1,1,1,1,7.0,3.0,0,1,1,1,8.0,3.0,0,1,1,1,6.0,3.0,0,1,1,1,31.0,2.0,0,0,0,0,21.0,2.0,0,0,0,0,31.0,2.0,0,0,0,0,31.0,2.0,0,0,0,0,21.0,2.0,0,0,0,0,31.0,2.0,0,0,0,0
27,534,534,2023,13,1,1.0,1.0,False,1,SANTO ANTONIO,1.0,2.0,1,1,1,1,1.0,3.0,1,1,1,1,1.0,2.0,1,1,1,1,1.0,3.0,1,1,1,1,1.0,3.0,1,1,1,1,24.0,3.0,0,0,0,0,7.0,3.0,0,1,1,1,1.0,3.0,1,1,1,1,1.0,3.0,1,1,1,1,1.0,3.0,1,1,1,1,1.0,3.0,1,1,1,1
27,549,549,2023,28,1,1.0,1.0,False,1,SANTO ANTONIO,32.0,4.0,0,0,0,0,26.0,4.0,0,0,0,0,12.0,2.0,0,0,1,1,46.0,2.0,0,0,0,0,27.0,4.0,0,0,0,0,38.0,4.0,0,0,0,0,27.0,2.0,0,0,0,0,38.0,4.0,0,0,0,0,38.0,4.0,0,0,0,0,27.0,2.0,0,0,0,0,38.0,4.0,0,0,0,0
27,553,553,2023,32,1,1.0,1.0,True,1,SANTO ANTONIO,17.0,3.0,0,0,0,1,11.0,3.0,0,0,1,1,13.0,4.0,0,0,1,1,14.0,4.0,0,0,1,1,12.0,2.0,0,0,1,1,28.0,4.0,0,0,0,0,15.0,4.0,0,0,1,1,2.0,4.0,1,1,1,1,1.0,4.0,1,1,1,1,1.0,4.0,1,1,1,1,1.0,4.0,1,1,1,1
27,556,556,2023,35,1,2.0,2.0,False,1,SANTO ANTONIO,7.0,2.0,0,1,1,1,7.0,2.0,0,1,1,1,4.0,2.0,1,1,1,1,4.0,2.0,1,1,1,1,3.0,2.0,1,1,1,1,27.0,3.0,0,0,0,0,9.0,3.0,0,1,1,1,3.0,3.0,1,1,1,1,1.0,3.0,1,1,1,1,1.0,3.0,1,1,1,1,1.0,3.0,1,1,1,1
27,561,561,2023,40,1,1.0,1.0,False,1,SANTO ANTONIO,3.0,4.0,1,1,1,1,2.0,4.0,1,1,1,1,5.0,4.0,1,1,1,1,2.0,4.0,1,1,1,1,2.0,4.0,1,1,1,1,44.0,1.0,0,0,0,0,32.0,2.0,0,0,0,0,44.0,1.0,0,0,0,0,44.0,1.0,0,0,0,0,32.0,2.0,0,0,0,0,44.0,1.0,0,0,0,0
27,579,579,2024,6,1,1.0,1.0,False,1,SANTO ANTONIO,22.0,1.0,0,0,0,0,14.0,1.0,0,0,1,1,23.0,1.0,0,0,0,0,22.0,1.0,0,0,0,0,23.0,1.0,0,0,0,0,42.0,3.0,0,0,0,0,28.0,3.0,0,0,0,0,42.0,3.0,0,0,0,0,42.0,3.0,0,0,0,0,28.0,3.0,0,0,0,0,42.0,3.0,0,0,0,0
27,581,582,2024,8,2,7.0,4.0,False,1,SANTO ANTONIO,3.0,1.0,1,1,1,1,1.0,1.0,1,1,1,1,1.0,1.0,1,1,1,1,1.0,1.0,1,1,1,1,1.0,1.0,1,1,1,1,31.0,2.0,0,0,0,0,15.0,2.0,0,0,1,1,3.0,2.0,1,1,1,1,1.0,2.0,1,1,1,1,1.0,2.0,1,1,1,1,1.0,2.0,1,1,1,1
27,584,589,2024,11,6,15.0,4.0,False,1,SANTO ANTONIO,2.0,1.0,1,1,1,1,1.0,4.0,1,1,1,1,1.0,4.0,1,1,1,1,1.0,4.0,1,1,1,1,1.0,4.0,1,1,1,1,36.0,3.0,0,0,0,0,10.0,3.0,0,1,1,1,1.0,3.0,1,1,1,1,1.0,3.0,1,1,1,1,1.0,3.0,1,1,1,1,1.0,2.0,1,1,1,1
27,594,594,2024,21,1,2.0,2.0,False,1,SANTO ANTONIO,5.0,4.0,1,1,1,1,2.0,4.0,1,1,1,1,6.0,4.0,0,1,1,1,6.0,4.0,0,1,1,1,3.0,4.0,1,1,1,1,66.0,1.0,0,0,0,0,27.0,2.0,0,0,0,0,66.0,1.0,0,0,0,0,66.0,1.0,0,0,0,0,27.0,2.0,0,0,0,0,66.0,1.0,0,0,0,0
27,598,598,2024,25,1,1.0,1.0,True,1,SANTO ANTONIO,18.0,3.0,0,0,0,1,12.0,3.0,0,0,1,1,10.0,1.0,0,1,1,1,30.0,3.0,0,0,0,0,17.0,3.0,0,0,0,1,33.0,4.0,0,0,0,0,7.0,4.0,0,1,1,1,7.0,4.0,0,1,1,1,1.0,4.0,1,1,1,1,1.0,4.0,1,1,1,1,7.0,4.0,0,1,1,1
27,601,601,2024,28,1,3.0,3.0,False,1,SANTO ANTONIO,46.0,1.0,0,0,0,0,28.0,2.0,0,0,0,0,10.0,4.0,0,1,1,1,23.0,2.0,0,0,0,0,19.0,2.0,0,0,0,1,49.0,3.0,0,0,0,0,15.0,3.0,0,0,1,1,11.0,3.0,0,0,1,1,1.0,3.0,1,1,1,1,1.0,3.0,1,1,1,1,1.0,3.0,1,1,1,1
27,608,608,2024,35,1,1.0,1.0,False,1,SANTO ANTONIO,25.0,2.0,0,0,0,0,22.0,4.0,0,0,0,0,14.0,4.0,0,0,1,1,13.0,3.0,0,0,1,1,13.0,3.0,0,0,1,1,50.0,3.0,0,0,0,0,33.0,3.0,0,0,0,0,50.0,3.0,0,0,0,0,50.0,3.0,0,0,0,0,33.0,3.0,0,0,0,0,50.0,3.0,0,0,0,0
27,617,617,2024,44,1,1.0,1.0,False,1,SANTO ANTONIO,45.0,3.0,0,0,0,0,40.0,3.0,0,0,0,0,22.0,2.0,0,0,0,0,36.0,3.0,0,0,0,0,33.0,3.0,0,0,0,0,51.0,1.0,0,0,0,0,35.0,3.0,0,0,0,0,51.0,1.0,0,0,0,0,51.0,1.0,0,0,0,0,35.0,3.0,0,0,0,0,51.0,1.0,0,0,0,0
27,628,628,2025,3,1,1.0,1.0,False,1,SANTO ANTONIO,35.0,4.0,0,0,0,0,28.0,4.0,0,0,0,0,9.0,4.0,0,1,1,1,16.0,4.0,0,0,0,1,16.0,4.0,0,0,0,1,43.0,2.0,0,0,0,0,29.0,3.0,0,0,0,0,43.0,2.0,0,0,0,0,43.0,2.0,0,0,0,0,29.0,3.0,0,0,0,0,43.0,2.0,0,0,0,0
27,630,630,2025,5,1,1.0,1.0,False,1,SANTO ANTONIO,20.0,1.0,0,0,0,1,18.0,1.0,0,0,0,1,26.0,1.0,0,0,0,0,15.0,1.0,0,0,1,1,15.0,1.0,0,0,1,1,33.0,2.0,0,0,0,0,14.0,2.0,0,0,1,1,4.0,2.0,1,1,1,1,1.0,2.0,1,1,1,1,1.0,2.0,1,1,1,1,1.0,2.0,1,1,1,1
27,632,632,2025,7,1,3.0,3.0,True,1,SANTO ANTONIO,14.0,2.0,0,0,1,1,16.0,2.0,0,0,0,1,26.0,3.0,0,0,0,0,15.0,3.0,0,0,1,1,13.0,2.0,0,0,1,1,33.0,4.0,0,0,0,0,14.0,4.0,0,0,1,1,4.0,4.0,1,1,1,1,1.0,4.0,1,1,1,1,1.0,4.0,1,1,1,1,1.0,4.0,1,1,1,1
27,650,650,2025,25,1,1.0,1.0,False,1,SANTO ANTONIO,39.0,2.0,0,0,0,0,39.0,2.0,0,0,0,0,19.0,1.0,0,0,0,1,44.0,1.0,0,0,0,0,34.0,1.0,0,0,0,0,46.0,2.0,0,0,0,0,20.0,2.0,0,0,0,1,14.0,2.0,0,0,1,1,1.0,2.0,1,1,1,1,1.0,2.0,1,1,1,1,13.0,2.0,0,0,1,1
27,654,654,2025,29,1,1.0,1.0,True,1,SANTO ANTONIO,33.0,3.0,0,0,0,0,19.0,3.0,0,0,0,1,14.0,2.0,0,0,1,1,21.0,3.0,0,0,0,0,14.0,3.0,0,0,1,1,35.0,4.0,0,0,0,0,9.0,4.0,0,1,1,1,3.0,4.0,1,1,1,1,1.0,4.0,1,1,1,1,1.0,4.0,1,1,1,1,1.0,4.0,1,1,1,1
27,658,659,2025,33,2,4.0,2.0,True,1,SANTO ANTONIO,37.0,4.0,0,0,0,0,28.0,3.0,0,0,0,0,43.0,2.0,0,0,0,0,35.0,3.0,0,0,0,0,27.0,3.0,0,0,0,0,48.0,4.0,0,0,0,0,10.0,4.0,0,1,1,1,7.0,4.0,0,1,1,1,1.0,4.0,1,1,1,1,1.0,4.0,1,1,1,1,1.0,4.0,1,1,1,1
27,664,665,2025,39,2,2.0,1.0,False,1,SANTO ANTONIO,27.0,3.0,0,0,0,0,18.0,4.0,0,0,0,1,20.0,3.0,0,0,0,1,22.0,3.0,0,0,0,0,17.0,3.0,0,0,0,1,66.0,2.0,0,0,0,0,31.0,2.0,0,0,0,0,66.0,2.0,0,0,0,0,66.0,2.0,0,0,0,0,31.0,2.0,0,0,0,0,66.0,2.0,0,0,0,0
27,670,670,2025,45,1,1.0,1.0,False,1,SANTO ANTONIO,24.0,4.0,0,0,0,0,24.0,4.0,0,0,0,0,10.0,3.0,0,1,1,1,19.0,4.0,0,0,0,1,21.0,4.0,0,0,0,0,67.0,4.0,0,0,0,0,26.0,2.0,0,0,0,0,67.0,4.0,0,0,0,0,67.0,4.0,0,0,0,0,26.0,2.0,0,0,0,0,67.0,4.0,0,0,0,0
272,526,526,2023,5,1,1.0,1.0,False,2,TORREAO,6.0,1.0,0,1,1,1,5.0,1.0,1,1,1,1,5.0,1.0,1,1,1,1,6.0,3.0,0,1,1,1,5.0,1.0,1,1,1,1,41.0,3.0,0,0,0,0,30.0,3.0,0,0,0,0,41.0,3.0,0,0,0,0,41.0,3.0,0,0,0,0,30.0,3.0,0,0,0,0,41.0,3.0,0,0,0,0
272,548,548,2023,27,1,1.0,1.0,False,2,TORREAO,31.0,4.0,0,0,0,0,31.0,4.0,0,0,0,0,20.0,2.0,0,0,0,1,35.0,4.0,0,0,0,0,43.0,4.0,0,0,0,0,39.0,3.0,0,0,0,0,25.0,4.0,0,0,0,0,39.0,3.0,0,0,0,0,39.0,3.0,0,0,0,0,25.0,4.0,0,0,0,0,39.0,3.0,0,0,0,0
272,565,565,2023,44,1,1.0,1.0,False,2,TORREAO,51.0,1.0,0,0,0,0,51.0,1.0,0,0,0,0,49.0,2.0,0,0,0,0,52.0,1.0,0,0,0,0,48.0,2.0,0,0,0,0,45.0,4.0,0,0,0,0,24.0,1.0,0,0,0,0,45.0,4.0,0,0,0,0,45.0,4.0,0,0,0,0,24.0,1.0,0,0,0,0,45.0,4.0,0,0,0,0
272,578,578,2024,5,1,1.0,1.0,False,2,TORREAO,11.0,3.0,0,0,1,1,8.0,2.0,0,1,1,1,7.0,2.0,0,1,1,1,9.0,1.0,0,1,1,1,7.0,2.0,0,1,1,1,42.0,4.0,0,0,0,0,29.0,4.0,0,0,0,0,42.0,4.0,0,0,0,0,42.0,4.0,0,0,0,0,29.0,4.0,0,0,0,0,42.0,4.0,0,0,0,0
272,583,583,2024,10,1,1.0,1.0,False,2,TORREAO,5.0,4.0,1,1,1,1,1.0,4.0,1,1,1,1,1.0,4.0,1,1,1,1,5.0,4.0,1,1,1,1,2.0,4.0,1,1,1,1,60.0,3.0,0,0,0,0,38.0,3.0,0,0,0,0,60.0,3.0,0,0,0,0,60.0,3.0,0,0,0,0,38.0,3.0,0,0,0,0,60.0,3.0,0,0,0,0
272,588,588,2024,15,1,1.0,1.0,False,2,TORREAO,27.0,2.0,0,0,0,0,36.0,2.0,0,0,0,0,24.0,2.0,0,0,0,0,23.0,2.0,0,0,0,0,16.0,2.0,0,0,0,1,76.0,2.0,0,0,0,0,25.0,2.0,0,0,0,0,76.0,2.0,0,0,0,0,76.0,2.0,0,0,0,0,25.0,2.0,0,0,0,0,76.0,2.0,0,0,0,0
272,654,654,2025,29,1,1.0,1.0,False,2,TORREAO,76.0,3.0,0,0,0,0,72.0,3.0,0,0,0,0,57.0,2.0,0,0,0,0,70.0,2.0,0,0,0,0,70.0,2.0,0,0,0,0,60.0,3.0,0,0,0,0,26.0,3.0,0,0,0,0,60.0,3.0,0,0,0,0,60.0,3.0,0,0,0,0,26.0,3.0,0,0,0,0,60.0,3.0,0,0,0,0
272,663,663,2025,38,1,1.0,1.0,False,2,TORREAO,87.0,2.0,0,0,0,0,83.0,2.0,0,0,0,0,73.0,3.0,0,0,0,0,83.0,4.0,0,0,0,0,81.0,4.0,0,0,0,0,67.0,1.0,0,0,0,0,32.0,1.0,0,0,0,0,67.0,1.0,0,0,0,0,67.0,1.0,0,0,0,0,32.0,1.0,0,0,0,0,67.0,1.0,0,0,0,0
272,665,665,2025,40,1,1.0,1.0,False,2,TORREAO,80.0,1.0,0,0,0,0,79.0,1.0,0,0,0,0,42.0,1.0,0,0,0,0,81.0,1.0,0,0,0,0,65.0,1.0,0,0,0,0,49.0,2.0,0,0,0,0,14.0,2.0,0,0,1,1,24.0,2.0,0,0,0,0,11.0,2.0,0,0,1,1,6.0,2.0,0,1,1,1,2.0,2.0,1,1,1,1
280,581,582,2024,8,2,26.0,14.0,False,2,CAMPO GRANDE,35.0,1.0,0,0,0,0,29.0,1.0,0,0,0,0,20.0,1.0,0,0,0,1,35.0,1.0,0,0,0,0,37.0,1.0,0,0,0,0,10.0,1.0,0,1,1,1,8.0,3.0,0,1,1,1,12.0,1.0,0,0,1,1,27.0,1.0,0,0,0,0,23.0,3.0,0,0,0,0,15.0,1.0,0,0,1,1
280,654,661,2025,29,8,137.0,25.0,False,2,CAMPO GRANDE,14.0,3.0,0,0,1,1,25.0,3.0,0,0,0,0,12.0,1.0,0,0,1,1,16.0,1.0,0,0,0,1,12.0,1.0,0,0,1,1,4.0,4.0,1,1,1,1,5.0,4.0,1,1,1,1,11.0,4.0,0,0,1,1,11.0,4.0,0,0,1,1,8.0,4.0,0,1,1,1,13.0,4.0,0,0,1,1
280,669,669,2025,44,1,9.0,9.0,False,2,CAMPO GRANDE,21.0,2.0,0,0,0,0,17.0,2.0,0,0,0,1,15.0,2.0,0,0,1,1,11.0,2.0,0,0,1,1,18.0,2.0,0,0,0,1,9.0,4.0,0,1,1,1,26.0,3.0,0,0,0,0,42.0,2.0,0,0,0,0,23.0,3.0,0,0,0,0,26.0,3.0,0,0,0,0,45.0,2.0,0,0,0,0
280,671,671,2025,46,1,8.0,8.0,False,2,CAMPO GRANDE,21.0,4.0,0,0,0,0,17.0,4.0,0,0,0,1,15.0,4.0,0,0,1,1,11.0,4.0,0,0,1,1,18.0,4.0,0,0,0,1,6.0,2.0,0,1,1,1,3.0,2.0,1,1,1,1,17.0,2.0,0,0,0,1,14.0,2.0,0,0,1,1,10.0,2.0,0,1,1,1,21.0,2.0,0,0,0,0
280,673,675,2025,48,3,20.0,7.0,True,2,CAMPO GRANDE,35.0,3.0,0,0,0,0,42.0,3.0,0,0,0,0,14.0,1.0,0,0,1,1,34.0,1.0,0,0,0,0,37.0,3.0,0,0,0,0,4.0,2.0,1,1,1,1,3.0,4.0,1,1,1,1,14.0,2.0,0,0,1,1,14.0,4.0,0,0,1,1,10.0,4.0,0,1,1,1,17.0,2.0,0,0,0,1
299,524,524,2023,3,1,1.0,1.0,False,2,PEIXINHOS,5.0,1.0,1,1,1,1,9.0,1.0,0,1,1,1,7.0,1.0,0,1,1,1,20.0,1.0,0,0,0,1,12.0,1.0,0,0,1,1,42.0,1.0,0,0,0,0,31.0,1.0,0,0,0,0,42.0,1.0,0,0,0,0,42.0,1.0,0,0,0,0,31.0,1.0,0,0,0,0,42.0,1.0,0,0,0,0
299,532,532,2023,11,1,1.0,1.0,False,2,PEIXINHOS,11.0,2.0,0,0,1,1,13.0,1.0,0,0,1,1,9.0,1.0,0,1,1,1,28.0,1.0,0,0,0,0,20.0,1.0,0,0,0,1,33.0,3.0,0,0,0,0,24.0,3.0,0,0,0,0,33.0,3.0,0,0,0,0,33.0,3.0,0,0,0,0,24.0,3.0,0,0,0,0,33.0,3.0,0,0,0,0
299,537,537,2023,16,1,2.0,2.0,False,2,PEIXINHOS,13.0,4.0,0,0,1,1,21.0,4.0,0,0,0,0,14.0,4.0,0,0,1,1,25.0,4.0,0,0,0,0,21.0,4.0,0,0,0,0,54.0,2.0,0,0,0,0,20.0,2.0,0,0,0,1,54.0,2.0,0,0,0,0,54.0,2.0,0,0,0,0,20.0,2.0,0,0,0,1,54.0,2.0,0,0,0,0
299,543,543,2023,22,1,1.0,1.0,False,2,PEIXINHOS,5.0,2.0,1,1,1,1,6.0,2.0,0,1,1,1,1.0,2.0,1,1,1,1,1.0,2.0,1,1,1,1,3.0,2.0,1,1,1,1,44.0,4.0,0,0,0,0,32.0,1.0,0,0,0,0,44.0,4.0,0,0,0,0,44.0,4.0,0,0,0,0,32.0,1.0,0,0,0,0,44.0,4.0,0,0,0,0
299,547,547,2023,26,1,2.0,2.0,True,2,PEIXINHOS,3.0,4.0,1,1,1,1,2.0,4.0,1,1,1,1,1.0,3.0,1,1,1,1,3.0,4.0,1,1,1,1,2.0,3.0,1,1,1,1,14.0,4.0,0,0,1,1,4.0,4.0,1,1,1,1,1.0,4.0,1,1,1,1,1.0,4.0,1,1,1,1,1.0,4.0,1,1,1,1,1.0,4.0,1,1,1,1
299,572,572,2023,51,1,2.0,2.0,False,2,PEIXINHOS,27.0,2.0,0,0,0,0,27.0,2.0,0,0,0,0,27.0,2.0,0,0,0,0,27.0,4.0,0,0,0,0,24.0,2.0,0,0,0,0,46.0,2.0,0,0,0,0,27.0,3.0,0,0,0,0,46.0,2.0,0,0,0,0,46.0,2.0,0,0,0,0,27.0,3.0,0,0,0,0,46.0,2.0,0,0,0,0
299,580,583,2024,7,4,7.0,4.0,False,2,PEIXINHOS,7.0,4.0,0,1,1,1,10.0,4.0,0,1,1,1,8.0,4.0,0,1,1,1,8.0,4.0,0,1,1,1,10.0,4.0,0,1,1,1,44.0,4.0,0,0,0,0,30.0,4.0,0,0,0,0,44.0,4.0,0,0,0,0,44.0,4.0,0,0,0,0,30.0,4.0,0,0,0,0,44.0,4.0,0,0,0,0
299,594,594,2024,21,1,1.0,1.0,False,2,PEIXINHOS,72.0,1.0,0,0,0,0,72.0,3.0,0,0,0,0,60.0,3.0,0,0,0,0,75.0,1.0,0,0,0,0,71.0,3.0,0,0,0,0,68.0,1.0,0,0,0,0,24.0,4.0,0,0,0,0,68.0,1.0,0,0,0,0,68.0,1.0,0,0,0,0,24.0,4.0,0,0,0,0,68.0,1.0,0,0,0,0
299,601,601,2024,28,1,1.0,1.0,False,2,PEIXINHOS,58.0,1.0,0,0,0,0,64.0,1.0,0,0,0,0,43.0,4.0,0,0,0,0,63.0,4.0,0,0,0,0,64.0,1.0,0,0,0,0,64.0,2.0,0,0,0,0,32.0,2.0,0,0,0,0,64.0,2.0,0,0,0,0,64.0,2.0,0,0,0,0,32.0,2.0,0,0,0,0,64.0,2.0,0,0,0,0
299,612,612,2024,39,1,1.0,1.0,False,2,PEIXINHOS,37.0,1.0,0,0,0,0,37.0,1.0,0,0,0,0,43.0,4.0,0,0,0,0,39.0,1.0,0,0,0,0,47.0,1.0,0,0,0,0,39.0,4.0,0,0,0,0,12.0,4.0,0,0,1,1,24.0,4.0,0,0,0,0,7.0,4.0,0,1,1,1,4.0,4.0,1,1,1,1,20.0,4.0,0,0,0,1
299,614,614,2024,41,1,1.0,1.0,False,2,PEIXINHOS,9.0,1.0,0,1,1,1,10.0,1.0,0,1,1,1,10.0,1.0,0,1,1,1,11.0,1.0,0,0,1,1,15.0,1.0,0,0,1,1,23.0,2.0,0,0,0,0,10.0,2.0,0,1,1,1,12.0,2.0,0,0,1,1,3.0,2.0,1,1,1,1,3.0,2.0,1,1,1,1,5.0,2.0,1,1,1,1
299,618,618,2024,45,1,1.0,1.0,True,2,PEIXINHOS,25.0,2.0,0,0,0,0,17.0,1.0,0,0,0,1,12.0,1.0,0,0,1,1,18.0,1.0,0,0,0,1,27.0,2.0,0,0,0,0,22.0,4.0,0,0,0,0,8.0,4.0,0,1,1,1,14.0,4.0,0,0,1,1,4.0,4.0,1,1,1,1,4.0,4.0,1,1,1,1,5.0,4.0,1,1,1,1
299,635,636,2025,10,2,2.0,1.0,False,2,PEIXINHOS,33.0,1.0,0,0,0,0,35.0,1.0,0,0,0,0,55.0,1.0,0,0,0,0,59.0,1.0,0,0,0,0,54.0,1.0,0,0,0,0,61.0,1.0,0,0,0,0,36.0,3.0,0,0,0,0,61.0,1.0,0,0,0,0,61.0,1.0,0,0,0,0,36.0,3.0,0,0,0,0,61.0,1.0,0,0,0,0
299,647,647,2025,22,1,1.0,1.0,False,2,PEIXINHOS,2.0,4.0,1,1,1,1,5.0,4.0,1,1,1,1,9.0,2.0,0,1,1,1,2.0,4.0,1,1,1,1,4.0,4.0,1,1,1,1,55.0,1.0,0,0,0,0,26.0,2.0,0,0,0,0,55.0,1.0,0,0,0,0,55.0,1.0,0,0,0,0,26.0,2.0,0,0,0,0,55.0,1.0,0,0,0,0
299,654,663,2025,29,10,27.0,5.0,False,2,PEIXINHOS,45.0,3.0,0,0,0,0,51.0,3.0,0,0,0,0,47.0,4.0,0,0,0,0,39.0,4.0,0,0,0,0,52.0,4.0,0,0,0,0,61.0,3.0,0,0,0,0,27.0,3.0,0,0,0,0,61.0,3.0,0,0,0,0,61.0,3.0,0,0,0,0,27.0,3.0,0,0,0,0,61.0,3.0,0,0,0,0
299,665,665,2025,40,1,1.0,1.0,True,2,PEIXINHOS,2.0,3.0,1,1,1,1,2.0,3.0,1,1,1,1,6.0,1.0,0,1,1,1,2.0,1.0,1,1,1,1,2.0,1.0,1,1,1,1,19.0,4.0,0,0,0,1,9.0,4.0,0,1,1,1,3.0,4.0,1,1,1,1,1.0,4.0,1,1,1,1,1.0,4.0,1,1,1,1,5.0,4.0,1,1,1,1
299,667,667,2025,42,1,1.0,1.0,True,2,PEIXINHOS,2.0,3.0,1,1,1,1,2.0,3.0,1,1,1,1,6.0,3.0,0,1,1,1,2.0,3.0,1,1,1,1,2.0,3.0,1,1,1,1,24.0,4.0,0,0,0,0,7.0,2.0,0,1,1,1,6.0,4.0,0,1,1,1,3.0,4.0,1,1,1,1,2.0,4.0,1,1,1,1,8.0,4.0,0,1,1,1
299,669,669,2025,44,1,2.0,2.0,True,2,PEIXINHOS,7.0,4.0,0,1,1,1,5.0,4.0,1,1,1,1,30.0,1.0,0,0,0,0,21.0,1.0,0,0,0,0,28.0,4.0,0,0,0,0,44.0,4.0,0,0,0,0,7.0,4.0,0,1,1,1,36.0,1.0,0,0,0,0,9.0,4.0,0,1,1,1,4.0,4.0,1,1,1,1,19.0,4.0,0,0,0,1
299,675,675,2025,50,1,1.0,1.0,False,2,PEIXINHOS,16.0,1.0,0,0,0,1,10.0,1.0,0,1,1,1,3.0,1.0,1,1,1,1,26.0,4.0,0,0,0,0,20.0,4.0,0,0,0,1,33.0,1.0,0,0,0,0,13.0,3.0,0,0,1,1,30.0,3.0,0,0,0,0,5.0,2.0,1,1,1,1,4.0,3.0,1,1,1,1,23.0,2.0,0,0,0,0
302,548,548,2023,27,1,1.0,1.0,False,2,HIPODROMO,22.0,2.0,0,0,0,0,23.0,3.0,0,0,0,0,17.0,1.0,0,0,0,1,29.0,2.0,0,0,0,0,29.0,2.0,0,0,0,0,41.0,3.0,0,0,0,0,27.0,4.0,0,0,0,0,41.0,3.0,0,0,0,0,41.0,3.0,0,0,0,0,27.0,4.0,0,0,0,0,41.0,3.0,0,0,0,0
302,557,557,2023,36,1,1.0,1.0,False,2,HIPODROMO,35.0,4.0,0,0,0,0,32.0,4.0,0,0,0,0,31.0,3.0,0,0,0,0,31.0,4.0,0,0,0,0,32.0,4.0,0,0,0,0,47.0,1.0,0,0,0,0,31.0,1.0,0,0,0,0,47.0,1.0,0,0,0,0,47.0,1.0,0,0,0,0,31.0,1.0,0,0,0,0,47.0,1.0,0,0,0,0
302,559,559,2023,38,1,1.0,1.0,False,2,HIPODROMO,29.0,1.0,0,0,0,0,23.0,1.0,0,0,0,0,23.0,1.0,0,0,0,0,29.0,1.0,0,0,0,0,19.0,1.0,0,0,0,1,21.0,2.0,0,0,0,0,11.0,2.0,0,0,1,1,1.0,2.0,1,1,1,1,1.0,2.0,1,1,1,1,1.0,2.0,1,1,1,1,1.0,2.0,1,1,1,1
302,579,579,2024,6,1,1.0,1.0,False,2,HIPODROMO,13.0,3.0,0,0,1,1,13.0,1.0,0,0,1,1,9.0,3.0,0,1,1,1,11.0,1.0,0,0,1,1,10.0,1.0,0,1,1,1,45.0,3.0,0,0,0,0,31.0,3.0,0,0,0,0,45.0,3.0,0,0,0,0,45.0,3.0,0,0,0,0,31.0,3.0,0,0,0,0,45.0,3.0,0,0,0,0
302,581,583,2024,8,3,3.0,1.0,False,2,HIPODROMO,5.0,1.0,1,1,1,1,4.0,1.0,1,1,1,1,2.0,1.0,1,1,1,1,5.0,1.0,1,1,1,1,4.0,1.0,1,1,1,1,32.0,2.0,0,0,0,0,16.0,2.0,0,0,0,1,4.0,2.0,1,1,1,1,3.0,2.0,1,1,1,1,2.0,2.0,1,1,1,1,2.0,2.0,1,1,1,1
302,588,588,2024,15,1,1.0,1.0,False,2,HIPODROMO,7.0,4.0,0,1,1,1,5.0,4.0,1,1,1,1,3.0,4.0,1,1,1,1,8.0,4.0,0,1,1,1,2.0,3.0,1,1,1,1,78.0,2.0,0,0,0,0,27.0,2.0,0,0,0,0,78.0,2.0,0,0,0,0,78.0,2.0,0,0,0,0,27.0,2.0,0,0,0,0,78.0,2.0,0,0,0,0
302,592,592,2024,19,1,1.0,1.0,True,2,HIPODROMO,49.0,4.0,0,0,0,0,52.0,4.0,0,0,0,0,50.0,4.0,0,0,0,0,54.0,3.0,0,0,0,0,47.0,3.0,0,0,0,0,66.0,4.0,0,0,0,0,21.0,4.0,0,0,0,0,52.0,4.0,0,0,0,0,27.0,4.0,0,0,0,0,9.0,4.0,0,1,1,1,31.0,4.0,0,0,0,0
302,594,594,2024,21,1,1.0,1.0,False,2,HIPODROMO,47.0,1.0,0,0,0,0,49.0,1.0,0,0,0,0,24.0,1.0,0,0,0,0,54.0,1.0,0,0,0,0,48.0,1.0,0,0,0,0,41.0,2.0,0,0,0,0,8.0,2.0,0,1,1,1,19.0,2.0,0,0,0,1,6.0,2.0,0,1,1,1,5.0,2.0,1,1,1,1,4.0,2.0,1,1,1,1
302,616,616,2024,43,1,2.0,2.0,False,2,HIPODROMO,58.0,2.0,0,0,0,0,56.0,2.0,0,0,0,0,60.0,2.0,0,0,0,0,62.0,2.0,0,0,0,0,58.0,2.0,0,0,0,0,52.0,4.0,0,0,0,0,37.0,2.0,0,0,0,0,52.0,4.0,0,0,0,0,52.0,4.0,0,0,0,0,37.0,2.0,0,0,0,0,52.0,4.0,0,0,0,0
302,623,623,2024,50,1,1.0,1.0,False,2,HIPODROMO,24.0,2.0,0,0,0,0,24.0,2.0,0,0,0,0,11.0,1.0,0,0,1,1,15.0,2.0,0,0,1,1,15.0,2.0,0,0,1,1,58.0,3.0,0,0,0,0,27.0,4.0,0,0,0,0,58.0,3.0,0,0,0,0,58.0,3.0,0,0,0,0,27.0,4.0,0,0,0,0,58.0,3.0,0,0,0,0
302,633,633,2025,8,1,2.0,2.0,False,2,HIPODROMO,29.0,4.0,0,0,0,0,28.0,1.0,0,0,0,0,17.0,4.0,0,0,0,1,26.0,4.0,0,0,0,0,21.0,4.0,0,0,0,0,53.0,4.0,0,0,0,0,30.0,4.0,0,0,0,0,53.0,4.0,0,0,0,0,53.0,4.0,0,0,0,0,30.0,4.0,0,0,0,0,53.0,4.0,0,0,0,0
302,639,639,2025,14,1,1.0,1.0,False,2,HIPODROMO,3.0,3.0,1,1,1,1,5.0,3.0,1,1,1,1,2.0,3.0,1,1,1,1,5.0,3.0,1,1,1,1,5.0,3.0,1,1,1,1,50.0,4.0,0,0,0,0,21.0,4.0,0,0,0,0,50.0,4.0,0,0,0,0,50.0,4.0,0,0,0,0,21.0,4.0,0,0,0,0,50.0,4.0,0,0,0,0
302,654,654,2025,29,1,1.0,1.0,False,2,HIPODROMO,68.0,2.0,0,0,0,0,71.0,2.0,0,0,0,0,64.0,4.0,0,0,0,0,65.0,2.0,0,0,0,0,64.0,2.0,0,0,0,0,62.0,3.0,0,0,0,0,28.0,3.0,0,0,0,0,62.0,3.0,0,0,0,0,62.0,3.0,0,0,0,0,28.0,3.0,0,0,0,0,62.0,3.0,0,0,0,0
302,659,660,2025,34,2,2.0,1.0,False,2,HIPODROMO,80.0,4.0,0,0,0,0,76.0,4.0,0,0,0,0,71.0,4.0,0,0,0,0,75.0,4.0,0,0,0,0,73.0,4.0,0,0,0,0,71.0,3.0,0,0,0,0,39.0,3.0,0,0,0,0,71.0,3.0,0,0,0,0,71.0,3.0,0,0,0,0,39.0,3.0,0,0,0,0,71.0,3.0,0,0,0,0
302,662,664,2025,37,3,3.0,1.0,False,2,HIPODROMO,33.0,1.0,0,0,0,0,29.0,1.0,0,0,0,0,29.0,1.0,0,0,0,0,29.0,1.0,0,0,0,0,29.0,1.0,0,0,0,0,50.0,3.0,0,0,0,0,8.0,3.0,0,1,1,1,25.0,2.0,0,0,0,0,11.0,3.0,0,0,1,1,2.0,3.0,1,1,1,1,4.0,2.0,1,1,1,1
302,668,668,2025,43,1,1.0,1.0,True,2,HIPODROMO,17.0,4.0,0,0,0,1,16.0,3.0,0,0,0,1,18.0,3.0,0,0,0,1,17.0,1.0,0,0,0,1,19.0,1.0,0,0,0,1,54.0,4.0,0,0,0,0,36.0,2.0,0,0,0,0,27.0,4.0,0,0,0,0,16.0,4.0,0,0,0,1,36.0,2.0,0,0,0,0,5.0,4.0,1,1,1,1
302,671,671,2025,46,1,1.0,1.0,False,2,HIPODROMO,19.0,4.0,0,0,0,1,10.0,2.0,0,1,1,1,7.0,2.0,0,1,1,1,9.0,2.0,0,1,1,1,8.0,2.0,0,1,1,1,47.0,3.0,0,0,0,0,6.0,3.0,0,1,1,1,37.0,3.0,0,0,0,0,6.0,3.0,0,1,1,1,3.0,3.0,1,1,1,1,18.0,3.0,0,0,0,1
302,674,674,2025,49,1,1.0,1.0,False,2,HIPODROMO,22.0,2.0,0,0,0,0,23.0,1.0,0,0,0,0,12.0,1.0,0,0,1,1,22.0,1.0,0,0,0,0,23.0,2.0,0,0,0,0,37.0,3.0,0,0,0,0,7.0,3.0,0,1,1,1,28.0,3.0,0,0,0,0,3.0,3.0,1,1,1,1,2.0,3.0,1,1,1,1,12.0,3.0,0,0,1,1
310,572,572,2023,51,1,3.0,3.0,False,2,CAMPINA DO BARRETO,50.0,3.0,0,0,0,0,56.0,3.0,0,0,0,0,34.0,1.0,0,0,0,0,13.0,1.0,0,0,1,1,26.0,1.0,0,0,0,0,15.0,2.0,0,0,1,1,6.0,2.0,0,1,1,1,22.0,1.0,0,0,0,0,10.0,4.0,0,1,1,1,6.0,4.0,0,1,1,1,18.0,1.0,0,0,0,1
310,581,582,2024,8,2,17.0,9.0,False,2,CAMPINA DO BARRETO,8.0,4.0,0,1,1,1,8.0,4.0,0,1,1,1,15.0,4.0,0,0,1,1,8.0,4.0,0,1,1,1,7.0,4.0,0,1,1,1,26.0,4.0,0,0,0,0,12.0,4.0,0,0,1,1,19.0,4.0,0,0,0,1,12.0,4.0,0,0,1,1,9.0,4.0,0,1,1,1,17.0,4.0,0,0,0,1
310,600,600,2024,27,1,4.0,4.0,False,2,CAMPINA DO BARRETO,6.0,1.0,0,1,1,1,10.0,1.0,0,1,1,1,9.0,1.0,0,1,1,1,6.0,4.0,0,1,1,1,5.0,4.0,1,1,1,1,17.0,2.0,0,0,0,1,10.0,2.0,0,1,1,1,20.0,2.0,0,0,0,1,5.0,4.0,1,1,1,1,12.0,2.0,0,0,1,1,20.0,2.0,0,0,0,1
310,624,624,2024,51,1,3.0,3.0,False,2,CAMPINA DO BARRETO,9.0,3.0,0,1,1,1,14.0,3.0,0,0,1,1,4.0,2.0,1,1,1,1,5.0,3.0,1,1,1,1,7.0,3.0,0,1,1,1,14.0,2.0,0,0,1,1,22.0,4.0,0,0,0,0,29.0,4.0,0,0,0,0,9.0,4.0,0,1,1,1,13.0,4.0,0,0,1,1,26.0,4.0,0,0,0,0
310,629,630,2025,4,2,7.0,4.0,False,2,CAMPINA DO BARRETO,1.0,2.0,1,1,1,1,2.0,2.0,1,1,1,1,1.0,3.0,1,1,1,1,1.0,2.0,1,1,1,1,1.0,1.0,1,1,1,1,14.0,3.0,0,0,1,1,20.0,3.0,0,0,0,1,8.0,3.0,0,1,1,1,2.0,3.0,1,1,1,1,7.0,3.0,0,1,1,1,9.0,3.0,0,1,1,1
310,653,664,2025,28,12,111.0,14.0,False,2,CAMPINA DO BARRETO,32.0,1.0,0,0,0,0,46.0,1.0,0,0,0,0,37.0,1.0,0,0,0,0,29.0,1.0,0,0,0,0,43.0,1.0,0,0,0,0,13.0,3.0,0,0,1,1,2.0,3.0,1,1,1,1,13.0,1.0,0,0,1,1,6.0,1.0,0,1,1,1,4.0,3.0,1,1,1,1,17.0,3.0,0,0,0,1
310,666,669,2025,41,4,27.0,9.0,True,2,CAMPINA DO BARRETO,2.0,1.0,1,1,1,1,3.0,1.0,1,1,1,1,9.0,1.0,0,1,1,1,3.0,1.0,1,1,1,1,5.0,1.0,1,1,1,1,10.0,4.0,0,1,1,1,30.0,3.0,0,0,0,0,7.0,2.0,0,1,1,1,2.0,2.0,1,1,1,1,12.0,3.0,0,0,1,1,16.0,3.0,0,0,0,1
310,671,672,2025,46,2,8.0,4.0,True,2,CAMPINA DO BARRETO,14.0,1.0,0,0,1,1,27.0,1.0,0,0,0,0,17.0,1.0,0,0,0,1,19.0,1.0,0,0,0,1,12.0,1.0,0,0,1,1,5.0,3.0,1,1,1,1,17.0,3.0,0,0,0,1,4.0,3.0,1,1,1,1,2.0,3.0,1,1,1,1,5.0,3.0,1,1,1,1,6.0,3.0,0,1,1,1
310,674,674,2025,49,1,4.0,4.0,False,2,CAMPINA DO BARRETO,1.0,1.0,1,1,1,1,2.0,1.0,1,1,1,1,13.0,1.0,0,0,1,1,4.0,1.0,1,1,1,1,9.0,1.0,0,1,1,1,10.0,2.0,0,1,1,1,1.0,3.0,1,1,1,1,13.0,2.0,0,0,1,1,5.0,3.0,1,1,1,1,3.0,3.0,1,1,1,1,13.0,2.0,0,0,1,1
329,571,571,2023,50,1,1.0,1.0,False,2,ARRUDA,57.0,1.0,0,0,0,0,68.0,1.0,0,0,0,0,59.0,1.0,0,0,0,0,46.0,1.0,0,0,0,0,53.0,1.0,0,0,0,0,46.0,4.0,0,0,0,0,29.0,4.0,0,0,0,0,46.0,4.0,0,0,0,0,46.0,4.0,0,0,0,0,29.0,4.0,0,0,0,0,46.0,4.0,0,0,0,0
329,573,573,2023,52,1,1.0,1.0,False,2,ARRUDA,57.0,3.0,0,0,0,0,62.0,2.0,0,0,0,0,51.0,2.0,0,0,0,0,46.0,3.0,0,0,0,0,53.0,3.0,0,0,0,0,18.0,2.0,0,0,0,1,8.0,2.0,0,1,1,1,9.0,2.0,0,1,1,1,19.0,2.0,0,0,0,1,13.0,2.0,0,0,1,1,9.0,2.0,0,1,1,1
329,603,603,2024,30,1,5.0,5.0,False,2,ARRUDA,38.0,1.0,0,0,0,0,39.0,1.0,0,0,0,0,40.0,3.0,0,0,0,0,25.0,2.0,0,0,0,0,21.0,2.0,0,0,0,0,18.0,1.0,0,0,0,1,16.0,1.0,0,0,0,1,17.0,1.0,0,0,0,1,17.0,4.0,0,0,0,1,13.0,1.0,0,0,1,1,20.0,1.0,0,0,0,1
329,620,620,2024,47,1,3.0,3.0,False,2,ARRUDA,69.0,1.0,0,0,0,0,62.0,1.0,0,0,0,0,53.0,2.0,0,0,0,0,45.0,1.0,0,0,0,0,58.0,1.0,0,0,0,0,13.0,1.0,0,0,1,1,9.0,2.0,0,1,1,1,12.0,1.0,0,0,1,1,10.0,1.0,0,1,1,1,12.0,2.0,0,0,1,1,19.0,1.0,0,0,0,1
329,622,624,2024,49,3,6.0,3.0,False,2,ARRUDA,8.0,1.0,0,1,1,1,7.0,1.0,0,1,1,1,17.0,1.0,0,0,0,1,7.0,1.0,0,1,1,1,4.0,1.0,1,1,1,1,11.0,2.0,0,0,1,1,9.0,4.0,0,1,1,1,4.0,2.0,1,1,1,1,8.0,2.0,0,1,1,1,12.0,4.0,0,0,1,1,7.0,2.0,0,1,1,1
329,657,664,2025,32,8,46.0,9.0,False,2,ARRUDA,23.0,1.0,0,0,0,0,17.0,1.0,0,0,0,1,11.0,1.0,0,0,1,1,18.0,1.0,0,0,0,1,19.0,1.0,0,0,0,1,19.0,2.0,0,0,0,1,3.0,4.0,1,1,1,1,26.0,2.0,0,0,0,0,24.0,4.0,0,0,0,0,9.0,4.0,0,1,1,1,27.0,2.0,0,0,0,0
329,666,667,2025,41,2,5.0,3.0,True,2,ARRUDA,13.0,1.0,0,0,1,1,6.0,1.0,0,1,1,1,22.0,1.0,0,0,0,0,9.0,1.0,0,1,1,1,7.0,1.0,0,1,1,1,15.0,4.0,0,0,1,1,33.0,3.0,0,0,0,0,8.0,4.0,0,1,1,1,8.0,4.0,0,1,1,1,28.0,3.0,0,0,0,0,8.0,4.0,0,1,1,1
329,669,669,2025,44,1,4.0,4.0,False,2,ARRUDA,13.0,4.0,0,0,1,1,6.0,4.0,0,1,1,1,17.0,1.0,0,0,0,1,9.0,4.0,0,1,1,1,5.0,1.0,1,1,1,1,27.0,3.0,0,0,0,0,17.0,3.0,0,0,0,1,23.0,3.0,0,0,0,0,30.0,3.0,0,0,0,0,18.0,3.0,0,0,0,1,22.0,3.0,0,0,0,0
329,672,672,2025,47,1,3.0,3.0,False,2,ARRUDA,11.0,2.0,0,0,1,1,10.0,2.0,0,1,1,1,17.0,4.0,0,0,0,1,5.0,2.0,1,1,1,1,5.0,4.0,1,1,1,1,14.0,3.0,0,0,1,1,4.0,3.0,1,1,1,1,9.0,3.0,0,1,1,1,11.0,3.0,0,0,1,1,7.0,3.0,0,1,1,1,13.0,3.0,0,0,1,1
329,675,675,2025,50,1,2.0,2.0,False,2,ARRUDA,12.0,1.0,0,0,1,1,12.0,1.0,0,0,1,1,16.0,1.0,0,0,0,1,10.0,1.0,0,1,1,1,9.0,1.0,0,1,1,1,14.0,3.0,0,0,1,1,1.0,3.0,1,1,1,1,12.0,3.0,0,0,1,1,18.0,3.0,0,0,0,1,9.0,3.0,0,1,1,1,12.0,3.0,0,0,1,1
337,614,614,2024,41,1,6.0,6.0,False,2,AGUA FRIA,51.0,2.0,0,0,0,0,39.0,2.0,0,0,0,0,71.0,4.0,0,0,0,0,65.0,4.0,0,0,0,0,53.0,2.0,0,0,0,0,11.0,2.0,0,0,1,1,23.0,2.0,0,0,0,0,23.0,2.0,0,0,0,0,31.0,4.0,0,0,0,0,26.0,2.0,0,0,0,0,27.0,2.0,0,0,0,0
337,655,670,2025,30,16,232.0,25.0,False,2,AGUA FRIA,46.0,1.0,0,0,0,0,26.0,1.0,0,0,0,0,58.0,1.0,0,0,0,0,45.0,1.0,0,0,0,0,31.0,1.0,0,0,0,0,1.0,1.0,1,1,1,1,7.0,1.0,0,1,1,1,13.0,1.0,0,0,1,1,13.0,1.0,0,0,1,1,12.0,1.0,0,0,1,1,20.0,1.0,0,0,0,1
337,673,673,2025,48,1,9.0,9.0,True,2,AGUA FRIA,19.0,2.0,0,0,0,1,25.0,2.0,0,0,0,0,25.0,2.0,0,0,0,0,25.0,2.0,0,0,0,0,11.0,2.0,0,0,1,1,1.0,3.0,1,1,1,1,31.0,1.0,0,0,0,0,2.0,3.0,1,1,1,1,9.0,4.0,0,1,1,1,34.0,1.0,0,0,0,0,6.0,3.0,0,1,1,1
345,525,525,2023,4,1,1.0,1.0,False,2,FUNDAO,39.0,1.0,0,0,0,0,46.0,1.0,0,0,0,0,31.0,2.0,0,0,0,0,42.0,2.0,0,0,0,0,42.0,2.0,0,0,0,0,45.0,2.0,0,0,0,0,33.0,2.0,0,0,0,0,45.0,2.0,0,0,0,0,45.0,2.0,0,0,0,0,33.0,2.0,0,0,0,0,45.0,2.0,0,0,0,0
345,556,556,2023,35,1,1.0,1.0,False,2,FUNDAO,29.0,1.0,0,0,0,0,30.0,1.0,0,0,0,0,34.0,2.0,0,0,0,0,32.0,2.0,0,0,0,0,33.0,2.0,0,0,0,0,25.0,2.0,0,0,0,0,12.0,2.0,0,0,1,1,23.0,2.0,0,0,0,0,16.0,2.0,0,0,0,1,10.0,2.0,0,1,1,1,22.0,2.0,0,0,0,0
345,558,558,2023,37,1,1.0,1.0,False,2,FUNDAO,19.0,2.0,0,0,0,1,17.0,1.0,0,0,0,1,18.0,1.0,0,0,0,1,14.0,2.0,0,0,1,1,17.0,2.0,0,0,0,1,19.0,2.0,0,0,0,1,10.0,2.0,0,1,1,1,8.0,2.0,0,1,1,1,8.0,2.0,0,1,1,1,6.0,2.0,0,1,1,1,7.0,2.0,0,1,1,1
345,560,560,2023,39,1,1.0,1.0,True,2,FUNDAO,19.0,4.0,0,0,0,1,15.0,2.0,0,0,1,1,17.0,1.0,0,0,0,1,14.0,4.0,0,0,1,1,17.0,4.0,0,0,0,1,19.0,4.0,0,0,0,1,10.0,4.0,0,1,1,1,8.0,4.0,0,1,1,1,8.0,4.0,0,1,1,1,6.0,4.0,0,1,1,1,7.0,4.0,0,1,1,1
345,565,565,2023,44,1,2.0,2.0,False,2,FUNDAO,7.0,4.0,0,1,1,1,8.0,4.0,0,1,1,1,9.0,4.0,0,1,1,1,10.0,3.0,0,1,1,1,10.0,4.0,0,1,1,1,51.0,4.0,0,0,0,0,29.0,1.0,0,0,0,0,51.0,4.0,0,0,0,0,51.0,4.0,0,0,0,0,29.0,1.0,0,0,0,0,51.0,4.0,0,0,0,0
345,575,575,2024,2,1,2.0,2.0,False,2,FUNDAO,32.0,4.0,0,0,0,0,41.0,4.0,0,0,0,0,34.0,1.0,0,0,0,0,25.0,4.0,0,0,0,0,35.0,4.0,0,0,0,0,46.0,2.0,0,0,0,0,29.0,2.0,0,0,0,0,46.0,2.0,0,0,0,0,46.0,2.0,0,0,0,0,29.0,2.0,0,0,0,0,46.0,2.0,0,0,0,0
345,599,599,2024,26,1,3.0,3.0,False,2,FUNDAO,16.0,2.0,0,0,0,1,13.0,2.0,0,0,1,1,4.0,2.0,1,1,1,1,10.0,2.0,0,1,1,1,13.0,3.0,0,0,1,1,30.0,4.0,0,0,0,0,1.0,4.0,1,1,1,1,25.0,4.0,0,0,0,0,13.0,4.0,0,0,1,1,8.0,4.0,0,1,1,1,25.0,4.0,0,0,0,0
345,613,613,2024,40,1,2.0,2.0,False,2,FUNDAO,76.0,4.0,0,0,0,0,80.0,4.0,0,0,0,0,80.0,4.0,0,0,0,0,64.0,4.0,0,0,0,0,68.0,4.0,0,0,0,0,52.0,2.0,0,0,0,0,30.0,3.0,0,0,0,0,52.0,2.0,0,0,0,0,52.0,2.0,0,0,0,0,30.0,3.0,0,0,0,0,52.0,2.0,0,0,0,0
345,615,615,2024,42,1,1.0,1.0,False,2,FUNDAO,21.0,1.0,0,0,0,0,22.0,1.0,0,0,0,0,34.0,1.0,0,0,0,0,20.0,1.0,0,0,0,1,27.0,1.0,0,0,0,0,18.0,2.0,0,0,0,1,4.0,2.0,1,1,1,1,5.0,2.0,1,1,1,1,8.0,2.0,0,1,1,1,5.0,2.0,1,1,1,1,3.0,2.0,1,1,1,1
345,654,654,2025,29,1,2.0,2.0,False,2,FUNDAO,13.0,2.0,0,0,1,1,13.0,2.0,0,0,1,1,2.0,1.0,1,1,1,1,5.0,1.0,1,1,1,1,8.0,1.0,0,1,1,1,35.0,3.0,0,0,0,0,30.0,3.0,0,0,0,0,18.0,3.0,0,0,0,1,21.0,3.0,0,0,0,0,30.0,3.0,0,0,0,0,16.0,3.0,0,0,0,1
345,656,670,2025,31,15,43.0,7.0,False,2,FUNDAO,13.0,4.0,0,0,1,1,13.0,4.0,0,0,1,1,2.0,3.0,1,1,1,1,5.0,3.0,1,1,1,1,8.0,3.0,0,1,1,1,26.0,2.0,0,0,0,0,27.0,2.0,0,0,0,0,17.0,2.0,0,0,0,1,22.0,2.0,0,0,0,0,23.0,2.0,0,0,0,0,18.0,2.0,0,0,0,1
345,672,672,2025,47,1,1.0,1.0,True,2,FUNDAO,2.0,2.0,1,1,1,1,2.0,1.0,1,1,1,1,2.0,1.0,1,1,1,1,4.0,1.0,1,1,1,1,6.0,1.0,0,1,1,1,11.0,3.0,0,0,1,1,1.0,3.0,1,1,1,1,1.0,3.0,1,1,1,1,3.0,3.0,1,1,1,1,3.0,3.0,1,1,1,1,4.0,3.0,1,1,1,1
35,567,567,2023,46,1,2.0,2.0,False,1,SAO JOSE,59.0,1.0,0,0,0,0,51.0,1.0,0,0,0,0,47.0,1.0,0,0,0,0,31.0,1.0,0,0,0,0,38.0,1.0,0,0,0,0,19.0,2.0,0,0,0,1,12.0,2.0,0,0,1,1,18.0,1.0,0,0,0,1,9.0,2.0,0,1,1,1,8.0,2.0,0,1,1,1,16.0,2.0,0,0,0,1
35,581,581,2024,8,1,5.0,5.0,False,1,SAO JOSE,32.0,1.0,0,0,0,0,44.0,1.0,0,0,0,0,56.0,1.0,0,0,0,0,31.0,1.0,0,0,0,0,38.0,1.0,0,0,0,0,34.0,2.0,0,0,0,0,18.0,2.0,0,0,0,1,29.0,2.0,0,0,0,0,30.0,2.0,0,0,0,0,20.0,2.0,0,0,0,1,24.0,2.0,0,0,0,0
35,588,588,2024,15,1,3.0,3.0,False,1,SAO JOSE,2.0,1.0,1,1,1,1,3.0,1.0,1,1,1,1,5.0,1.0,1,1,1,1,2.0,1.0,1,1,1,1,2.0,1.0,1,1,1,1,39.0,4.0,0,0,0,0,28.0,2.0,0,0,0,0,43.0,2.0,0,0,0,0,29.0,4.0,0,0,0,0,28.0,2.0,0,0,0,0,43.0,2.0,0,0,0,0
35,621,621,2024,48,1,2.0,2.0,False,1,SAO JOSE,27.0,1.0,0,0,0,0,21.0,1.0,0,0,0,0,16.0,2.0,0,0,0,1,31.0,1.0,0,0,0,0,22.0,1.0,0,0,0,0,15.0,4.0,0,0,1,1,6.0,4.0,0,1,1,1,10.0,4.0,0,1,1,1,11.0,4.0,0,0,1,1,8.0,4.0,0,1,1,1,19.0,4.0,0,0,0,1
35,625,625,2024,52,1,2.0,2.0,True,1,SAO JOSE,25.0,3.0,0,0,0,0,30.0,3.0,0,0,0,0,38.0,3.0,0,0,0,0,37.0,3.0,0,0,0,0,39.0,3.0,0,0,0,0,15.0,4.0,0,0,1,1,2.0,4.0,1,1,1,1,7.0,4.0,0,1,1,1,9.0,4.0,0,1,1,1,5.0,4.0,1,1,1,1,8.0,4.0,0,1,1,1
35,649,649,2025,24,1,3.0,3.0,False,1,SAO JOSE,7.0,1.0,0,1,1,1,5.0,1.0,1,1,1,1,3.0,1.0,1,1,1,1,4.0,2.0,1,1,1,1,8.0,2.0,0,1,1,1,34.0,2.0,0,0,0,0,12.0,3.0,0,0,1,1,14.0,2.0,0,0,1,1,25.0,2.0,0,0,0,0,16.0,3.0,0,0,0,1,11.0,2.0,0,0,1,1
35,656,656,2025,31,1,3.0,3.0,False,1,SAO JOSE,11.0,4.0,0,0,1,1,14.0,4.0,0,0,1,1,6.0,4.0,0,1,1,1,9.0,4.0,0,1,1,1,16.0,4.0,0,0,0,1,26.0,4.0,0,0,0,0,5.0,1.0,1,1,1,1,12.0,4.0,0,0,1,1,13.0,4.0,0,0,1,1,12.0,1.0,0,0,1,1,15.0,4.0,0,0,1,1
35,666,668,2025,41,3,8.0,4.0,False,1,SAO JOSE,42.0,2.0,0,0,0,0,39.0,1.0,0,0,0,0,19.0,1.0,0,0,0,1,25.0,2.0,0,0,0,0,33.0,2.0,0,0,0,0,44.0,4.0,0,0,0,0,7.0,4.0,0,1,1,1,54.0,1.0,0,0,0,0,43.0,4.0,0,0,0,0,14.0,4.0,0,0,1,1,55.0,1.0,0,0,0,0
35,673,674,2025,48,2,4.0,2.0,False,1,SAO JOSE,11.0,4.0,0,0,1,1,7.0,4.0,0,1,1,1,9.0,4.0,0,1,1,1,6.0,4.0,0,1,1,1,7.0,4.0,0,1,1,1,38.0,2.0,0,0,0,0,8.0,2.0,0,1,1,1,41.0,2.0,0,0,0,0,33.0,2.0,0,0,0,0,11.0,2.0,0,0,1,1,39.0,2.0,0,0,0,0
353,566,566,2023,45,1,1.0,1.0,False,2,CAJUEIRO,29.0,1.0,0,0,0,0,27.0,1.0,0,0,0,0,5.0,1.0,1,1,1,1,17.0,1.0,0,0,0,1,16.0,1.0,0,0,0,1,29.0,3.0,0,0,0,0,15.0,3.0,0,0,1,1,22.0,3.0,0,0,0,0,8.0,3.0,0,1,1,1,8.0,3.0,0,1,1,1,16.0,3.0,0,0,0,1
353,569,569,2023,48,1,2.0,2.0,False,2,CAJUEIRO,14.0,3.0,0,0,1,1,19.0,3.0,0,0,0,1,5.0,4.0,1,1,1,1,12.0,1.0,0,0,1,1,14.0,3.0,0,0,1,1,26.0,3.0,0,0,0,0,13.0,3.0,0,0,1,1,10.0,3.0,0,1,1,1,4.0,3.0,1,1,1,1,4.0,3.0,1,1,1,1,3.0,3.0,1,1,1,1
353,571,571,2023,50,1,1.0,1.0,False,2,CAJUEIRO,28.0,2.0,0,0,0,0,34.0,3.0,0,0,0,0,7.0,3.0,0,1,1,1,12.0,3.0,0,0,1,1,14.0,3.0,0,0,1,1,8.0,2.0,0,1,1,1,3.0,2.0,1,1,1,1,2.0,2.0,1,1,1,1,1.0,2.0,1,1,1,1,1.0,2.0,1,1,1,1,1.0,2.0,1,1,1,1
353,621,621,2024,48,1,1.0,1.0,False,2,CAJUEIRO,10.0,4.0,0,1,1,1,7.0,4.0,0,1,1,1,4.0,4.0,1,1,1,1,8.0,4.0,0,1,1,1,4.0,4.0,1,1,1,1,61.0,1.0,0,0,0,0,29.0,2.0,0,0,0,0,61.0,1.0,0,0,0,0,61.0,1.0,0,0,0,0,29.0,2.0,0,0,0,0,61.0,1.0,0,0,0,0
353,625,625,2024,52,1,1.0,1.0,True,2,CAJUEIRO,29.0,4.0,0,0,0,0,31.0,4.0,0,0,0,0,18.0,2.0,0,0,0,1,31.0,2.0,0,0,0,0,25.0,2.0,0,0,0,0,24.0,2.0,0,0,0,0,9.0,4.0,0,1,1,1,18.0,2.0,0,0,0,1,7.0,2.0,0,1,1,1,3.0,2.0,1,1,1,1,9.0,4.0,0,1,1,1
353,633,633,2025,8,1,3.0,3.0,False,2,CAJUEIRO,44.0,1.0,0,0,0,0,38.0,1.0,0,0,0,0,52.0,1.0,0,0,0,0,40.0,1.0,0,0,0,0,38.0,1.0,0,0,0,0,42.0,2.0,0,0,0,0,12.0,2.0,0,0,1,1,34.0,2.0,0,0,0,0,17.0,2.0,0,0,0,1,11.0,2.0,0,0,1,1,26.0,2.0,0,0,0,0
353,648,649,2025,23,2,4.0,2.0,False,2,CAJUEIRO,51.0,2.0,0,0,0,0,43.0,2.0,0,0,0,0,72.0,1.0,0,0,0,0,51.0,3.0,0,0,0,0,50.0,3.0,0,0,0,0,28.0,3.0,0,0,0,0,5.0,3.0,1,1,1,1,22.0,3.0,0,0,0,0,7.0,3.0,0,1,1,1,4.0,3.0,1,1,1,1,17.0,3.0,0,0,0,1
353,655,656,2025,30,2,5.0,3.0,False,2,CAJUEIRO,8.0,4.0,0,1,1,1,8.0,4.0,0,1,1,1,4.0,4.0,1,1,1,1,5.0,3.0,1,1,1,1,9.0,3.0,0,1,1,1,36.0,4.0,0,0,0,0,31.0,4.0,0,0,0,0,19.0,4.0,0,0,0,1,11.0,4.0,0,0,1,1,31.0,4.0,0,0,0,0,10.0,4.0,0,1,1,1
353,658,661,2025,33,4,12.0,5.0,False,2,CAJUEIRO,33.0,2.0,0,0,0,0,29.0,3.0,0,0,0,0,31.0,4.0,0,0,0,0,32.0,2.0,0,0,0,0,31.0,2.0,0,0,0,0,25.0,2.0,0,0,0,0,6.0,3.0,0,1,1,1,11.0,2.0,0,0,1,1,3.0,2.0,1,1,1,1,3.0,3.0,1,1,1,1,6.0,2.0,0,1,1,1
353,663,665,2025,38,3,10.0,5.0,True,2,CAJUEIRO,4.0,1.0,1,1,1,1,1.0,1.0,1,1,1,1,16.0,1.0,0,0,0,1,3.0,1.0,1,1,1,1,9.0,1.0,0,1,1,1,20.0,2.0,0,0,0,1,18.0,2.0,0,0,0,1,8.0,2.0,0,1,1,1,3.0,2.0,1,1,1,1,6.0,2.0,0,1,1,1,7.0,2.0,0,1,1,1
353,667,668,2025,42,2,5.0,3.0,True,2,CAJUEIRO,4.0,2.0,1,1,1,1,4.0,2.0,1,1,1,1,28.0,1.0,0,0,0,0,25.0,1.0,0,0,0,0,22.0,1.0,0,0,0,0,21.0,4.0,0,0,0,0,2.0,4.0,1,1,1,1,11.0,4.0,0,0,1,1,5.0,4.0,1,1,1,1,3.0,4.0,1,1,1,1,13.0,4.0,0,0,1,1
353,673,674,2025,48,2,5.0,3.0,False,2,CAJUEIRO,2.0,4.0,1,1,1,1,1.0,4.0,1,1,1,1,2.0,4.0,1,1,1,1,2.0,4.0,1,1,1,1,2.0,4.0,1,1,1,1,49.0,4.0,0,0,0,0,35.0,2.0,0,0,0,0,45.0,4.0,0,0,0,0,20.0,4.0,0,0,0,1,35.0,2.0,0,0,0,0,30.0,4.0,0,0,0,0
361,522,522,2023,1,1,1.0,1.0,False,2,PORTO DA MADEIRA,,,0,0,0,0,,,0,0,0,0,,,0,0,0,0,,,0,0,0,0,,,0,0,0,0,,,0,0,0,0,,,0,0,0,0,,,0,0,0,0,,,0,0,0,0,,,0,0,0,0,,,0,0,0,0
361,524,524,2023,3,1,1.0,1.0,False,2,PORTO DA MADEIRA,6.0,2.0,0,1,1,1,4.0,2.0,1,1,1,1,11.0,2.0,0,0,1,1,3.0,2.0,1,1,1,1,3.0,2.0,1,1,1,1,14.0,2.0,0,0,1,1,10.0,2.0,0,1,1,1,1.0,2.0,1,1,1,1,4.0,2.0,1,1,1,1,3.0,2.0,1,1,1,1,1.0,2.0,1,1,1,1
361,534,534,2023,13,1,3.0,3.0,False,2,PORTO DA MADEIRA,18.0,2.0,0,0,0,1,20.0,1.0,0,0,0,1,20.0,4.0,0,0,0,1,10.0,2.0,0,1,1,1,8.0,1.0,0,1,1,1,21.0,2.0,0,0,0,0,7.0,2.0,0,1,1,1,4.0,2.0,1,1,1,1,6.0,2.0,0,1,1,1,6.0,2.0,0,1,1,1,5.0,2.0,1,1,1,1
361,555,555,2023,34,1,1.0,1.0,False,2,PORTO DA MADEIRA,9.0,4.0,0,1,1,1,9.0,4.0,0,1,1,1,10.0,4.0,0,1,1,1,10.0,4.0,0,1,1,1,16.0,4.0,0,0,0,1,30.0,2.0,0,0,0,0,11.0,2.0,0,0,1,1,23.0,2.0,0,0,0,0,12.0,2.0,0,0,1,1,10.0,2.0,0,1,1,1,18.0,2.0,0,0,0,1
361,559,559,2023,38,1,1.0,1.0,True,2,PORTO DA MADEIRA,21.0,1.0,0,0,0,0,17.0,1.0,0,0,0,1,22.0,3.0,0,0,0,0,26.0,3.0,0,0,0,0,20.0,3.0,0,0,0,1,23.0,4.0,0,0,0,0,11.0,4.0,0,0,1,1,10.0,4.0,0,1,1,1,6.0,4.0,0,1,1,1,4.0,4.0,1,1,1,1,4.0,4.0,1,1,1,1
361,577,577,2024,4,1,1.0,1.0,False,2,PORTO DA MADEIRA,44.0,2.0,0,0,0,0,46.0,1.0,0,0,0,0,26.0,2.0,0,0,0,0,37.0,4.0,0,0,0,0,47.0,1.0,0,0,0,0,49.0,4.0,0,0,0,0,32.0,4.0,0,0,0,0,49.0,4.0,0,0,0,0,49.0,4.0,0,0,0,0,32.0,4.0,0,0,0,0,49.0,4.0,0,0,0,0
361,579,579,2024,6,1,1.0,1.0,False,2,PORTO DA MADEIRA,20.0,2.0,0,0,0,1,15.0,2.0,0,0,1,1,11.0,2.0,0,0,1,1,15.0,2.0,0,0,1,1,17.0,2.0,0,0,0,1,27.0,2.0,0,0,0,0,13.0,2.0,0,0,1,1,7.0,2.0,0,1,1,1,7.0,2.0,0,1,1,1,4.0,2.0,1,1,1,1,1.0,2.0,1,1,1,1
361,581,581,2024,8,1,6.0,6.0,True,2,PORTO DA MADEIRA,18.0,2.0,0,0,0,1,15.0,4.0,0,0,1,1,9.0,2.0,0,1,1,1,9.0,2.0,0,1,1,1,17.0,4.0,0,0,0,1,27.0,4.0,0,0,0,0,13.0,4.0,0,0,1,1,7.0,4.0,0,1,1,1,7.0,4.0,0,1,1,1,4.0,4.0,1,1,1,1,1.0,4.0,1,1,1,1
361,593,593,2024,20,1,3.0,3.0,False,2,PORTO DA MADEIRA,33.0,4.0,0,0,0,0,33.0,1.0,0,0,0,0,10.0,4.0,0,1,1,1,26.0,1.0,0,0,0,0,38.0,1.0,0,0,0,0,37.0,2.0,0,0,0,0,2.0,2.0,1,1,1,1,25.0,2.0,0,0,0,0,17.0,2.0,0,0,0,1,7.0,2.0,0,1,1,1,15.0,2.0,0,0,1,1
361,607,607,2024,34,1,1.0,1.0,False,2,PORTO DA MADEIRA,43.0,4.0,0,0,0,0,39.0,4.0,0,0,0,0,36.0,4.0,0,0,0,0,38.0,4.0,0,0,0,0,46.0,4.0,0,0,0,0,58.0,2.0,0,0,0,0,38.0,2.0,0,0,0,0,58.0,2.0,0,0,0,0,58.0,2.0,0,0,0,0,38.0,2.0,0,0,0,0,58.0,2.0,0,0,0,0
361,615,615,2024,42,1,1.0,1.0,False,2,PORTO DA MADEIRA,20.0,3.0,0,0,0,1,20.0,3.0,0,0,0,1,34.0,3.0,0,0,0,0,27.0,3.0,0,0,0,0,31.0,3.0,0,0,0,0,55.0,4.0,0,0,0,0,35.0,4.0,0,0,0,0,55.0,4.0,0,0,0,0,55.0,4.0,0,0,0,0,35.0,4.0,0,0,0,0,55.0,4.0,0,0,0,0
361,618,618,2024,45,1,1.0,1.0,False,2,PORTO DA MADEIRA,27.0,2.0,0,0,0,0,28.0,2.0,0,0,0,0,23.0,1.0,0,0,0,0,29.0,2.0,0,0,0,0,26.0,2.0,0,0,0,0,33.0,3.0,0,0,0,0,14.0,3.0,0,0,1,1,16.0,3.0,0,0,0,1,15.0,3.0,0,0,1,1,9.0,3.0,0,1,1,1,10.0,3.0,0,1,1,1
361,620,620,2024,47,1,1.0,1.0,False,2,PORTO DA MADEIRA,27.0,4.0,0,0,0,0,28.0,4.0,0,0,0,0,23.0,3.0,0,0,0,0,29.0,4.0,0,0,0,0,26.0,4.0,0,0,0,0,40.0,2.0,0,0,0,0,23.0,2.0,0,0,0,0,29.0,2.0,0,0,0,0,23.0,2.0,0,0,0,0,14.0,2.0,0,0,1,1,17.0,2.0,0,0,0,1
361,622,622,2024,49,1,1.0,1.0,True,2,PORTO DA MADEIRA,12.0,2.0,0,0,1,1,16.0,2.0,0,0,0,1,18.0,2.0,0,0,0,1,8.0,2.0,0,1,1,1,7.0,2.0,0,1,1,1,32.0,2.0,0,0,0,0,17.0,2.0,0,0,0,1,19.0,2.0,0,0,0,1,15.0,2.0,0,0,1,1,8.0,2.0,0,1,1,1,11.0,2.0,0,0,1,1
361,624,624,2024,51,1,1.0,1.0,True,2,PORTO DA MADEIRA,9.0,1.0,0,1,1,1,15.0,1.0,0,0,1,1,8.0,1.0,0,1,1,1,8.0,4.0,0,1,1,1,6.0,1.0,0,1,1,1,30.0,2.0,0,0,0,0,9.0,2.0,0,1,1,1,19.0,4.0,0,0,0,1,15.0,4.0,0,0,1,1,8.0,4.0,0,1,1,1,11.0,4.0,0,0,1,1
361,648,648,2025,23,1,3.0,3.0,False,2,PORTO DA MADEIRA,33.0,2.0,0,0,0,0,32.0,2.0,0,0,0,0,44.0,2.0,0,0,0,0,34.0,2.0,0,0,0,0,51.0,4.0,0,0,0,0,41.0,4.0,0,0,0,0,15.0,4.0,0,0,1,1,29.0,4.0,0,0,0,0,24.0,4.0,0,0,0,0,14.0,4.0,0,0,1,1,21.0,4.0,0,0,0,0
361,653,658,2025,28,6,22.0,6.0,False,2,PORTO DA MADEIRA,2.0,2.0,1,1,1,1,2.0,2.0,1,1,1,1,2.0,2.0,1,1,1,1,2.0,2.0,1,1,1,1,2.0,2.0,1,1,1,1,16.0,2.0,0,0,0,1,32.0,3.0,0,0,0,0,6.0,2.0,0,1,1,1,4.0,2.0,1,1,1,1,32.0,3.0,0,0,0,0,5.0,2.0,1,1,1,1
361,660,662,2025,35,3,6.0,3.0,True,2,PORTO DA MADEIRA,1.0,1.0,1,1,1,1,2.0,1.0,1,1,1,1,3.0,1.0,1,1,1,1,2.0,1.0,1,1,1,1,2.0,1.0,1,1,1,1,12.0,4.0,0,0,1,1,7.0,4.0,0,1,1,1,1.0,4.0,1,1,1,1,2.0,4.0,1,1,1,1,2.0,4.0,1,1,1,1,2.0,4.0,1,1,1,1
361,664,664,2025,39,1,5.0,5.0,True,2,PORTO DA MADEIRA,1.0,2.0,1,1,1,1,3.0,2.0,1,1,1,1,3.0,1.0,1,1,1,1,6.0,1.0,0,1,1,1,4.0,1.0,1,1,1,1,32.0,4.0,0,0,0,0,12.0,4.0,0,0,1,1,10.0,4.0,0,1,1,1,16.0,4.0,0,0,0,1,8.0,4.0,0,1,1,1,9.0,4.0,0,1,1,1
361,667,668,2025,42,2,3.0,2.0,False,2,PORTO DA MADEIRA,6.0,2.0,0,1,1,1,7.0,4.0,0,1,1,1,3.0,4.0,1,1,1,1,6.0,4.0,0,1,1,1,4.0,4.0,1,1,1,1,17.0,3.0,0,0,0,1,1.0,3.0,1,1,1,1,3.0,3.0,1,1,1,1,4.0,3.0,1,1,1,1,2.0,3.0,1,1,1,1,9.0,3.0,0,1,1,1
361,670,675,2025,45,6,8.0,3.0,False,2,PORTO DA MADEIRA,3.0,1.0,1,1,1,1,3.0,1.0,1,1,1,1,6.0,1.0,0,1,1,1,3.0,1.0,1,1,1,1,3.0,1.0,1,1,1,1,28.0,2.0,0,0,0,0,14.0,2.0,0,0,1,1,11.0,2.0,0,0,1,1,14.0,2.0,0,0,1,1,11.0,2.0,0,0,1,1,8.0,2.0,0,1,1,1
370,556,556,2023,35,1,4.0,4.0,False,2,BEBERIBE,44.0,4.0,0,0,0,0,46.0,4.0,0,0,0,0,41.0,4.0,0,0,0,0,51.0,1.0,0,0,0,0,45.0,1.0,0,0,0,0,12.0,1.0,0,0,1,1,4.0,1.0,1,1,1,1,11.0,1.0,0,0,1,1,2.0,1.0,1,1,1,1,2.0,1.0,1,1,1,1,12.0,1.0,0,0,1,1
370,561,561,2023,40,1,2.0,2.0,False,2,BEBERIBE,11.0,2.0,0,0,1,1,5.0,2.0,1,1,1,1,3.0,4.0,1,1,1,1,4.0,4.0,1,1,1,1,7.0,4.0,0,1,1,1,23.0,4.0,0,0,0,0,37.0,2.0,0,0,0,0,22.0,4.0,0,0,0,0,12.0,4.0,0,0,1,1,37.0,2.0,0,0,0,0,19.0,4.0,0,0,0,1
370,575,575,2024,2,1,2.0,2.0,False,2,BEBERIBE,35.0,2.0,0,0,0,0,33.0,3.0,0,0,0,0,23.0,4.0,0,0,0,0,32.0,4.0,0,0,0,0,37.0,4.0,0,0,0,0,21.0,4.0,0,0,0,0,33.0,2.0,0,0,0,0,26.0,4.0,0,0,0,0,10.0,4.0,0,1,1,1,33.0,2.0,0,0,0,0,24.0,4.0,0,0,0,0
370,587,587,2024,14,1,5.0,5.0,False,2,BEBERIBE,49.0,2.0,0,0,0,0,52.0,2.0,0,0,0,0,54.0,1.0,0,0,0,0,55.0,2.0,0,0,0,0,38.0,2.0,0,0,0,0,46.0,2.0,0,0,0,0,8.0,2.0,0,1,1,1,46.0,2.0,0,0,0,0,34.0,2.0,0,0,0,0,9.0,2.0,0,1,1,1,36.0,2.0,0,0,0,0
370,589,589,2024,16,1,5.0,5.0,False,2,BEBERIBE,39.0,1.0,0,0,0,0,24.0,1.0,0,0,0,0,15.0,1.0,0,0,1,1,38.0,1.0,0,0,0,0,22.0,1.0,0,0,0,0,29.0,2.0,0,0,0,0,7.0,2.0,0,1,1,1,26.0,2.0,0,0,0,0,12.0,2.0,0,0,1,1,6.0,2.0,0,1,1,1,23.0,2.0,0,0,0,0
370,592,594,2024,19,3,15.0,6.0,False,2,BEBERIBE,27.0,1.0,0,0,0,0,24.0,4.0,0,0,0,0,15.0,4.0,0,0,1,1,38.0,4.0,0,0,0,0,22.0,4.0,0,0,0,0,26.0,2.0,0,0,0,0,17.0,3.0,0,0,0,1,24.0,2.0,0,0,0,0,3.0,2.0,1,1,1,1,10.0,3.0,0,1,1,1,19.0,2.0,0,0,0,1
370,601,601,2024,28,1,3.0,3.0,False,2,BEBERIBE,4.0,1.0,1,1,1,1,5.0,4.0,1,1,1,1,4.0,1.0,1,1,1,1,12.0,3.0,0,0,1,1,5.0,1.0,1,1,1,1,26.0,1.0,0,0,0,0,37.0,2.0,0,0,0,0,21.0,4.0,0,0,0,0,7.0,1.0,0,1,1,1,37.0,2.0,0,0,0,0,17.0,4.0,0,0,0,1
370,613,613,2024,40,1,2.0,2.0,False,2,BEBERIBE,30.0,2.0,0,0,0,0,28.0,1.0,0,0,0,0,21.0,1.0,0,0,0,0,26.0,1.0,0,0,0,0,26.0,1.0,0,0,0,0,21.0,2.0,0,0,0,0,7.0,2.0,0,1,1,1,23.0,2.0,0,0,0,0,9.0,2.0,0,1,1,1,7.0,2.0,0,1,1,1,19.0,2.0,0,0,0,1
370,615,617,2024,42,3,5.0,3.0,False,2,BEBERIBE,13.0,1.0,0,0,1,1,8.0,1.0,0,1,1,1,21.0,3.0,0,0,0,0,18.0,1.0,0,0,0,1,26.0,3.0,0,0,0,0,19.0,2.0,0,0,0,1,7.0,4.0,0,1,1,1,13.0,2.0,0,0,1,1,5.0,2.0,1,1,1,1,7.0,4.0,0,1,1,1,11.0,2.0,0,0,1,1
370,626,626,2025,1,1,5.0,5.0,False,2,BEBERIBE,34.0,4.0,0,0,0,0,20.0,4.0,0,0,0,1,52.0,1.0,0,0,0,0,44.0,4.0,0,0,0,0,37.0,1.0,0,0,0,0,18.0,1.0,0,0,0,1,7.0,1.0,0,1,1,1,23.0,1.0,0,0,0,0,11.0,1.0,0,0,1,1,6.0,1.0,0,1,1,1,19.0,1.0,0,0,0,1
370,650,650,2025,25,1,3.0,3.0,False,2,BEBERIBE,45.0,3.0,0,0,0,0,48.0,3.0,0,0,0,0,48.0,3.0,0,0,0,0,36.0,3.0,0,0,0,0,49.0,3.0,0,0,0,0,61.0,4.0,0,0,0,0,36.0,3.0,0,0,0,0,61.0,4.0,0,0,0,0,61.0,4.0,0,0,0,0,36.0,3.0,0,0,0,0,61.0,4.0,0,0,0,0
370,652,654,2025,27,3,13.0,6.0,False,2,BEBERIBE,38.0,1.0,0,0,0,0,31.0,1.0,0,0,0,0,48.0,1.0,0,0,0,0,38.0,1.0,0,0,0,0,38.0,1.0,0,0,0,0,15.0,2.0,0,0,1,1,4.0,2.0,1,1,1,1,8.0,2.0,0,1,1,1,4.0,2.0,1,1,1,1,3.0,2.0,1,1,1,1,6.0,2.0,0,1,1,1
370,658,661,2025,33,4,18.0,8.0,True,2,BEBERIBE,1.0,2.0,1,1,1,1,1.0,2.0,1,1,1,1,8.0,3.0,0,1,1,1,10.0,2.0,0,1,1,1,4.0,3.0,1,1,1,1,13.0,4.0,0,0,1,1,30.0,4.0,0,0,0,0,3.0,4.0,1,1,1,1,3.0,4.0,1,1,1,1,8.0,4.0,0,1,1,1,4.0,4.0,1,1,1,1
370,663,664,2025,38,2,11.0,7.0,True,2,BEBERIBE,10.0,1.0,0,1,1,1,5.0,1.0,1,1,1,1,30.0,4.0,0,0,0,0,12.0,1.0,0,0,1,1,10.0,1.0,0,1,1,1,9.0,2.0,0,1,1,1,14.0,2.0,0,0,1,1,2.0,2.0,1,1,1,1,2.0,2.0,1,1,1,1,4.0,2.0,1,1,1,1,6.0,2.0,0,1,1,1
370,667,667,2025,42,1,5.0,5.0,True,2,BEBERIBE,3.0,2.0,1,1,1,1,2.0,2.0,1,1,1,1,15.0,2.0,0,0,1,1,8.0,2.0,0,1,1,1,4.0,2.0,1,1,1,1,14.0,4.0,0,0,1,1,1.0,4.0,1,1,1,1,4.0,4.0,1,1,1,1,6.0,4.0,0,1,1,1,4.0,4.0,1,1,1,1,10.0,4.0,0,1,1,1
370,673,673,2025,48,1,3.0,3.0,False,2,BEBERIBE,9.0,4.0,0,1,1,1,8.0,2.0,0,1,1,1,8.0,4.0,0,1,1,1,10.0,4.0,0,1,1,1,13.0,3.0,0,0,1,1,46.0,1.0,0,0,0,0,9.0,4.0,0,1,1,1,42.0,3.0,0,0,0,0,30.0,3.0,0,0,0,0,14.0,4.0,0,0,1,1,29.0,4.0,0,0,0,0
370,675,675,2025,50,1,2.0,2.0,False,2,BEBERIBE,13.0,4.0,0,0,1,1,8.0,4.0,0,1,1,1,12.0,1.0,0,0,1,1,7.0,1.0,0,1,1,1,18.0,3.0,0,0,0,1,19.0,2.0,0,0,0,1,10.0,2.0,0,1,1,1,10.0,2.0,0,1,1,1,4.0,2.0,1,1,1,1,6.0,2.0,0,1,1,1,9.0,2.0,0,1,1,1
388,561,561,2023,40,1,2.0,2.0,False,2,LINHA DO TIRO,34.0,3.0,0,0,0,0,21.0,3.0,0,0,0,0,28.0,3.0,0,0,0,0,35.0,4.0,0,0,0,0,31.0,3.0,0,0,0,0,24.0,4.0,0,0,0,0,13.0,4.0,0,0,1,1,26.0,3.0,0,0,0,0,25.0,4.0,0,0,0,0,21.0,4.0,0,0,0,0,26.0,4.0,0,0,0,0
388,615,615,2024,42,1,4.0,4.0,False,2,LINHA DO TIRO,82.0,2.0,0,0,0,0,83.0,1.0,0,0,0,0,78.0,1.0,0,0,0,0,80.0,1.0,0,0,0,0,83.0,1.0,0,0,0,0,56.0,4.0,0,0,0,0,36.0,4.0,0,0,0,0,56.0,4.0,0,0,0,0,56.0,4.0,0,0,0,0,36.0,4.0,0,0,0,0,56.0,4.0,0,0,0,0
388,618,618,2024,45,1,3.0,3.0,False,2,LINHA DO TIRO,10.0,2.0,0,1,1,1,20.0,2.0,0,0,0,1,39.0,3.0,0,0,0,0,24.0,1.0,0,0,0,0,35.0,2.0,0,0,0,0,3.0,3.0,1,1,1,1,1.0,3.0,1,1,1,1,4.0,3.0,1,1,1,1,6.0,3.0,0,1,1,1,4.0,3.0,1,1,1,1,6.0,3.0,0,1,1,1
388,650,650,2025,25,1,4.0,4.0,False,2,LINHA DO TIRO,57.0,3.0,0,0,0,0,65.0,2.0,0,0,0,0,42.0,3.0,0,0,0,0,47.0,3.0,0,0,0,0,52.0,3.0,0,0,0,0,62.0,4.0,0,0,0,0,37.0,3.0,0,0,0,0,62.0,4.0,0,0,0,0,62.0,4.0,0,0,0,0,37.0,3.0,0,0,0,0,62.0,4.0,0,0,0,0
388,658,661,2025,33,4,25.0,8.0,False,2,LINHA DO TIRO,2.0,1.0,1,1,1,1,2.0,1.0,1,1,1,1,1.0,1.0,1,1,1,1,1.0,1.0,1,1,1,1,1.0,1.0,1,1,1,1,21.0,3.0,0,0,0,0,25.0,2.0,0,0,0,0,23.0,2.0,0,0,0,0,19.0,2.0,0,0,0,1,21.0,2.0,0,0,0,0,32.0,2.0,0,0,0,0
388,664,667,2025,39,4,19.0,7.0,True,2,LINHA DO TIRO,3.0,2.0,1,1,1,1,4.0,2.0,1,1,1,1,4.0,2.0,1,1,1,1,1.0,2.0,1,1,1,1,1.0,2.0,1,1,1,1,10.0,3.0,0,1,1,1,19.0,3.0,0,0,0,1,5.0,3.0,1,1,1,1,9.0,3.0,0,1,1,1,9.0,3.0,0,1,1,1,8.0,3.0,0,1,1,1
396,555,555,2023,34,1,7.0,7.0,False,2,DOIS UNIDOS,62.0,2.0,0,0,0,0,68.0,2.0,0,0,0,0,53.0,1.0,0,0,0,0,55.0,4.0,0,0,0,0,37.0,4.0,0,0,0,0,3.0,2.0,1,1,1,1,1.0,2.0,1,1,1,1,9.0,2.0,0,1,1,1,18.0,2.0,0,0,0,1,14.0,2.0,0,0,1,1,15.0,2.0,0,0,1,1
396,572,572,2023,51,1,3.0,3.0,False,2,DOIS UNIDOS,60.0,4.0,0,0,0,0,63.0,4.0,0,0,0,0,55.0,4.0,0,0,0,0,56.0,4.0,0,0,0,0,66.0,4.0,0,0,0,0,13.0,4.0,0,0,1,1,5.0,4.0,1,1,1,1,20.0,4.0,0,0,0,1,24.0,4.0,0,0,0,0,16.0,4.0,0,0,0,1,21.0,4.0,0,0,0,0
396,613,613,2024,40,1,4.0,4.0,False,2,DOIS UNIDOS,37.0,1.0,0,0,0,0,43.0,1.0,0,0,0,0,28.0,4.0,0,0,0,0,51.0,1.0,0,0,0,0,44.0,1.0,0,0,0,0,22.0,2.0,0,0,0,0,33.0,3.0,0,0,0,0,31.0,2.0,0,0,0,0,34.0,2.0,0,0,0,0,33.0,3.0,0,0,0,0,31.0,2.0,0,0,0,0
396,618,618,2024,45,1,9.0,9.0,False,2,DOIS UNIDOS,8.0,4.0,0,1,1,1,15.0,4.0,0,0,1,1,4.0,4.0,1,1,1,1,3.0,4.0,1,1,1,1,2.0,4.0,1,1,1,1,12.0,4.0,0,0,1,1,6.0,2.0,0,1,1,1,22.0,4.0,0,0,0,0,32.0,4.0,0,0,0,0,20.0,2.0,0,0,0,1,25.0,4.0,0,0,0,0
396,623,623,2024,50,1,6.0,6.0,False,2,DOIS UNIDOS,14.0,3.0,0,0,1,1,15.0,3.0,0,0,1,1,6.0,4.0,0,1,1,1,10.0,3.0,0,1,1,1,12.0,4.0,0,0,1,1,5.0,2.0,1,1,1,1,22.0,2.0,0,0,0,0,14.0,4.0,0,0,1,1,17.0,2.0,0,0,0,1,22.0,2.0,0,0,0,0,19.0,2.0,0,0,0,1
396,657,660,2025,32,4,35.0,15.0,False,2,DOIS UNIDOS,2.0,4.0,1,1,1,1,2.0,2.0,1,1,1,1,2.0,2.0,1,1,1,1,3.0,2.0,1,1,1,1,3.0,3.0,1,1,1,1,3.0,4.0,1,1,1,1,10.0,4.0,0,1,1,1,16.0,4.0,0,0,0,1,13.0,4.0,0,0,1,1,8.0,4.0,0,1,1,1,22.0,4.0,0,0,0,0
396,662,665,2025,37,4,23.0,7.0,True,2,DOIS UNIDOS,9.0,1.0,0,1,1,1,4.0,1.0,1,1,1,1,1.0,1.0,1,1,1,1,3.0,1.0,1,1,1,1,2.0,1.0,1,1,1,1,7.0,4.0,0,1,1,1,12.0,4.0,0,0,1,1,4.0,4.0,1,1,1,1,14.0,4.0,0,0,1,1,11.0,4.0,0,0,1,1,10.0,4.0,0,1,1,1
396,667,669,2025,42,3,15.0,7.0,True,2,DOIS UNIDOS,4.0,1.0,1,1,1,1,2.0,1.0,1,1,1,1,1.0,1.0,1,1,1,1,1.0,1.0,1,1,1,1,1.0,1.0,1,1,1,1,10.0,2.0,0,1,1,1,30.0,2.0,0,0,0,0,17.0,4.0,0,0,0,1,31.0,2.0,0,0,0,0,30.0,2.0,0,0,0,0,25.0,4.0,0,0,0,0
396,671,672,2025,46,2,15.0,8.0,True,2,DOIS UNIDOS,10.0,3.0,0,1,1,1,7.0,3.0,0,1,1,1,16.0,2.0,0,0,0,1,7.0,3.0,0,1,1,1,16.0,3.0,0,0,0,1,12.0,4.0,0,0,1,1,23.0,4.0,0,0,0,0,14.0,4.0,0,0,1,1,36.0,3.0,0,0,0,0,31.0,4.0,0,0,0,0,21.0,4.0,0,0,0,0
396,674,674,2025,49,1,6.0,6.0,False,2,DOIS UNIDOS,10.0,1.0,0,1,1,1,13.0,1.0,0,0,1,1,6.0,1.0,0,1,1,1,9.0,1.0,0,1,1,1,14.0,1.0,0,0,1,1,3.0,2.0,1,1,1,1,2.0,3.0,1,1,1,1,2.0,3.0,1,1,1,1,14.0,2.0,0,0,1,1,6.0,3.0,0,1,1,1,7.0,3.0,0,1,1,1
400,571,571,2023,50,1,3.0,3.0,False,3,PASSARINHO,8.0,3.0,0,1,1,1,9.0,3.0,0,1,1,1,17.0,3.0,0,0,0,1,15.0,3.0,0,0,1,1,12.0,3.0,0,0,1,1,14.0,3.0,0,0,1,1,24.0,3.0,0,0,0,0,6.0,3.0,0,1,1,1,20.0,3.0,0,0,0,1,22.0,3.0,0,0,0,0,15.0,3.0,0,0,1,1
400,584,584,2024,11,1,11.0,11.0,False,3,PASSARINHO,19.0,4.0,0,0,0,1,34.0,4.0,0,0,0,0,38.0,1.0,0,0,0,0,43.0,4.0,0,0,0,0,39.0,1.0,0,0,0,0,27.0,1.0,0,0,0,0,7.0,2.0,0,1,1,1,19.0,1.0,0,0,0,1,56.0,1.0,0,0,0,0,34.0,1.0,0,0,0,0,32.0,1.0,0,0,0,0
400,588,588,2024,15,1,9.0,9.0,True,3,PASSARINHO,9.0,2.0,0,1,1,1,3.0,2.0,1,1,1,1,9.0,3.0,0,1,1,1,15.0,3.0,0,0,1,1,27.0,2.0,0,0,0,0,19.0,4.0,0,0,0,1,3.0,1.0,1,1,1,1,11.0,4.0,0,0,1,1,40.0,4.0,0,0,0,0,18.0,1.0,0,0,0,1,21.0,4.0,0,0,0,0
400,597,597,2024,24,1,4.0,4.0,False,3,PASSARINHO,5.0,1.0,1,1,1,1,4.0,1.0,1,1,1,1,2.0,1.0,1,1,1,1,3.0,1.0,1,1,1,1,2.0,1.0,1,1,1,1,15.0,2.0,0,0,1,1,7.0,2.0,0,1,1,1,20.0,2.0,0,0,0,1,32.0,2.0,0,0,0,0,17.0,2.0,0,0,0,1,19.0,2.0,0,0,0,1
400,607,607,2024,34,1,5.0,5.0,False,3,PASSARINHO,12.0,1.0,0,0,1,1,9.0,3.0,0,1,1,1,11.0,3.0,0,0,1,1,11.0,3.0,0,0,1,1,7.0,1.0,0,1,1,1,12.0,4.0,0,0,1,1,5.0,4.0,1,1,1,1,12.0,4.0,0,0,1,1,16.0,4.0,0,0,0,1,8.0,4.0,0,1,1,1,15.0,4.0,0,0,1,1
400,618,619,2024,45,2,9.0,5.0,False,3,PASSARINHO,72.0,2.0,0,0,0,0,57.0,1.0,0,0,0,0,70.0,2.0,0,0,0,0,68.0,2.0,0,0,0,0,69.0,2.0,0,0,0,0,25.0,2.0,0,0,0,0,15.0,3.0,0,0,1,1,25.0,2.0,0,0,0,0,30.0,2.0,0,0,0,0,28.0,3.0,0,0,0,0,26.0,2.0,0,0,0,0
400,621,621,2024,48,1,3.0,3.0,False,3,PASSARINHO,8.0,1.0,0,1,1,1,8.0,1.0,0,1,1,1,25.0,1.0,0,0,0,0,9.0,1.0,0,1,1,1,21.0,1.0,0,0,0,0,5.0,2.0,1,1,1,1,1.0,3.0,1,1,1,1,3.0,2.0,1,1,1,1,9.0,2.0,0,1,1,1,9.0,3.0,0,1,1,1,7.0,2.0,0,1,1,1
400,623,623,2024,50,1,5.0,5.0,True,3,PASSARINHO,8.0,3.0,0,1,1,1,4.0,1.0,1,1,1,1,23.0,2.0,0,0,0,0,7.0,1.0,0,1,1,1,5.0,1.0,1,1,1,1,5.0,4.0,1,1,1,1,12.0,2.0,0,0,1,1,3.0,4.0,1,1,1,1,9.0,4.0,0,1,1,1,13.0,2.0,0,0,1,1,7.0,4.0,0,1,1,1
400,626,626,2025,1,1,3.0,3.0,False,3,PASSARINHO,4.0,1.0,1,1,1,1,2.0,1.0,1,1,1,1,13.0,2.0,0,0,1,1,3.0,1.0,1,1,1,1,4.0,1.0,1,1,1,1,4.0,3.0,1,1,1,1,5.0,3.0,1,1,1,1,2.0,3.0,1,1,1,1,5.0,3.0,1,1,1,1,5.0,3.0,1,1,1,1,5.0,3.0,1,1,1,1
400,639,639,2025,14,1,8.0,8.0,False,3,PASSARINHO,15.0,1.0,0,0,1,1,5.0,1.0,1,1,1,1,20.0,1.0,0,0,0,1,27.0,1.0,0,0,0,0,10.0,1.0,0,1,1,1,10.0,1.0,0,1,1,1,4.0,2.0,1,1,1,1,5.0,1.0,1,1,1,1,17.0,1.0,0,0,0,1,18.0,2.0,0,0,0,1,8.0,1.0,0,1,1,1
400,648,648,2025,23,1,5.0,5.0,False,3,PASSARINHO,22.0,1.0,0,0,0,0,23.0,1.0,0,0,0,0,19.0,4.0,0,0,0,1,8.0,4.0,0,1,1,1,20.0,1.0,0,0,0,1,20.0,1.0,0,0,0,1,20.0,1.0,0,0,0,1,11.0,1.0,0,0,1,1,33.0,1.0,0,0,0,0,21.0,1.0,0,0,0,0,12.0,1.0,0,0,1,1
400,650,650,2025,25,1,6.0,6.0,False,3,PASSARINHO,2.0,1.0,1,1,1,1,2.0,1.0,1,1,1,1,2.0,1.0,1,1,1,1,2.0,1.0,1,1,1,1,1.0,1.0,1,1,1,1,6.0,2.0,0,1,1,1,20.0,3.0,0,0,0,1,2.0,2.0,1,1,1,1,18.0,2.0,0,0,0,1,21.0,3.0,0,0,0,0,6.0,2.0,0,1,1,1
400,657,658,2025,32,2,10.0,5.0,False,3,PASSARINHO,7.0,4.0,0,1,1,1,5.0,4.0,1,1,1,1,4.0,3.0,1,1,1,1,3.0,3.0,1,1,1,1,5.0,3.0,1,1,1,1,15.0,4.0,0,0,1,1,24.0,1.0,0,0,0,0,21.0,4.0,0,0,0,0,20.0,4.0,0,0,0,1,27.0,1.0,0,0,0,0,24.0,4.0,0,0,0,0
400,660,660,2025,35,1,10.0,10.0,False,3,PASSARINHO,13.0,3.0,0,0,1,1,11.0,1.0,0,0,1,1,9.0,1.0,0,1,1,1,5.0,1.0,1,1,1,1,6.0,1.0,0,1,1,1,18.0,3.0,0,0,0,1,24.0,4.0,0,0,0,0,22.0,3.0,0,0,0,0,35.0,3.0,0,0,0,0,27.0,4.0,0,0,0,0,23.0,3.0,0,0,0,0
400,662,664,2025,37,3,17.0,7.0,True,3,PASSARINHO,1.0,1.0,1,1,1,1,1.0,1.0,1,1,1,1,2.0,1.0,1,1,1,1,1.0,1.0,1,1,1,1,1.0,1.0,1,1,1,1,5.0,2.0,1,1,1,1,1.0,2.0,1,1,1,1,3.0,2.0,1,1,1,1,19.0,2.0,0,0,0,1,5.0,2.0,1,1,1,1,14.0,2.0,0,0,1,1
418,602,603,2024,29,2,7.0,4.0,False,3,GUABIRABA,1.0,1.0,1,1,1,1,14.0,1.0,0,0,1,1,3.0,1.0,1,1,1,1,2.0,1.0,1,1,1,1,2.0,1.0,1,1,1,1,14.0,4.0,0,0,1,1,17.0,4.0,0,0,0,1,12.0,4.0,0,0,1,1,13.0,4.0,0,0,1,1,13.0,4.0,0,0,1,1,19.0,4.0,0,0,0,1
418,607,607,2024,34,1,2.0,2.0,True,3,GUABIRABA,4.0,1.0,1,1,1,1,7.0,1.0,0,1,1,1,2.0,1.0,1,1,1,1,4.0,3.0,1,1,1,1,2.0,2.0,1,1,1,1,18.0,4.0,0,0,0,1,10.0,2.0,0,1,1,1,5.0,4.0,1,1,1,1,8.0,4.0,0,1,1,1,13.0,2.0,0,0,1,1,9.0,4.0,0,1,1,1
418,619,619,2024,46,1,3.0,3.0,False,3,GUABIRABA,50.0,4.0,0,0,0,0,55.0,4.0,0,0,0,0,44.0,4.0,0,0,0,0,43.0,4.0,0,0,0,0,50.0,4.0,0,0,0,0,59.0,3.0,0,0,0,0,42.0,3.0,0,0,0,0,59.0,3.0,0,0,0,0,59.0,3.0,0,0,0,0,42.0,3.0,0,0,0,0,59.0,3.0,0,0,0,0
418,658,658,2025,33,1,3.0,3.0,False,3,GUABIRABA,11.0,1.0,0,0,1,1,24.0,1.0,0,0,0,0,3.0,1.0,1,1,1,1,7.0,1.0,0,1,1,1,8.0,1.0,0,1,1,1,35.0,2.0,0,0,0,0,19.0,2.0,0,0,0,1,24.0,2.0,0,0,0,0,29.0,2.0,0,0,0,0,19.0,2.0,0,0,0,1,34.0,2.0,0,0,0,0
418,660,660,2025,35,1,4.0,4.0,False,3,GUABIRABA,10.0,1.0,0,1,1,1,24.0,3.0,0,0,0,0,3.0,3.0,1,1,1,1,7.0,3.0,0,1,1,1,8.0,3.0,0,1,1,1,35.0,4.0,0,0,0,0,15.0,2.0,0,0,1,1,18.0,2.0,0,0,0,1,29.0,4.0,0,0,0,0,19.0,4.0,0,0,0,1,21.0,2.0,0,0,0,0
418,662,662,2025,37,1,2.0,2.0,True,3,GUABIRABA,10.0,3.0,0,1,1,1,15.0,1.0,0,0,1,1,3.0,1.0,1,1,1,1,7.0,1.0,0,1,1,1,10.0,1.0,0,1,1,1,28.0,2.0,0,0,0,0,2.0,2.0,1,1,1,1,4.0,2.0,1,1,1,1,22.0,2.0,0,0,0,0,6.0,2.0,0,1,1,1,15.0,2.0,0,0,1,1
418,664,665,2025,39,2,6.0,4.0,True,3,GUABIRABA,4.0,1.0,1,1,1,1,5.0,1.0,1,1,1,1,1.0,1.0,1,1,1,1,2.0,1.0,1,1,1,1,6.0,1.0,0,1,1,1,28.0,4.0,0,0,0,0,2.0,4.0,1,1,1,1,4.0,4.0,1,1,1,1,22.0,4.0,0,0,0,0,6.0,4.0,0,1,1,1,15.0,4.0,0,0,1,1
426,563,563,2023,42,1,3.0,3.0,False,2,BOMBA DO HEMETERIO,65.0,3.0,0,0,0,0,53.0,3.0,0,0,0,0,78.0,2.0,0,0,0,0,74.0,3.0,0,0,0,0,67.0,3.0,0,0,0,0,56.0,2.0,0,0,0,0,37.0,2.0,0,0,0,0,56.0,2.0,0,0,0,0,56.0,2.0,0,0,0,0,37.0,2.0,0,0,0,0,56.0,2.0,0,0,0,0
426,584,584,2024,11,1,7.0,7.0,False,2,BOMBA DO HEMETERIO,44.0,2.0,0,0,0,0,32.0,1.0,0,0,0,0,21.0,2.0,0,0,0,0,28.0,2.0,0,0,0,0,21.0,2.0,0,0,0,0,22.0,3.0,0,0,0,0,3.0,3.0,1,1,1,1,31.0,3.0,0,0,0,0,8.0,3.0,0,1,1,1,6.0,3.0,0,1,1,1,35.0,3.0,0,0,0,0
426,589,590,2024,16,2,7.0,4.0,False,2,BOMBA DO HEMETERIO,10.0,4.0,0,1,1,1,7.0,4.0,0,1,1,1,8.0,3.0,0,1,1,1,3.0,1.0,1,1,1,1,6.0,1.0,0,1,1,1,55.0,2.0,0,0,0,0,30.0,3.0,0,0,0,0,45.0,2.0,0,0,0,0,44.0,2.0,0,0,0,0,30.0,3.0,0,0,0,0,39.0,2.0,0,0,0,0
426,610,610,2024,37,1,2.0,2.0,False,2,BOMBA DO HEMETERIO,47.0,2.0,0,0,0,0,53.0,2.0,0,0,0,0,38.0,1.0,0,0,0,0,45.0,2.0,0,0,0,0,34.0,2.0,0,0,0,0,43.0,2.0,0,0,0,0,15.0,2.0,0,0,1,1,41.0,2.0,0,0,0,0,30.0,2.0,0,0,0,0,16.0,2.0,0,0,0,1,40.0,2.0,0,0,0,0
426,618,618,2024,45,1,3.0,3.0,False,2,BOMBA DO HEMETERIO,6.0,2.0,0,1,1,1,3.0,2.0,1,1,1,1,3.0,3.0,1,1,1,1,10.0,3.0,0,1,1,1,5.0,2.0,1,1,1,1,13.0,4.0,0,0,1,1,23.0,4.0,0,0,0,0,12.0,4.0,0,0,1,1,6.0,4.0,0,1,1,1,13.0,4.0,0,0,1,1,16.0,4.0,0,0,0,1
426,621,621,2024,48,1,3.0,3.0,False,2,BOMBA DO HEMETERIO,19.0,1.0,0,0,0,1,9.0,1.0,0,1,1,1,14.0,1.0,0,0,1,1,11.0,2.0,0,0,1,1,15.0,2.0,0,0,1,1,17.0,3.0,0,0,0,1,4.0,3.0,1,1,1,1,17.0,3.0,0,0,0,1,4.0,3.0,1,1,1,1,2.0,3.0,1,1,1,1,13.0,3.0,0,0,1,1
426,655,656,2025,30,2,8.0,4.0,False,2,BOMBA DO HEMETERIO,31.0,2.0,0,0,0,0,32.0,2.0,0,0,0,0,47.0,1.0,0,0,0,0,42.0,1.0,0,0,0,0,43.0,1.0,0,0,0,0,18.0,4.0,0,0,0,1,4.0,4.0,1,1,1,1,10.0,4.0,0,1,1,1,5.0,4.0,1,1,1,1,4.0,4.0,1,1,1,1,7.0,4.0,0,1,1,1
426,660,665,2025,35,6,24.0,6.0,True,2,BOMBA DO HEMETERIO,5.0,3.0,1,1,1,1,3.0,3.0,1,1,1,1,5.0,3.0,1,1,1,1,9.0,3.0,0,1,1,1,4.0,3.0,1,1,1,1,22.0,4.0,0,0,0,0,9.0,1.0,0,1,1,1,20.0,4.0,0,0,0,1,6.0,4.0,0,1,1,1,17.0,1.0,0,0,0,1,18.0,4.0,0,0,0,1
426,670,671,2025,45,2,9.0,6.0,False,2,BOMBA DO HEMETERIO,13.0,2.0,0,0,1,1,8.0,2.0,0,1,1,1,29.0,4.0,0,0,0,0,19.0,2.0,0,0,0,1,10.0,2.0,0,1,1,1,32.0,1.0,0,0,0,0,9.0,3.0,0,1,1,1,40.0,1.0,0,0,0,0,16.0,1.0,0,0,0,1,15.0,3.0,0,0,1,1,45.0,1.0,0,0,0,0
426,673,673,2025,48,1,4.0,4.0,False,2,BOMBA DO HEMETERIO,8.0,1.0,0,1,1,1,7.0,1.0,0,1,1,1,13.0,1.0,0,0,1,1,10.0,1.0,0,1,1,1,8.0,1.0,0,1,1,1,8.0,3.0,0,1,1,1,12.0,3.0,0,0,1,1,4.0,3.0,1,1,1,1,4.0,3.0,1,1,1,1,4.0,3.0,1,1,1,1,5.0,3.0,1,1,1,1
426,675,675,2025,50,1,4.0,4.0,True,2,BOMBA DO HEMETERIO,8.0,3.0,0,1,1,1,6.0,1.0,0,1,1,1,5.0,1.0,1,1,1,1,10.0,3.0,0,1,1,1,6.0,1.0,0,1,1,1,10.0,2.0,0,1,1,1,8.0,2.0,0,1,1,1,7.0,2.0,0,1,1,1,2.0,2.0,1,1,1,1,3.0,2.0,1,1,1,1,10.0,2.0,0,1,1,1
43,579,579,2024,6,1,4.0,4.0,False,1,ILHA JOANA BEZERRA,2.0,2.0,1,1,1,1,2.0,4.0,1,1,1,1,2.0,2.0,1,1,1,1,3.0,4.0,1,1,1,1,2.0,4.0,1,1,1,1,22.0,4.0,0,0,0,0,14.0,2.0,0,0,1,1,8.0,4.0,0,1,1,1,16.0,4.0,0,0,0,1,12.0,2.0,0,0,1,1,8.0,4.0,0,1,1,1
43,581,581,2024,8,1,9.0,9.0,False,1,ILHA JOANA BEZERRA,1.0,1.0,1,1,1,1,2.0,4.0,1,1,1,1,2.0,4.0,1,1,1,1,3.0,4.0,1,1,1,1,3.0,4.0,1,1,1,1,8.0,2.0,0,1,1,1,1.0,2.0,1,1,1,1,1.0,2.0,1,1,1,1,5.0,2.0,1,1,1,1,3.0,2.0,1,1,1,1,3.0,2.0,1,1,1,1
43,585,585,2024,12,1,8.0,8.0,True,1,ILHA JOANA BEZERRA,7.0,3.0,0,1,1,1,6.0,3.0,0,1,1,1,7.0,3.0,0,1,1,1,8.0,3.0,0,1,1,1,25.0,3.0,0,0,0,0,15.0,4.0,0,0,1,1,1.0,4.0,1,1,1,1,4.0,4.0,1,1,1,1,10.0,4.0,0,1,1,1,8.0,4.0,0,1,1,1,6.0,4.0,0,1,1,1
43,589,590,2024,16,2,8.0,4.0,True,1,ILHA JOANA BEZERRA,3.0,1.0,1,1,1,1,1.0,1.0,1,1,1,1,10.0,1.0,0,1,1,1,8.0,1.0,0,1,1,1,11.0,1.0,0,0,1,1,23.0,4.0,0,0,0,0,22.0,4.0,0,0,0,0,22.0,4.0,0,0,0,0,13.0,4.0,0,0,1,1,14.0,4.0,0,0,1,1,22.0,4.0,0,0,0,0
43,601,601,2024,28,1,4.0,4.0,False,1,ILHA JOANA BEZERRA,58.0,2.0,0,0,0,0,53.0,2.0,0,0,0,0,58.0,2.0,0,0,0,0,69.0,2.0,0,0,0,0,68.0,2.0,0,0,0,0,23.0,2.0,0,0,0,0,12.0,2.0,0,0,1,1,18.0,2.0,0,0,0,1,14.0,2.0,0,0,1,1,10.0,2.0,0,1,1,1,24.0,2.0,0,0,0,0
43,604,604,2024,31,1,5.0,5.0,False,1,ILHA JOANA BEZERRA,57.0,3.0,0,0,0,0,43.0,3.0,0,0,0,0,58.0,3.0,0,0,0,0,32.0,2.0,0,0,0,0,40.0,2.0,0,0,0,0,18.0,3.0,0,0,0,1,1.0,3.0,1,1,1,1,14.0,3.0,0,0,1,1,14.0,3.0,0,0,1,1,6.0,3.0,0,1,1,1,18.0,3.0,0,0,0,1
43,617,617,2024,44,1,4.0,4.0,False,1,ILHA JOANA BEZERRA,74.0,1.0,0,0,0,0,74.0,1.0,0,0,0,0,65.0,4.0,0,0,0,0,69.0,1.0,0,0,0,0,78.0,4.0,0,0,0,0,26.0,1.0,0,0,0,0,7.0,1.0,0,1,1,1,26.0,1.0,0,0,0,0,22.0,1.0,0,0,0,0,13.0,1.0,0,0,1,1,25.0,1.0,0,0,0,0
43,622,622,2024,49,1,4.0,4.0,False,1,ILHA JOANA BEZERRA,84.0,1.0,0,0,0,0,83.0,4.0,0,0,0,0,80.0,4.0,0,0,0,0,80.0,4.0,0,0,0,0,82.0,4.0,0,0,0,0,16.0,1.0,0,0,0,1,3.0,1.0,1,1,1,1,24.0,1.0,0,0,0,0,12.0,1.0,0,0,1,1,7.0,1.0,0,1,1,1,24.0,1.0,0,0,0,0
43,627,628,2025,2,2,4.0,2.0,False,1,ILHA JOANA BEZERRA,25.0,4.0,0,0,0,0,18.0,4.0,0,0,0,1,38.0,4.0,0,0,0,0,20.0,3.0,0,0,0,1,31.0,4.0,0,0,0,0,26.0,4.0,0,0,0,0,36.0,2.0,0,0,0,0,34.0,4.0,0,0,0,0,21.0,4.0,0,0,0,0,36.0,2.0,0,0,0,0,32.0,4.0,0,0,0,0
43,653,654,2025,28,2,12.0,6.0,False,1,ILHA JOANA BEZERRA,12.0,3.0,0,0,1,1,8.0,3.0,0,1,1,1,21.0,1.0,0,0,0,0,10.0,3.0,0,1,1,1,10.0,3.0,0,1,1,1,22.0,1.0,0,0,0,0,21.0,4.0,0,0,0,0,14.0,1.0,0,0,1,1,12.0,1.0,0,0,1,1,13.0,1.0,0,0,1,1,19.0,1.0,0,0,0,1
43,656,656,2025,31,1,5.0,5.0,False,1,ILHA JOANA BEZERRA,3.0,1.0,1,1,1,1,1.0,1.0,1,1,1,1,3.0,1.0,1,1,1,1,2.0,1.0,1,1,1,1,2.0,1.0,1,1,1,1,7.0,3.0,0,1,1,1,19.0,3.0,0,0,0,1,4.0,3.0,1,1,1,1,4.0,3.0,1,1,1,1,7.0,3.0,0,1,1,1,8.0,2.0,0,1,1,1
43,658,661,2025,33,4,27.0,13.0,True,1,ILHA JOANA BEZERRA,1.0,1.0,1,1,1,1,1.0,3.0,1,1,1,1,3.0,3.0,1,1,1,1,2.0,3.0,1,1,1,1,2.0,3.0,1,1,1,1,13.0,2.0,0,0,1,1,8.0,2.0,0,1,1,1,4.0,4.0,1,1,1,1,5.0,4.0,1,1,1,1,6.0,2.0,0,1,1,1,8.0,4.0,0,1,1,1
43,664,664,2025,39,1,5.0,5.0,True,1,ILHA JOANA BEZERRA,5.0,2.0,1,1,1,1,6.0,2.0,0,1,1,1,3.0,2.0,1,1,1,1,2.0,2.0,1,1,1,1,2.0,2.0,1,1,1,1,17.0,4.0,0,0,0,1,22.0,4.0,0,0,0,0,7.0,4.0,0,1,1,1,12.0,4.0,0,0,1,1,11.0,4.0,0,0,1,1,10.0,4.0,0,1,1,1
43,666,666,2025,41,1,4.0,4.0,False,1,ILHA JOANA BEZERRA,5.0,4.0,1,1,1,1,6.0,4.0,0,1,1,1,3.0,4.0,1,1,1,1,2.0,4.0,1,1,1,1,2.0,4.0,1,1,1,1,20.0,2.0,0,0,0,1,18.0,2.0,0,0,0,1,18.0,2.0,0,0,0,1,17.0,2.0,0,0,0,1,17.0,2.0,0,0,0,1,29.0,2.0,0,0,0,0
43,673,673,2025,48,1,4.0,4.0,False,1,ILHA JOANA BEZERRA,79.0,4.0,0,0,0,0,76.0,4.0,0,0,0,0,61.0,4.0,0,0,0,0,56.0,4.0,0,0,0,0,54.0,4.0,0,0,0,0,27.0,1.0,0,0,0,0,5.0,1.0,1,1,1,1,44.0,1.0,0,0,0,0,25.0,1.0,0,0,0,0,12.0,1.0,0,0,1,1,45.0,1.0,0,0,0,0
434,585,585,2024,12,1,15.0,15.0,False,3,CASA AMARELA,25.0,2.0,0,0,0,0,40.0,2.0,0,0,0,0,19.0,2.0,0,0,0,1,38.0,1.0,0,0,0,0,42.0,3.0,0,0,0,0,11.0,3.0,0,0,1,1,29.0,3.0,0,0,0,0,32.0,1.0,0,0,0,0,32.0,3.0,0,0,0,0,29.0,3.0,0,0,0,0,49.0,1.0,0,0,0,0
434,588,589,2024,15,2,22.0,12.0,False,3,CASA AMARELA,4.0,1.0,1,1,1,1,5.0,1.0,1,1,1,1,4.0,1.0,1,1,1,1,7.0,1.0,0,1,1,1,7.0,1.0,0,1,1,1,12.0,3.0,0,0,1,1,20.0,3.0,0,0,0,1,14.0,3.0,0,0,1,1,26.0,3.0,0,0,0,0,24.0,3.0,0,0,0,0,21.0,3.0,0,0,0,0
434,622,622,2024,49,1,5.0,5.0,False,3,CASA AMARELA,17.0,1.0,0,0,0,1,28.0,1.0,0,0,0,0,44.0,2.0,0,0,0,0,54.0,2.0,0,0,0,0,49.0,2.0,0,0,0,0,6.0,4.0,0,1,1,1,6.0,4.0,0,1,1,1,15.0,4.0,0,0,1,1,19.0,4.0,0,0,0,1,13.0,4.0,0,0,1,1,25.0,4.0,0,0,0,0
434,625,625,2024,52,1,5.0,5.0,False,3,CASA AMARELA,17.0,4.0,0,0,0,1,28.0,4.0,0,0,0,0,54.0,3.0,0,0,0,0,55.0,3.0,0,0,0,0,44.0,3.0,0,0,0,0,2.0,3.0,1,1,1,1,10.0,3.0,0,1,1,1,9.0,3.0,0,1,1,1,17.0,3.0,0,0,0,1,19.0,3.0,0,0,0,1,18.0,3.0,0,0,0,1
434,660,661,2025,35,2,17.0,9.0,False,3,CASA AMARELA,35.0,1.0,0,0,0,0,33.0,1.0,0,0,0,0,18.0,1.0,0,0,0,1,15.0,1.0,0,0,1,1,16.0,1.0,0,0,0,1,18.0,1.0,0,0,0,1,29.0,2.0,0,0,0,0,37.0,1.0,0,0,0,0,43.0,1.0,0,0,0,0,36.0,2.0,0,0,0,0,47.0,1.0,0,0,0,0
434,664,665,2025,39,2,11.0,6.0,True,3,CASA AMARELA,1.0,1.0,1,1,1,1,1.0,1.0,1,1,1,1,6.0,2.0,0,1,1,1,1.0,1.0,1,1,1,1,1.0,1.0,1,1,1,1,8.0,4.0,0,1,1,1,23.0,4.0,0,0,0,0,13.0,3.0,0,0,1,1,31.0,4.0,0,0,0,0,22.0,4.0,0,0,0,0,24.0,3.0,0,0,0,0
434,670,670,2025,45,1,9.0,9.0,False,3,CASA AMARELA,16.0,3.0,0,0,0,1,6.0,3.0,0,1,1,1,12.0,4.0,0,0,1,1,13.0,3.0,0,0,1,1,8.0,3.0,0,1,1,1,9.0,2.0,0,1,1,1,18.0,2.0,0,0,0,1,22.0,2.0,0,0,0,0,21.0,2.0,0,0,0,0,17.0,2.0,0,0,0,1,27.0,2.0,0,0,0,0
442,553,553,2023,32,1,2.0,2.0,False,3,CASA FORTE,47.0,2.0,0,0,0,0,58.0,3.0,0,0,0,0,44.0,2.0,0,0,0,0,36.0,2.0,0,0,0,0,44.0,2.0,0,0,0,0,55.0,3.0,0,0,0,0,35.0,3.0,0,0,0,0,55.0,3.0,0,0,0,0,55.0,3.0,0,0,0,0,35.0,3.0,0,0,0,0,55.0,3.0,0,0,0,0
442,558,558,2023,37,1,1.0,1.0,False,3,CASA FORTE,26.0,4.0,0,0,0,0,25.0,4.0,0,0,0,0,46.0,1.0,0,0,0,0,34.0,4.0,0,0,0,0,29.0,4.0,0,0,0,0,57.0,2.0,0,0,0,0,35.0,2.0,0,0,0,0,57.0,2.0,0,0,0,0,57.0,2.0,0,0,0,0,35.0,2.0,0,0,0,0,57.0,2.0,0,0,0,0
442,560,560,2023,39,1,1.0,1.0,False,3,CASA FORTE,25.0,1.0,0,0,0,0,16.0,1.0,0,0,0,1,31.0,1.0,0,0,0,0,21.0,1.0,0,0,0,0,17.0,1.0,0,0,0,1,28.0,2.0,0,0,0,0,17.0,2.0,0,0,0,1,16.0,2.0,0,0,0,1,8.0,2.0,0,1,1,1,6.0,2.0,0,1,1,1,9.0,2.0,0,1,1,1
442,574,574,2024,1,1,1.0,1.0,False,3,CASA FORTE,48.0,2.0,0,0,0,0,42.0,2.0,0,0,0,0,42.0,2.0,0,0,0,0,35.0,2.0,0,0,0,0,37.0,2.0,0,0,0,0,54.0,1.0,0,0,0,0,36.0,1.0,0,0,0,0,54.0,1.0,0,0,0,0,54.0,1.0,0,0,0,0,36.0,1.0,0,0,0,0,54.0,1.0,0,0,0,0
442,576,576,2024,3,1,1.0,1.0,False,3,CASA FORTE,12.0,2.0,0,0,1,1,10.0,1.0,0,1,1,1,13.0,1.0,0,0,1,1,7.0,1.0,0,1,1,1,9.0,1.0,0,1,1,1,9.0,2.0,0,1,1,1,4.0,2.0,1,1,1,1,5.0,2.0,1,1,1,1,4.0,2.0,1,1,1,1,4.0,2.0,1,1,1,1,4.0,2.0,1,1,1,1
442,589,589,2024,16,1,3.0,3.0,False,3,CASA FORTE,35.0,1.0,0,0,0,0,32.0,1.0,0,0,0,0,34.0,1.0,0,0,0,0,42.0,1.0,0,0,0,0,46.0,1.0,0,0,0,0,57.0,1.0,0,0,0,0,14.0,4.0,0,0,1,1,51.0,4.0,0,0,0,0,44.0,4.0,0,0,0,0,15.0,4.0,0,0,1,1,45.0,4.0,0,0,0,0
442,591,591,2024,18,1,2.0,2.0,False,3,CASA FORTE,16.0,1.0,0,0,0,1,14.0,1.0,0,0,1,1,13.0,1.0,0,0,1,1,25.0,1.0,0,0,0,0,26.0,1.0,0,0,0,0,43.0,2.0,0,0,0,0,18.0,4.0,0,0,0,1,28.0,2.0,0,0,0,0,19.0,2.0,0,0,0,1,18.0,2.0,0,0,0,1,23.0,2.0,0,0,0,0
442,593,594,2024,20,2,5.0,3.0,True,3,CASA FORTE,16.0,3.0,0,0,0,1,14.0,3.0,0,0,1,1,13.0,3.0,0,0,1,1,23.0,1.0,0,0,0,0,23.0,1.0,0,0,0,0,38.0,2.0,0,0,0,0,3.0,2.0,1,1,1,1,6.0,2.0,0,1,1,1,16.0,2.0,0,0,0,1,6.0,2.0,0,1,1,1,3.0,2.0,1,1,1,1
442,605,605,2024,32,1,1.0,1.0,False,3,CASA FORTE,67.0,2.0,0,0,0,0,68.0,4.0,0,0,0,0,71.0,4.0,0,0,0,0,53.0,4.0,0,0,0,0,53.0,4.0,0,0,0,0,65.0,1.0,0,0,0,0,29.0,3.0,0,0,0,0,65.0,1.0,0,0,0,0,65.0,1.0,0,0,0,0,29.0,3.0,0,0,0,0,65.0,1.0,0,0,0,0
442,607,608,2024,34,2,2.0,1.0,False,3,CASA FORTE,37.0,1.0,0,0,0,0,35.0,1.0,0,0,0,0,43.0,1.0,0,0,0,0,43.0,1.0,0,0,0,0,55.0,1.0,0,0,0,0,30.0,2.0,0,0,0,0,11.0,2.0,0,0,1,1,17.0,2.0,0,0,0,1,7.0,2.0,0,1,1,1,4.0,2.0,1,1,1,1,6.0,2.0,0,1,1,1
442,617,620,2024,44,4,7.0,3.0,False,3,CASA FORTE,29.0,2.0,0,0,0,0,22.0,2.0,0,0,0,0,10.0,2.0,0,1,1,1,22.0,2.0,0,0,0,0,20.0,1.0,0,0,0,1,28.0,3.0,0,0,0,0,11.0,3.0,0,0,1,1,15.0,3.0,0,0,1,1,12.0,3.0,0,0,1,1,8.0,3.0,0,1,1,1,13.0,2.0,0,0,1,1
442,622,622,2024,49,1,1.0,1.0,True,3,CASA FORTE,1.0,2.0,1,1,1,1,1.0,2.0,1,1,1,1,3.0,2.0,1,1,1,1,1.0,2.0,1,1,1,1,1.0,2.0,1,1,1,1,8.0,3.0,0,1,1,1,14.0,3.0,0,0,1,1,1.0,3.0,1,1,1,1,4.0,3.0,1,1,1,1,6.0,3.0,0,1,1,1,4.0,3.0,1,1,1,1
442,624,624,2024,51,1,1.0,1.0,True,3,CASA FORTE,1.0,4.0,1,1,1,1,1.0,4.0,1,1,1,1,3.0,4.0,1,1,1,1,1.0,4.0,1,1,1,1,1.0,4.0,1,1,1,1,34.0,2.0,0,0,0,0,11.0,2.0,0,0,1,1,21.0,4.0,0,0,0,0,14.0,4.0,0,0,1,1,9.0,2.0,0,1,1,1,13.0,4.0,0,0,1,1
442,648,648,2025,23,1,2.0,2.0,False,3,CASA FORTE,66.0,1.0,0,0,0,0,60.0,1.0,0,0,0,0,66.0,3.0,0,0,0,0,61.0,3.0,0,0,0,0,63.0,3.0,0,0,0,0,65.0,2.0,0,0,0,0,32.0,3.0,0,0,0,0,65.0,2.0,0,0,0,0,65.0,2.0,0,0,0,0,32.0,3.0,0,0,0,0,65.0,2.0,0,0,0,0
442,653,653,2025,28,1,2.0,2.0,False,3,CASA FORTE,39.0,1.0,0,0,0,0,36.0,1.0,0,0,0,0,54.0,1.0,0,0,0,0,45.0,1.0,0,0,0,0,45.0,1.0,0,0,0,0,40.0,2.0,0,0,0,0,8.0,2.0,0,1,1,1,20.0,2.0,0,0,0,1,15.0,2.0,0,0,1,1,7.0,2.0,0,1,1,1,15.0,2.0,0,0,1,1
450,532,532,2023,11,1,1.0,1.0,False,3,SANTANA,8.0,1.0,0,1,1,1,10.0,3.0,0,1,1,1,7.0,1.0,0,1,1,1,10.0,1.0,0,1,1,1,8.0,3.0,0,1,1,1,47.0,3.0,0,0,0,0,33.0,3.0,0,0,0,0,47.0,3.0,0,0,0,0,47.0,3.0,0,0,0,0,33.0,3.0,0,0,0,0,47.0,3.0,0,0,0,0
450,542,542,2023,21,1,1.0,1.0,False,3,SANTANA,26.0,3.0,0,0,0,0,34.0,4.0,0,0,0,0,17.0,3.0,0,0,0,1,18.0,3.0,0,0,0,1,18.0,3.0,0,0,0,1,54.0,3.0,0,0,0,0,26.0,3.0,0,0,0,0,54.0,3.0,0,0,0,0,54.0,3.0,0,0,0,0,26.0,3.0,0,0,0,0,54.0,3.0,0,0,0,0
450,553,553,2023,32,1,1.0,1.0,False,3,SANTANA,31.0,3.0,0,0,0,0,47.0,4.0,0,0,0,0,20.0,4.0,0,0,0,1,34.0,3.0,0,0,0,0,32.0,4.0,0,0,0,0,56.0,3.0,0,0,0,0,36.0,3.0,0,0,0,0,56.0,3.0,0,0,0,0,56.0,3.0,0,0,0,0,36.0,3.0,0,0,0,0,56.0,3.0,0,0,0,0
450,581,582,2024,8,2,4.0,3.0,False,3,SANTANA,17.0,4.0,0,0,0,1,19.0,4.0,0,0,0,1,13.0,4.0,0,0,1,1,17.0,4.0,0,0,0,1,16.0,4.0,0,0,0,1,57.0,4.0,0,0,0,0,42.0,3.0,0,0,0,0,57.0,4.0,0,0,0,0,57.0,4.0,0,0,0,0,42.0,3.0,0,0,0,0,57.0,4.0,0,0,0,0
450,587,588,2024,14,2,2.0,1.0,False,3,SANTANA,9.0,4.0,0,1,1,1,4.0,4.0,1,1,1,1,10.0,3.0,0,1,1,1,7.0,4.0,0,1,1,1,6.0,3.0,0,1,1,1,81.0,1.0,0,0,0,0,31.0,1.0,0,0,0,0,81.0,1.0,0,0,0,0,81.0,1.0,0,0,0,0,31.0,1.0,0,0,0,0,81.0,1.0,0,0,0,0
450,591,594,2024,18,4,4.0,1.0,True,3,SANTANA,18.0,2.0,0,0,0,1,16.0,2.0,0,0,0,1,13.0,2.0,0,0,1,1,18.0,2.0,0,0,0,1,11.0,2.0,0,0,1,1,69.0,3.0,0,0,0,0,19.0,4.0,0,0,0,1,46.0,4.0,0,0,0,0,33.0,4.0,0,0,0,0,12.0,4.0,0,0,1,1,13.0,3.0,0,0,1,1
450,596,596,2024,23,1,1.0,1.0,True,3,SANTANA,14.0,2.0,0,0,1,1,13.0,2.0,0,0,1,1,14.0,1.0,0,0,1,1,15.0,1.0,0,0,1,1,7.0,1.0,0,1,1,1,43.0,3.0,0,0,0,0,33.0,4.0,0,0,0,0,15.0,3.0,0,0,1,1,7.0,4.0,0,1,1,1,33.0,4.0,0,0,0,0,7.0,4.0,0,1,1,1
450,637,637,2025,12,1,1.0,1.0,False,3,SANTANA,15.0,2.0,0,0,1,1,12.0,2.0,0,0,1,1,20.0,2.0,0,0,0,1,24.0,1.0,0,0,0,0,20.0,2.0,0,0,0,1,64.0,2.0,0,0,0,0,28.0,2.0,0,0,0,0,64.0,2.0,0,0,0,0,64.0,2.0,0,0,0,0,28.0,2.0,0,0,0,0,64.0,2.0,0,0,0,0
450,651,651,2025,26,1,2.0,2.0,False,3,SANTANA,21.0,1.0,0,0,0,0,21.0,1.0,0,0,0,0,12.0,4.0,0,0,1,1,19.0,4.0,0,0,0,1,22.0,4.0,0,0,0,0,47.0,2.0,0,0,0,0,22.0,3.0,0,0,0,0,15.0,3.0,0,0,1,1,6.0,3.0,0,1,1,1,6.0,3.0,0,1,1,1,11.0,3.0,0,0,1,1
450,659,659,2025,34,1,1.0,1.0,False,3,SANTANA,60.0,4.0,0,0,0,0,58.0,4.0,0,0,0,0,36.0,4.0,0,0,0,0,52.0,4.0,0,0,0,0,48.0,4.0,0,0,0,0,73.0,3.0,0,0,0,0,41.0,3.0,0,0,0,0,73.0,3.0,0,0,0,0,73.0,3.0,0,0,0,0,41.0,3.0,0,0,0,0,73.0,3.0,0,0,0,0
450,662,662,2025,37,1,1.0,1.0,False,3,SANTANA,78.0,4.0,0,0,0,0,71.0,3.0,0,0,0,0,59.0,4.0,0,0,0,0,64.0,4.0,0,0,0,0,63.0,4.0,0,0,0,0,55.0,3.0,0,0,0,0,11.0,3.0,0,0,1,1,20.0,3.0,0,0,0,1,20.0,3.0,0,0,0,1,4.0,3.0,1,1,1,1,3.0,3.0,1,1,1,1
450,664,664,2025,39,1,1.0,1.0,False,3,SANTANA,57.0,1.0,0,0,0,0,56.0,1.0,0,0,0,0,34.0,1.0,0,0,0,0,42.0,1.0,0,0,0,0,36.0,1.0,0,0,0,0,48.0,2.0,0,0,0,0,8.0,2.0,0,1,1,1,18.0,2.0,0,0,0,1,9.0,2.0,0,1,1,1,3.0,2.0,1,1,1,1,2.0,2.0,1,1,1,1
450,672,672,2025,47,1,2.0,2.0,False,3,SANTANA,52.0,3.0,0,0,0,0,49.0,3.0,0,0,0,0,30.0,3.0,0,0,0,0,39.0,3.0,0,0,0,0,42.0,3.0,0,0,0,0,66.0,1.0,0,0,0,0,31.0,4.0,0,0,0,0,66.0,1.0,0,0,0,0,66.0,1.0,0,0,0,0,31.0,4.0,0,0,0,0,66.0,1.0,0,0,0,0
469,526,526,2023,5,1,1.0,1.0,False,3,PARNAMIRIM,15.0,4.0,0,0,1,1,8.0,4.0,0,1,1,1,15.0,1.0,0,0,1,1,18.0,1.0,0,0,0,1,17.0,1.0,0,0,0,1,54.0,3.0,0,0,0,0,39.0,3.0,0,0,0,0,54.0,3.0,0,0,0,0,54.0,3.0,0,0,0,0,39.0,3.0,0,0,0,0,54.0,3.0,0,0,0,0
469,539,539,2023,18,1,1.0,1.0,False,3,PARNAMIRIM,39.0,1.0,0,0,0,0,36.0,1.0,0,0,0,0,38.0,1.0,0,0,0,0,36.0,1.0,0,0,0,0,44.0,1.0,0,0,0,0,62.0,3.0,0,0,0,0,27.0,4.0,0,0,0,0,62.0,3.0,0,0,0,0,62.0,3.0,0,0,0,0,27.0,4.0,0,0,0,0,62.0,3.0,0,0,0,0
469,557,557,2023,36,1,1.0,1.0,False,3,PARNAMIRIM,65.0,3.0,0,0,0,0,67.0,3.0,0,0,0,0,70.0,4.0,0,0,0,0,58.0,4.0,0,0,0,0,58.0,4.0,0,0,0,0,59.0,1.0,0,0,0,0,37.0,1.0,0,0,0,0,59.0,1.0,0,0,0,0,59.0,1.0,0,0,0,0,37.0,1.0,0,0,0,0,59.0,1.0,0,0,0,0
469,580,580,2024,7,1,1.0,1.0,False,3,PARNAMIRIM,30.0,3.0,0,0,0,0,30.0,3.0,0,0,0,0,22.0,3.0,0,0,0,0,26.0,3.0,0,0,0,0,23.0,3.0,0,0,0,0,55.0,4.0,0,0,0,0,37.0,4.0,0,0,0,0,55.0,4.0,0,0,0,0,55.0,4.0,0,0,0,0,37.0,4.0,0,0,0,0,55.0,4.0,0,0,0,0
469,582,582,2024,9,1,2.0,2.0,False,3,PARNAMIRIM,11.0,2.0,0,0,1,1,9.0,2.0,0,1,1,1,15.0,2.0,0,0,1,1,17.0,2.0,0,0,0,1,16.0,2.0,0,0,0,1,44.0,2.0,0,0,0,0,13.0,2.0,0,0,1,1,9.0,2.0,0,1,1,1,20.0,2.0,0,0,0,1,16.0,2.0,0,0,0,1,7.0,2.0,0,1,1,1
469,584,584,2024,11,1,5.0,5.0,True,3,PARNAMIRIM,11.0,4.0,0,0,1,1,9.0,4.0,0,1,1,1,12.0,1.0,0,0,1,1,17.0,4.0,0,0,0,1,16.0,4.0,0,0,0,1,44.0,4.0,0,0,0,0,8.0,2.0,0,1,1,1,9.0,4.0,0,1,1,1,20.0,4.0,0,0,0,1,16.0,4.0,0,0,0,1,7.0,4.0,0,1,1,1
469,587,588,2024,14,2,2.0,1.0,False,3,PARNAMIRIM,4.0,2.0,1,1,1,1,4.0,2.0,1,1,1,1,7.0,2.0,0,1,1,1,1.0,2.0,1,1,1,1,1.0,2.0,1,1,1,1,41.0,3.0,0,0,0,0,4.0,3.0,1,1,1,1,7.0,3.0,0,1,1,1,18.0,3.0,0,0,0,1,8.0,3.0,0,1,1,1,3.0,3.0,1,1,1,1
469,591,591,2024,18,1,1.0,1.0,True,3,PARNAMIRIM,15.0,3.0,0,0,1,1,19.0,3.0,0,0,0,1,12.0,1.0,0,0,1,1,20.0,1.0,0,0,0,1,16.0,1.0,0,0,0,1,56.0,1.0,0,0,0,0,4.0,1.0,1,1,1,1,31.0,1.0,0,0,0,0,48.0,1.0,0,0,0,0,8.0,1.0,0,1,1,1,18.0,1.0,0,0,0,1
469,595,595,2024,22,1,1.0,1.0,True,3,PARNAMIRIM,16.0,4.0,0,0,0,1,17.0,4.0,0,0,0,1,16.0,4.0,0,0,0,1,21.0,1.0,0,0,0,0,19.0,1.0,0,0,0,1,44.0,2.0,0,0,0,0,9.0,2.0,0,1,1,1,16.0,2.0,0,0,0,1,29.0,2.0,0,0,0,0,11.0,2.0,0,0,1,1,12.0,4.0,0,0,1,1
469,603,603,2024,30,1,1.0,1.0,False,3,PARNAMIRIM,30.0,2.0,0,0,0,0,35.0,2.0,0,0,0,0,26.0,2.0,0,0,0,0,22.0,3.0,0,0,0,0,29.0,3.0,0,0,0,0,43.0,4.0,0,0,0,0,13.0,4.0,0,0,1,1,32.0,3.0,0,0,0,0,30.0,3.0,0,0,0,0,12.0,4.0,0,0,1,1,22.0,3.0,0,0,0,0
469,607,608,2024,34,2,2.0,1.0,True,3,PARNAMIRIM,41.0,4.0,0,0,0,0,42.0,2.0,0,0,0,0,40.0,4.0,0,0,0,0,51.0,1.0,0,0,0,0,48.0,2.0,0,0,0,0,35.0,4.0,0,0,0,0,13.0,4.0,0,0,1,1,16.0,4.0,0,0,0,1,18.0,4.0,0,0,0,1,9.0,4.0,0,1,1,1,10.0,4.0,0,1,1,1
469,611,611,2024,38,1,2.0,2.0,True,3,PARNAMIRIM,35.0,2.0,0,0,0,0,33.0,3.0,0,0,0,0,39.0,4.0,0,0,0,0,31.0,2.0,0,0,0,0,24.0,3.0,0,0,0,0,38.0,4.0,0,0,0,0,13.0,4.0,0,0,1,1,8.0,4.0,0,1,1,1,23.0,4.0,0,0,0,0,10.0,4.0,0,1,1,1,2.0,3.0,1,1,1,1
469,614,614,2024,41,1,1.0,1.0,False,3,PARNAMIRIM,8.0,2.0,0,1,1,1,9.0,2.0,0,1,1,1,20.0,2.0,0,0,0,1,7.0,2.0,0,1,1,1,6.0,2.0,0,1,1,1,11.0,3.0,0,0,1,1,3.0,3.0,1,1,1,1,1.0,3.0,1,1,1,1,2.0,3.0,1,1,1,1,2.0,3.0,1,1,1,1,3.0,3.0,1,1,1,1
469,622,622,2024,49,1,1.0,1.0,False,3,PARNAMIRIM,34.0,4.0,0,0,0,0,37.0,4.0,0,0,0,0,29.0,4.0,0,0,0,0,33.0,4.0,0,0,0,0,35.0,4.0,0,0,0,0,66.0,1.0,0,0,0,0,33.0,3.0,0,0,0,0,66.0,1.0,0,0,0,0,66.0,1.0,0,0,0,0,33.0,3.0,0,0,0,0,66.0,1.0,0,0,0,0
469,624,626,2024,51,3,5.0,3.0,False,3,PARNAMIRIM,45.0,2.0,0,0,0,0,43.0,2.0,0,0,0,0,31.0,2.0,0,0,0,0,39.0,2.0,0,0,0,0,36.0,2.0,0,0,0,0,35.0,2.0,0,0,0,0,12.0,2.0,0,0,1,1,4.0,2.0,1,1,1,1,20.0,2.0,0,0,0,1,12.0,2.0,0,0,1,1,3.0,2.0,1,1,1,1
469,628,628,2025,3,1,1.0,1.0,True,3,PARNAMIRIM,1.0,2.0,1,1,1,1,2.0,2.0,1,1,1,1,5.0,2.0,1,1,1,1,3.0,2.0,1,1,1,1,2.0,2.0,1,1,1,1,5.0,3.0,1,1,1,1,9.0,3.0,0,1,1,1,1.0,3.0,1,1,1,1,2.0,3.0,1,1,1,1,1.0,3.0,1,1,1,1,2.0,3.0,1,1,1,1
469,630,630,2025,5,1,2.0,2.0,True,3,PARNAMIRIM,1.0,4.0,1,1,1,1,2.0,4.0,1,1,1,1,3.0,1.0,1,1,1,1,3.0,4.0,1,1,1,1,2.0,4.0,1,1,1,1,25.0,4.0,0,0,0,0,20.0,2.0,0,0,0,1,13.0,4.0,0,0,1,1,8.0,4.0,0,1,1,1,9.0,2.0,0,1,1,1,8.0,4.0,0,1,1,1
469,653,653,2025,28,1,2.0,2.0,False,3,PARNAMIRIM,60.0,4.0,0,0,0,0,50.0,4.0,0,0,0,0,71.0,3.0,0,0,0,0,55.0,1.0,0,0,0,0,53.0,1.0,0,0,0,0,45.0,1.0,0,0,0,0,23.0,1.0,0,0,0,0,25.0,1.0,0,0,0,0,27.0,1.0,0,0,0,0,17.0,1.0,0,0,0,1,16.0,1.0,0,0,0,1
469,655,655,2025,30,1,2.0,2.0,False,3,PARNAMIRIM,47.0,2.0,0,0,0,0,37.0,2.0,0,0,0,0,49.0,2.0,0,0,0,0,54.0,2.0,0,0,0,0,49.0,2.0,0,0,0,0,34.0,2.0,0,0,0,0,23.0,3.0,0,0,0,0,6.0,2.0,0,1,1,1,12.0,2.0,0,0,1,1,12.0,2.0,0,0,1,1,6.0,2.0,0,1,1,1
469,658,658,2025,33,1,1.0,1.0,False,3,PARNAMIRIM,25.0,1.0,0,0,0,0,18.0,1.0,0,0,0,1,36.0,1.0,0,0,0,0,20.0,1.0,0,0,0,1,14.0,1.0,0,0,1,1,36.0,3.0,0,0,0,0,7.0,3.0,0,1,1,1,11.0,3.0,0,0,1,1,20.0,3.0,0,0,0,1,7.0,3.0,0,1,1,1,7.0,3.0,0,1,1,1
469,665,665,2025,40,1,1.0,1.0,False,3,PARNAMIRIM,75.0,4.0,0,0,0,0,69.0,4.0,0,0,0,0,75.0,4.0,0,0,0,0,75.0,4.0,0,0,0,0,72.0,4.0,0,0,0,0,71.0,3.0,0,0,0,0,34.0,3.0,0,0,0,0,71.0,3.0,0,0,0,0,71.0,3.0,0,0,0,0,34.0,3.0,0,0,0,0,71.0,3.0,0,0,0,0
469,667,667,2025,42,1,2.0,2.0,False,3,PARNAMIRIM,67.0,2.0,0,0,0,0,68.0,2.0,0,0,0,0,72.0,2.0,0,0,0,0,72.0,2.0,0,0,0,0,71.0,2.0,0,0,0,0,48.0,2.0,0,0,0,0,8.0,2.0,0,1,1,1,18.0,2.0,0,0,0,1,39.0,2.0,0,0,0,0,11.0,2.0,0,0,1,1,3.0,2.0,1,1,1,1
469,672,672,2025,47,1,2.0,2.0,False,3,PARNAMIRIM,29.0,2.0,0,0,0,0,26.0,3.0,0,0,0,0,35.0,3.0,0,0,0,0,25.0,3.0,0,0,0,0,21.0,2.0,0,0,0,0,67.0,1.0,0,0,0,0,39.0,1.0,0,0,0,0,67.0,1.0,0,0,0,0,67.0,1.0,0,0,0,0,39.0,1.0,0,0,0,0,67.0,1.0,0,0,0,0
469,674,674,2025,49,1,1.0,1.0,False,3,PARNAMIRIM,16.0,1.0,0,0,0,1,15.0,1.0,0,0,1,1,24.0,1.0,0,0,0,0,15.0,1.0,0,0,1,1,10.0,1.0,0,1,1,1,30.0,2.0,0,0,0,0,7.0,2.0,0,1,1,1,2.0,2.0,1,1,1,1,11.0,2.0,0,0,1,1,7.0,2.0,0,1,1,1,3.0,2.0,1,1,1,1
477,553,553,2023,32,1,1.0,1.0,False,3,POCO,25.0,3.0,0,0,0,0,24.0,3.0,0,0,0,0,31.0,1.0,0,0,0,0,26.0,4.0,0,0,0,0,27.0,2.0,0,0,0,0,21.0,3.0,0,0,0,0,8.0,3.0,0,1,1,1,4.0,3.0,1,1,1,1,3.0,3.0,1,1,1,1,2.0,3.0,1,1,1,1,4.0,3.0,1,1,1,1
477,581,582,2024,8,2,6.0,4.0,False,3,POCO,49.0,3.0,0,0,0,0,47.0,3.0,0,0,0,0,53.0,3.0,0,0,0,0,43.0,3.0,0,0,0,0,43.0,3.0,0,0,0,0,59.0,4.0,0,0,0,0,44.0,3.0,0,0,0,0,59.0,4.0,0,0,0,0,59.0,4.0,0,0,0,0,44.0,3.0,0,0,0,0,59.0,4.0,0,0,0,0
477,611,611,2024,38,1,1.0,1.0,False,3,POCO,63.0,4.0,0,0,0,0,58.0,4.0,0,0,0,0,62.0,4.0,0,0,0,0,67.0,4.0,0,0,0,0,64.0,4.0,0,0,0,0,69.0,2.0,0,0,0,0,39.0,2.0,0,0,0,0,69.0,2.0,0,0,0,0,69.0,2.0,0,0,0,0,39.0,2.0,0,0,0,0,69.0,2.0,0,0,0,0
477,614,614,2024,41,1,1.0,1.0,False,3,POCO,36.0,2.0,0,0,0,0,36.0,2.0,0,0,0,0,46.0,2.0,0,0,0,0,42.0,2.0,0,0,0,0,40.0,2.0,0,0,0,0,23.0,3.0,0,0,0,0,8.0,3.0,0,1,1,1,3.0,3.0,1,1,1,1,4.0,3.0,1,1,1,1,4.0,3.0,1,1,1,1,2.0,3.0,1,1,1,1
477,622,624,2024,49,3,4.0,2.0,False,3,POCO,33.0,4.0,0,0,0,0,34.0,4.0,0,0,0,0,40.0,4.0,0,0,0,0,30.0,4.0,0,0,0,0,33.0,4.0,0,0,0,0,67.0,1.0,0,0,0,0,34.0,3.0,0,0,0,0,67.0,1.0,0,0,0,0,67.0,1.0,0,0,0,0,34.0,3.0,0,0,0,0,67.0,1.0,0,0,0,0
477,636,636,2025,11,1,2.0,2.0,False,3,POCO,15.0,2.0,0,0,1,1,20.0,2.0,0,0,0,1,39.0,1.0,0,0,0,0,35.0,1.0,0,0,0,0,28.0,2.0,0,0,0,0,43.0,4.0,0,0,0,0,13.0,4.0,0,0,1,1,20.0,4.0,0,0,0,1,15.0,4.0,0,0,1,1,5.0,4.0,1,1,1,1,19.0,4.0,0,0,0,1
477,654,654,2025,29,1,2.0,2.0,False,3,POCO,60.0,4.0,0,0,0,0,59.0,4.0,0,0,0,0,77.0,3.0,0,0,0,0,66.0,4.0,0,0,0,0,63.0,3.0,0,0,0,0,66.0,3.0,0,0,0,0,36.0,4.0,0,0,0,0,66.0,3.0,0,0,0,0,66.0,3.0,0,0,0,0,36.0,4.0,0,0,0,0,66.0,3.0,0,0,0,0
477,657,657,2025,32,1,1.0,1.0,False,3,POCO,57.0,3.0,0,0,0,0,59.0,3.0,0,0,0,0,75.0,1.0,0,0,0,0,64.0,3.0,0,0,0,0,72.0,3.0,0,0,0,0,31.0,3.0,0,0,0,0,1.0,3.0,1,1,1,1,10.0,3.0,0,1,1,1,11.0,3.0,0,0,1,1,5.0,3.0,1,1,1,1,6.0,3.0,0,1,1,1
477,663,664,2025,38,2,3.0,2.0,False,3,POCO,73.0,4.0,0,0,0,0,63.0,4.0,0,0,0,0,59.0,4.0,0,0,0,0,61.0,4.0,0,0,0,0,61.0,4.0,0,0,0,0,72.0,1.0,0,0,0,0,35.0,1.0,0,0,0,0,72.0,1.0,0,0,0,0,72.0,1.0,0,0,0,0,35.0,1.0,0,0,0,0,72.0,1.0,0,0,0,0
477,669,669,2025,44,1,1.0,1.0,False,3,POCO,40.0,4.0,0,0,0,0,43.0,4.0,0,0,0,0,45.0,4.0,0,0,0,0,44.0,4.0,0,0,0,0,39.0,4.0,0,0,0,0,76.0,1.0,0,0,0,0,32.0,1.0,0,0,0,0,76.0,1.0,0,0,0,0,76.0,1.0,0,0,0,0,32.0,1.0,0,0,0,0,76.0,1.0,0,0,0,0
485,558,558,2023,37,1,1.0,1.0,False,3,MONTEIRO,69.0,2.0,0,0,0,0,69.0,4.0,0,0,0,0,55.0,4.0,0,0,0,0,63.0,4.0,0,0,0,0,62.0,4.0,0,0,0,0,61.0,2.0,0,0,0,0,39.0,2.0,0,0,0,0,61.0,2.0,0,0,0,0,61.0,2.0,0,0,0,0,39.0,2.0,0,0,0,0,61.0,2.0,0,0,0,0
485,570,570,2023,49,1,1.0,1.0,False,3,MONTEIRO,62.0,1.0,0,0,0,0,57.0,1.0,0,0,0,0,55.0,1.0,0,0,0,0,55.0,1.0,0,0,0,0,58.0,1.0,0,0,0,0,60.0,3.0,0,0,0,0,39.0,1.0,0,0,0,0,60.0,3.0,0,0,0,0,60.0,3.0,0,0,0,0,39.0,1.0,0,0,0,0,60.0,3.0,0,0,0,0
485,582,582,2024,9,1,5.0,5.0,False,3,MONTEIRO,37.0,4.0,0,0,0,0,39.0,2.0,0,0,0,0,35.0,2.0,0,0,0,0,38.0,4.0,0,0,0,0,39.0,4.0,0,0,0,0,68.0,4.0,0,0,0,0,45.0,4.0,0,0,0,0,68.0,4.0,0,0,0,0,68.0,4.0,0,0,0,0,45.0,4.0,0,0,0,0,68.0,4.0,0,0,0,0
485,585,585,2024,12,1,2.0,2.0,False,3,MONTEIRO,6.0,2.0,0,1,1,1,8.0,2.0,0,1,1,1,5.0,1.0,1,1,1,1,9.0,2.0,0,1,1,1,12.0,2.0,0,0,1,1,33.0,3.0,0,0,0,0,1.0,3.0,1,1,1,1,2.0,3.0,1,1,1,1,13.0,3.0,0,0,1,1,7.0,3.0,0,1,1,1,4.0,3.0,1,1,1,1
485,593,593,2024,20,1,1.0,1.0,False,3,MONTEIRO,24.0,3.0,0,0,0,0,16.0,2.0,0,0,0,1,15.0,3.0,0,0,1,1,17.0,3.0,0,0,0,1,22.0,3.0,0,0,0,0,57.0,3.0,0,0,0,0,10.0,4.0,0,1,1,1,32.0,3.0,0,0,0,0,47.0,3.0,0,0,0,0,20.0,4.0,0,0,0,1,20.0,3.0,0,0,0,1
485,602,602,2024,29,1,2.0,2.0,False,3,MONTEIRO,47.0,2.0,0,0,0,0,48.0,2.0,0,0,0,0,56.0,1.0,0,0,0,0,41.0,2.0,0,0,0,0,52.0,2.0,0,0,0,0,46.0,2.0,0,0,0,0,8.0,2.0,0,1,1,1,24.0,2.0,0,0,0,0,28.0,2.0,0,0,0,0,10.0,2.0,0,1,1,1,13.0,2.0,0,0,1,1
485,613,613,2024,40,1,1.0,1.0,False,3,MONTEIRO,64.0,4.0,0,0,0,0,60.0,4.0,0,0,0,0,66.0,2.0,0,0,0,0,63.0,4.0,0,0,0,0,66.0,4.0,0,0,0,0,64.0,2.0,0,0,0,0,40.0,4.0,0,0,0,0,64.0,2.0,0,0,0,0,64.0,2.0,0,0,0,0,40.0,4.0,0,0,0,0,64.0,2.0,0,0,0,0
485,621,621,2024,48,1,3.0,3.0,False,3,MONTEIRO,77.0,2.0,0,0,0,0,71.0,2.0,0,0,0,0,66.0,4.0,0,0,0,0,71.0,4.0,0,0,0,0,77.0,4.0,0,0,0,0,41.0,3.0,0,0,0,0,24.0,3.0,0,0,0,0,50.0,3.0,0,0,0,0,26.0,3.0,0,0,0,0,15.0,3.0,0,0,1,1,49.0,3.0,0,0,0,0
485,627,627,2025,2,1,1.0,1.0,False,3,MONTEIRO,9.0,3.0,0,1,1,1,6.0,3.0,0,1,1,1,12.0,3.0,0,0,1,1,5.0,3.0,1,1,1,1,6.0,3.0,0,1,1,1,58.0,1.0,0,0,0,0,38.0,2.0,0,0,0,0,58.0,1.0,0,0,0,0,58.0,1.0,0,0,0,0,38.0,2.0,0,0,0,0,58.0,1.0,0,0,0,0
485,634,634,2025,9,1,2.0,2.0,False,3,MONTEIRO,12.0,2.0,0,0,1,1,13.0,2.0,0,0,1,1,22.0,1.0,0,0,0,0,21.0,2.0,0,0,0,0,20.0,2.0,0,0,0,1,44.0,4.0,0,0,0,0,18.0,4.0,0,0,0,1,12.0,4.0,0,0,1,1,19.0,4.0,0,0,0,1,14.0,4.0,0,0,1,1,10.0,4.0,0,1,1,1
485,640,640,2025,15,1,4.0,4.0,False,3,MONTEIRO,8.0,4.0,0,1,1,1,8.0,4.0,0,1,1,1,10.0,4.0,0,1,1,1,9.0,4.0,0,1,1,1,13.0,4.0,0,0,1,1,43.0,4.0,0,0,0,0,33.0,4.0,0,0,0,0,9.0,4.0,0,1,1,1,29.0,4.0,0,0,0,0,18.0,4.0,0,0,0,1,7.0,4.0,0,1,1,1
485,648,648,2025,23,1,1.0,1.0,False,3,MONTEIRO,7.0,1.0,0,1,1,1,8.0,4.0,0,1,1,1,20.0,4.0,0,0,0,1,15.0,3.0,0,0,1,1,12.0,3.0,0,0,1,1,68.0,3.0,0,0,0,0,35.0,3.0,0,0,0,0,68.0,3.0,0,0,0,0,68.0,3.0,0,0,0,0,35.0,3.0,0,0,0,0,68.0,3.0,0,0,0,0
485,663,663,2025,38,1,1.0,1.0,False,3,MONTEIRO,71.0,4.0,0,0,0,0,66.0,4.0,0,0,0,0,75.0,4.0,0,0,0,0,77.0,4.0,0,0,0,0,77.0,4.0,0,0,0,0,73.0,1.0,0,0,0,0,36.0,1.0,0,0,0,0,73.0,1.0,0,0,0,0,73.0,1.0,0,0,0,0,36.0,1.0,0,0,0,0,73.0,1.0,0,0,0,0
493,584,587,2024,11,4,10.0,3.0,False,3,ALTO DO MANDU,12.0,1.0,0,0,1,1,7.0,3.0,0,1,1,1,8.0,1.0,0,1,1,1,4.0,1.0,1,1,1,1,5.0,1.0,1,1,1,1,22.0,4.0,0,0,0,0,23.0,4.0,0,0,0,0,21.0,4.0,0,0,0,0,3.0,4.0,1,1,1,1,9.0,4.0,0,1,1,1,19.0,4.0,0,0,0,1
493,590,590,2024,17,1,3.0,3.0,True,3,ALTO DO MANDU,4.0,2.0,1,1,1,1,2.0,2.0,1,1,1,1,6.0,2.0,0,1,1,1,14.0,2.0,0,0,1,1,14.0,2.0,0,0,1,1,38.0,4.0,0,0,0,0,11.0,1.0,0,0,1,1,14.0,4.0,0,0,1,1,9.0,4.0,0,1,1,1,10.0,4.0,0,1,1,1,9.0,4.0,0,1,1,1
493,608,608,2024,35,1,2.0,2.0,False,3,ALTO DO MANDU,14.0,3.0,0,0,1,1,17.0,3.0,0,0,0,1,18.0,2.0,0,0,0,1,11.0,2.0,0,0,1,1,15.0,2.0,0,0,1,1,67.0,3.0,0,0,0,0,45.0,4.0,0,0,0,0,67.0,3.0,0,0,0,0,67.0,3.0,0,0,0,0,45.0,4.0,0,0,0,0,67.0,3.0,0,0,0,0
493,616,617,2024,43,2,4.0,2.0,False,3,ALTO DO MANDU,15.0,1.0,0,0,1,1,20.0,1.0,0,0,0,1,27.0,4.0,0,0,0,0,19.0,3.0,0,0,0,1,19.0,3.0,0,0,0,1,29.0,4.0,0,0,0,0,16.0,1.0,0,0,0,1,21.0,4.0,0,0,0,0,6.0,4.0,0,1,1,1,7.0,1.0,0,1,1,1,20.0,4.0,0,0,0,1
493,622,622,2024,49,1,2.0,2.0,False,3,ALTO DO MANDU,1.0,4.0,1,1,1,1,1.0,4.0,1,1,1,1,1.0,4.0,1,1,1,1,1.0,4.0,1,1,1,1,1.0,4.0,1,1,1,1,34.0,1.0,0,0,0,0,18.0,2.0,0,0,0,1,22.0,2.0,0,0,0,0,7.0,2.0,0,1,1,1,6.0,2.0,0,1,1,1,16.0,2.0,0,0,0,1
493,644,644,2025,19,1,2.0,2.0,False,3,ALTO DO MANDU,5.0,2.0,1,1,1,1,8.0,2.0,0,1,1,1,10.0,2.0,0,1,1,1,11.0,2.0,0,0,1,1,11.0,2.0,0,0,1,1,40.0,3.0,0,0,0,0,11.0,3.0,0,0,1,1,23.0,3.0,0,0,0,0,7.0,3.0,0,1,1,1,4.0,3.0,1,1,1,1,18.0,3.0,0,0,0,1
493,658,661,2025,33,4,9.0,4.0,False,3,ALTO DO MANDU,68.0,1.0,0,0,0,0,74.0,2.0,0,0,0,0,81.0,2.0,0,0,0,0,77.0,2.0,0,0,0,0,77.0,2.0,0,0,0,0,76.0,2.0,0,0,0,0,43.0,2.0,0,0,0,0,76.0,2.0,0,0,0,0,76.0,2.0,0,0,0,0,43.0,2.0,0,0,0,0,76.0,2.0,0,0,0,0
493,664,664,2025,39,1,3.0,3.0,True,3,ALTO DO MANDU,7.0,3.0,0,1,1,1,9.0,3.0,0,1,1,1,11.0,2.0,0,0,1,1,17.0,2.0,0,0,0,1,17.0,2.0,0,0,0,1,34.0,4.0,0,0,0,0,14.0,4.0,0,0,1,1,11.0,4.0,0,0,1,1,4.0,4.0,1,1,1,1,4.0,4.0,1,1,1,1,7.0,4.0,0,1,1,1
493,668,668,2025,43,1,2.0,2.0,True,3,ALTO DO MANDU,11.0,1.0,0,0,1,1,11.0,1.0,0,0,1,1,17.0,3.0,0,0,0,1,18.0,3.0,0,0,0,1,31.0,3.0,0,0,0,0,30.0,4.0,0,0,0,0,3.0,4.0,1,1,1,1,13.0,4.0,0,0,1,1,6.0,4.0,0,1,1,1,4.0,4.0,1,1,1,1,16.0,4.0,0,0,0,1
493,670,671,2025,45,2,5.0,3.0,False,3,ALTO DO MANDU,11.0,3.0,0,0,1,1,11.0,3.0,0,0,1,1,25.0,3.0,0,0,0,0,27.0,3.0,0,0,0,0,38.0,3.0,0,0,0,0,30.0,2.0,0,0,0,0,9.0,4.0,0,1,1,1,30.0,2.0,0,0,0,0,7.0,2.0,0,1,1,1,6.0,4.0,0,1,1,1,20.0,2.0,0,0,0,1
493,674,675,2025,49,2,4.0,2.0,True,3,ALTO DO MANDU,10.0,2.0,0,1,1,1,9.0,2.0,0,1,1,1,19.0,2.0,0,0,0,1,23.0,2.0,0,0,0,0,24.0,4.0,0,0,0,0,22.0,4.0,0,0,0,0,2.0,4.0,1,1,1,1,11.0,4.0,0,0,1,1,4.0,3.0,1,1,1,1,3.0,4.0,1,1,1,1,12.0,4.0,0,0,1,1
507,533,534,2023,12,2,2.0,1.0,False,3,APIPUCOS,10.0,2.0,0,1,1,1,7.0,2.0,0,1,1,1,15.0,2.0,0,0,1,1,13.0,2.0,0,0,1,1,8.0,2.0,0,1,1,1,52.0,4.0,0,0,0,0,38.0,4.0,0,0,0,0,52.0,4.0,0,0,0,0,52.0,4.0,0,0,0,0,38.0,4.0,0,0,0,0,52.0,4.0,0,0,0,0
507,549,549,2023,28,1,1.0,1.0,False,3,APIPUCOS,32.0,1.0,0,0,0,0,16.0,2.0,0,0,0,1,27.0,1.0,0,0,0,0,28.0,1.0,0,0,0,0,20.0,2.0,0,0,0,1,56.0,4.0,0,0,0,0,47.0,2.0,0,0,0,0,56.0,4.0,0,0,0,0,56.0,4.0,0,0,0,0,47.0,2.0,0,0,0,0,56.0,4.0,0,0,0,0
507,558,558,2023,37,1,1.0,1.0,False,3,APIPUCOS,59.0,4.0,0,0,0,0,34.0,4.0,0,0,0,0,29.0,2.0,0,0,0,0,39.0,2.0,0,0,0,0,31.0,4.0,0,0,0,0,63.0,2.0,0,0,0,0,41.0,2.0,0,0,0,0,63.0,2.0,0,0,0,0,63.0,2.0,0,0,0,0,41.0,2.0,0,0,0,0,63.0,2.0,0,0,0,0
507,560,560,2023,39,1,1.0,1.0,False,3,APIPUCOS,30.0,1.0,0,0,0,0,15.0,1.0,0,0,1,1,14.0,1.0,0,0,1,1,19.0,1.0,0,0,0,1,15.0,1.0,0,0,1,1,30.0,2.0,0,0,0,0,19.0,2.0,0,0,0,1,8.0,2.0,0,1,1,1,1.0,2.0,1,1,1,1,1.0,2.0,1,1,1,1,1.0,2.0,1,1,1,1
507,580,580,2024,7,1,1.0,1.0,False,3,APIPUCOS,23.0,1.0,0,0,0,0,16.0,1.0,0,0,0,1,12.0,1.0,0,0,1,1,18.0,4.0,0,0,0,1,9.0,1.0,0,1,1,1,58.0,4.0,0,0,0,0,47.0,2.0,0,0,0,0,58.0,4.0,0,0,0,0,58.0,4.0,0,0,0,0,47.0,2.0,0,0,0,0,58.0,4.0,0,0,0,0
507,582,582,2024,9,1,5.0,5.0,False,3,APIPUCOS,4.0,2.0,1,1,1,1,3.0,2.0,1,1,1,1,5.0,2.0,1,1,1,1,7.0,2.0,0,1,1,1,7.0,2.0,0,1,1,1,45.0,2.0,0,0,0,0,14.0,2.0,0,0,1,1,10.0,2.0,0,1,1,1,4.0,2.0,1,1,1,1,3.0,2.0,1,1,1,1,3.0,2.0,1,1,1,1
507,584,584,2024,11,1,2.0,2.0,True,3,APIPUCOS,1.0,1.0,1,1,1,1,1.0,1.0,1,1,1,1,5.0,4.0,1,1,1,1,1.0,1.0,1,1,1,1,1.0,1.0,1,1,1,1,34.0,2.0,0,0,0,0,2.0,2.0,1,1,1,1,3.0,2.0,1,1,1,1,3.0,2.0,1,1,1,1,2.0,2.0,1,1,1,1,2.0,2.0,1,1,1,1
507,586,587,2024,13,2,7.0,4.0,True,3,APIPUCOS,1.0,3.0,1,1,1,1,1.0,3.0,1,1,1,1,9.0,3.0,0,1,1,1,1.0,3.0,1,1,1,1,1.0,3.0,1,1,1,1,34.0,4.0,0,0,0,0,2.0,4.0,1,1,1,1,3.0,4.0,1,1,1,1,3.0,4.0,1,1,1,1,2.0,4.0,1,1,1,1,2.0,4.0,1,1,1,1
507,598,598,2024,25,1,2.0,2.0,False,3,APIPUCOS,75.0,4.0,0,0,0,0,75.0,1.0,0,0,0,0,76.0,1.0,0,0,0,0,63.0,2.0,0,0,0,0,60.0,2.0,0,0,0,0,45.0,3.0,0,0,0,0,11.0,3.0,0,0,1,1,34.0,3.0,0,0,0,0,5.0,1.0,1,1,1,1,4.0,3.0,1,1,1,1,26.0,3.0,0,0,0,0
507,601,602,2024,28,2,2.0,1.0,False,3,APIPUCOS,43.0,1.0,0,0,0,0,37.0,1.0,0,0,0,0,25.0,1.0,0,0,0,0,26.0,2.0,0,0,0,0,30.0,2.0,0,0,0,0,35.0,3.0,0,0,0,0,20.0,4.0,0,0,0,1,21.0,3.0,0,0,0,0,3.0,3.0,1,1,1,1,5.0,4.0,1,1,1,1,12.0,3.0,0,0,1,1
507,606,606,2024,33,1,3.0,3.0,True,3,APIPUCOS,19.0,4.0,0,0,0,1,7.0,3.0,0,1,1,1,8.0,1.0,0,1,1,1,11.0,3.0,0,0,1,1,9.0,3.0,0,1,1,1,37.0,4.0,0,0,0,0,32.0,4.0,0,0,0,0,14.0,4.0,0,0,1,1,3.0,4.0,1,1,1,1,32.0,4.0,0,0,0,0,8.0,4.0,0,1,1,1
507,614,614,2024,41,1,1.0,1.0,False,3,APIPUCOS,29.0,3.0,0,0,0,0,25.0,3.0,0,0,0,0,15.0,1.0,0,0,1,1,24.0,1.0,0,0,0,0,20.0,3.0,0,0,0,1,65.0,3.0,0,0,0,0,42.0,3.0,0,0,0,0,65.0,3.0,0,0,0,0,65.0,3.0,0,0,0,0,42.0,3.0,0,0,0,0,65.0,3.0,0,0,0,0
507,616,616,2024,43,1,1.0,1.0,False,3,APIPUCOS,28.0,2.0,0,0,0,0,25.0,3.0,0,0,0,0,14.0,1.0,0,0,1,1,24.0,3.0,0,0,0,0,20.0,3.0,0,0,0,1,31.0,2.0,0,0,0,0,14.0,2.0,0,0,1,1,16.0,2.0,0,0,0,1,3.0,2.0,1,1,1,1,3.0,2.0,1,1,1,1,7.0,2.0,0,1,1,1
507,622,622,2024,49,1,1.0,1.0,False,3,APIPUCOS,40.0,4.0,0,0,0,0,26.0,4.0,0,0,0,0,16.0,4.0,0,0,0,1,28.0,4.0,0,0,0,0,30.0,4.0,0,0,0,0,68.0,1.0,0,0,0,0,36.0,3.0,0,0,0,0,68.0,1.0,0,0,0,0,68.0,1.0,0,0,0,0,36.0,3.0,0,0,0,0,68.0,1.0,0,0,0,0
507,633,633,2025,8,1,1.0,1.0,False,3,APIPUCOS,25.0,1.0,0,0,0,0,20.0,1.0,0,0,0,1,17.0,1.0,0,0,0,1,19.0,1.0,0,0,0,1,14.0,1.0,0,0,1,1,45.0,3.0,0,0,0,0,19.0,3.0,0,0,0,1,16.0,3.0,0,0,0,1,6.0,3.0,0,1,1,1,4.0,3.0,1,1,1,1,9.0,3.0,0,1,1,1
507,640,641,2025,15,2,4.0,2.0,False,3,APIPUCOS,25.0,3.0,0,0,0,0,14.0,3.0,0,0,1,1,15.0,3.0,0,0,1,1,25.0,3.0,0,0,0,0,14.0,3.0,0,0,1,1,73.0,1.0,0,0,0,0,39.0,1.0,0,0,0,0,73.0,1.0,0,0,0,0,73.0,1.0,0,0,0,0,39.0,1.0,0,0,0,0,73.0,1.0,0,0,0,0
507,644,644,2025,19,1,1.0,1.0,True,3,APIPUCOS,2.0,2.0,1,1,1,1,1.0,1.0,1,1,1,1,1.0,2.0,1,1,1,1,1.0,1.0,1,1,1,1,1.0,1.0,1,1,1,1,24.0,3.0,0,0,0,0,5.0,4.0,1,1,1,1,2.0,3.0,1,1,1,1,1.0,4.0,1,1,1,1,1.0,4.0,1,1,1,1,1.0,3.0,1,1,1,1
507,657,659,2025,32,3,4.0,2.0,False,3,APIPUCOS,46.0,4.0,0,0,0,0,40.0,4.0,0,0,0,0,19.0,4.0,0,0,0,1,37.0,4.0,0,0,0,0,28.0,4.0,0,0,0,0,75.0,4.0,0,0,0,0,44.0,1.0,0,0,0,0,75.0,4.0,0,0,0,0,75.0,4.0,0,0,0,0,44.0,1.0,0,0,0,0,75.0,4.0,0,0,0,0
507,661,661,2025,36,1,1.0,1.0,True,3,APIPUCOS,39.0,1.0,0,0,0,0,20.0,1.0,0,0,0,1,4.0,1.0,1,1,1,1,15.0,1.0,0,0,1,1,16.0,1.0,0,0,0,1,53.0,3.0,0,0,0,0,15.0,4.0,0,0,1,1,21.0,2.0,0,0,0,0,8.0,3.0,0,1,1,1,7.0,3.0,0,1,1,1,2.0,2.0,1,1,1,1
507,663,663,2025,38,1,1.0,1.0,True,3,APIPUCOS,31.0,2.0,0,0,0,0,20.0,3.0,0,0,0,1,4.0,3.0,1,1,1,1,15.0,3.0,0,0,1,1,16.0,3.0,0,0,0,1,51.0,2.0,0,0,0,0,10.0,2.0,0,1,1,1,21.0,4.0,0,0,0,0,16.0,2.0,0,0,0,1,5.0,2.0,1,1,1,1,2.0,4.0,1,1,1,1
507,665,666,2025,40,2,2.0,1.0,True,3,APIPUCOS,21.0,2.0,0,0,0,0,23.0,2.0,0,0,0,0,22.0,1.0,0,0,0,0,34.0,2.0,0,0,0,0,26.0,2.0,0,0,0,0,51.0,4.0,0,0,0,0,10.0,4.0,0,1,1,1,26.0,4.0,0,0,0,0,16.0,4.0,0,0,0,1,5.0,4.0,1,1,1,1,3.0,4.0,1,1,1,1
507,668,668,2025,43,1,2.0,2.0,False,3,APIPUCOS,7.0,1.0,0,1,1,1,7.0,1.0,0,1,1,1,3.0,1.0,1,1,1,1,4.0,1.0,1,1,1,1,5.0,1.0,1,1,1,1,42.0,2.0,0,0,0,0,10.0,3.0,0,1,1,1,28.0,3.0,0,0,0,0,4.0,2.0,1,1,1,1,3.0,3.0,1,1,1,1,5.0,3.0,1,1,1,1
51,582,582,2024,9,1,2.0,2.0,False,1,CABANGA,27.0,1.0,0,0,0,0,25.0,4.0,0,0,0,0,37.0,4.0,0,0,0,0,28.0,4.0,0,0,0,0,32.0,4.0,0,0,0,0,70.0,1.0,0,0,0,0,48.0,4.0,0,0,0,0,53.0,1.0,0,0,0,0,16.0,1.0,0,0,0,1,12.0,1.0,0,0,1,1,29.0,1.0,0,0,0,0
51,590,591,2024,17,2,2.0,1.0,False,1,CABANGA,30.0,4.0,0,0,0,0,22.0,4.0,0,0,0,0,21.0,4.0,0,0,0,0,21.0,4.0,0,0,0,0,18.0,4.0,0,0,0,1,84.0,4.0,0,0,0,0,33.0,4.0,0,0,0,0,84.0,4.0,0,0,0,0,84.0,4.0,0,0,0,0,33.0,4.0,0,0,0,0,84.0,4.0,0,0,0,0
51,593,594,2024,20,2,3.0,2.0,False,1,CABANGA,38.0,2.0,0,0,0,0,44.0,1.0,0,0,0,0,15.0,1.0,0,0,1,1,45.0,2.0,0,0,0,0,44.0,1.0,0,0,0,0,54.0,2.0,0,0,0,0,6.0,3.0,0,1,1,1,7.0,3.0,0,1,1,1,4.0,3.0,1,1,1,1,1.0,3.0,1,1,1,1,1.0,3.0,1,1,1,1
51,619,619,2024,46,1,1.0,1.0,False,1,CABANGA,51.0,3.0,0,0,0,0,48.0,3.0,0,0,0,0,63.0,3.0,0,0,0,0,60.0,3.0,0,0,0,0,52.0,3.0,0,0,0,0,66.0,3.0,0,0,0,0,48.0,3.0,0,0,0,0,66.0,3.0,0,0,0,0,66.0,3.0,0,0,0,0,48.0,3.0,0,0,0,0,66.0,3.0,0,0,0,0
51,644,644,2025,19,1,2.0,2.0,False,1,CABANGA,6.0,2.0,0,1,1,1,5.0,2.0,1,1,1,1,10.0,3.0,0,1,1,1,8.0,2.0,0,1,1,1,5.0,2.0,1,1,1,1,41.0,3.0,0,0,0,0,12.0,3.0,0,0,1,1,8.0,3.0,0,1,1,1,2.0,3.0,1,1,1,1,1.0,3.0,1,1,1,1,3.0,3.0,1,1,1,1
51,650,650,2025,25,1,1.0,1.0,False,1,CABANGA,3.0,3.0,1,1,1,1,2.0,3.0,1,1,1,1,8.0,4.0,0,1,1,1,3.0,3.0,1,1,1,1,2.0,4.0,1,1,1,1,71.0,4.0,0,0,0,0,46.0,3.0,0,0,0,0,71.0,4.0,0,0,0,0,71.0,4.0,0,0,0,0,46.0,3.0,0,0,0,0,71.0,4.0,0,0,0,0
51,656,657,2025,31,2,2.0,1.0,False,1,CABANGA,57.0,4.0,0,0,0,0,56.0,4.0,0,0,0,0,43.0,4.0,0,0,0,0,54.0,4.0,0,0,0,0,58.0,4.0,0,0,0,0,76.0,4.0,0,0,0,0,51.0,2.0,0,0,0,0,76.0,4.0,0,0,0,0,76.0,4.0,0,0,0,0,51.0,2.0,0,0,0,0,76.0,4.0,0,0,0,0
51,660,660,2025,35,1,1.0,1.0,True,1,CABANGA,35.0,3.0,0,0,0,0,34.0,3.0,0,0,0,0,67.0,3.0,0,0,0,0,26.0,3.0,0,0,0,0,26.0,3.0,0,0,0,0,47.0,4.0,0,0,0,0,10.0,4.0,0,1,1,1,15.0,4.0,0,0,1,1,4.0,4.0,1,1,1,1,1.0,4.0,1,1,1,1,1.0,4.0,1,1,1,1
51,664,664,2025,39,1,1.0,1.0,True,1,CABANGA,41.0,4.0,0,0,0,0,39.0,3.0,0,0,0,0,42.0,3.0,0,0,0,0,35.0,3.0,0,0,0,0,34.0,3.0,0,0,0,0,62.0,4.0,0,0,0,0,15.0,4.0,0,0,1,1,29.0,4.0,0,0,0,0,11.0,4.0,0,0,1,1,2.0,4.0,1,1,1,1,2.0,4.0,1,1,1,1
51,667,667,2025,42,1,1.0,1.0,False,1,CABANGA,36.0,3.0,0,0,0,0,44.0,3.0,0,0,0,0,33.0,2.0,0,0,0,0,36.0,3.0,0,0,0,0,47.0,4.0,0,0,0,0,58.0,3.0,0,0,0,0,20.0,3.0,0,0,0,1,33.0,3.0,0,0,0,0,12.0,3.0,0,0,1,1,6.0,3.0,0,1,1,1,3.0,3.0,1,1,1,1
523,536,536,2023,15,1,2.0,2.0,False,3,ALTO JOSE DO PINHO,10.0,3.0,0,1,1,1,15.0,3.0,0,0,1,1,6.0,3.0,0,1,1,1,3.0,3.0,1,1,1,1,14.0,1.0,0,0,1,1,15.0,1.0,0,0,1,1,9.0,1.0,0,1,1,1,3.0,3.0,1,1,1,1,6.0,1.0,0,1,1,1,8.0,1.0,0,1,1,1,4.0,3.0,1,1,1,1
523,572,572,2023,51,1,1.0,1.0,False,3,ALTO JOSE DO PINHO,75.0,1.0,0,0,0,0,79.0,2.0,0,0,0,0,62.0,4.0,0,0,0,0,69.0,1.0,0,0,0,0,77.0,4.0,0,0,0,0,64.0,1.0,0,0,0,0,44.0,3.0,0,0,0,0,64.0,1.0,0,0,0,0,64.0,1.0,0,0,0,0,44.0,3.0,0,0,0,0,64.0,1.0,0,0,0,0
523,584,589,2024,11,6,34.0,9.0,False,3,ALTO JOSE DO PINHO,61.0,4.0,0,0,0,0,72.0,4.0,0,0,0,0,44.0,1.0,0,0,0,0,40.0,1.0,0,0,0,0,74.0,1.0,0,0,0,0,40.0,1.0,0,0,0,0,4.0,1.0,1,1,1,1,28.0,1.0,0,0,0,0,37.0,4.0,0,0,0,0,14.0,1.0,0,0,1,1,28.0,1.0,0,0,0,0
523,598,598,2024,25,1,3.0,3.0,False,3,ALTO JOSE DO PINHO,27.0,4.0,0,0,0,0,20.0,4.0,0,0,0,1,38.0,2.0,0,0,0,0,48.0,2.0,0,0,0,0,35.0,2.0,0,0,0,0,36.0,2.0,0,0,0,0,12.0,3.0,0,0,1,1,18.0,2.0,0,0,0,1,23.0,2.0,0,0,0,0,16.0,3.0,0,0,0,1,16.0,2.0,0,0,0,1
523,606,606,2024,33,1,3.0,3.0,False,3,ALTO JOSE DO PINHO,48.0,2.0,0,0,0,0,39.0,2.0,0,0,0,0,33.0,4.0,0,0,0,0,44.0,3.0,0,0,0,0,48.0,2.0,0,0,0,0,23.0,2.0,0,0,0,0,14.0,3.0,0,0,1,1,15.0,2.0,0,0,1,1,13.0,2.0,0,0,1,1,14.0,3.0,0,0,1,1,18.0,2.0,0,0,0,1
523,613,613,2024,40,1,3.0,3.0,False,3,ALTO JOSE DO PINHO,16.0,2.0,0,0,0,1,28.0,4.0,0,0,0,0,13.0,1.0,0,0,1,1,8.0,2.0,0,1,1,1,16.0,2.0,0,0,0,1,12.0,1.0,0,0,1,1,15.0,3.0,0,0,1,1,11.0,3.0,0,0,1,1,8.0,1.0,0,1,1,1,9.0,3.0,0,1,1,1,14.0,3.0,0,0,1,1
523,617,618,2024,44,2,5.0,3.0,True,3,ALTO JOSE DO PINHO,17.0,4.0,0,0,0,1,32.0,4.0,0,0,0,0,16.0,1.0,0,0,0,1,13.0,4.0,0,0,1,1,24.0,4.0,0,0,0,0,10.0,4.0,0,1,1,1,17.0,2.0,0,0,0,1,12.0,4.0,0,0,1,1,6.0,4.0,0,1,1,1,18.0,4.0,0,0,0,1,12.0,4.0,0,0,1,1
523,620,620,2024,47,1,2.0,2.0,False,3,ALTO JOSE DO PINHO,15.0,1.0,0,0,1,1,17.0,1.0,0,0,0,1,16.0,4.0,0,0,0,1,16.0,4.0,0,0,0,1,20.0,1.0,0,0,0,1,18.0,3.0,0,0,0,1,7.0,3.0,0,1,1,1,11.0,3.0,0,0,1,1,10.0,2.0,0,1,1,1,12.0,3.0,0,0,1,1,8.0,2.0,0,1,1,1
523,649,649,2025,24,1,3.0,3.0,False,3,ALTO JOSE DO PINHO,3.0,4.0,1,1,1,1,3.0,4.0,1,1,1,1,2.0,4.0,1,1,1,1,2.0,4.0,1,1,1,1,5.0,4.0,1,1,1,1,16.0,4.0,0,0,0,1,48.0,2.0,0,0,0,0,4.0,4.0,1,1,1,1,9.0,4.0,0,1,1,1,48.0,2.0,0,0,0,0,6.0,4.0,0,1,1,1
523,653,653,2025,28,1,3.0,3.0,True,3,ALTO JOSE DO PINHO,9.0,3.0,0,1,1,1,8.0,1.0,0,1,1,1,11.0,1.0,0,0,1,1,11.0,1.0,0,0,1,1,13.0,1.0,0,0,1,1,20.0,2.0,0,0,0,1,5.0,4.0,1,1,1,1,7.0,2.0,0,1,1,1,9.0,1.0,0,1,1,1,13.0,4.0,0,0,1,1,6.0,2.0,0,1,1,1
523,655,655,2025,30,1,6.0,6.0,False,3,ALTO JOSE DO PINHO,4.0,1.0,1,1,1,1,1.0,1.0,1,1,1,1,1.0,1.0,1,1,1,1,4.0,1.0,1,1,1,1,1.0,1.0,1,1,1,1,20.0,4.0,0,0,0,1,37.0,3.0,0,0,0,0,7.0,4.0,0,1,1,1,9.0,3.0,0,1,1,1,27.0,3.0,0,0,0,0,6.0,4.0,0,1,1,1
523,657,667,2025,32,11,58.0,11.0,True,3,ALTO JOSE DO PINHO,4.0,3.0,1,1,1,1,1.0,3.0,1,1,1,1,1.0,3.0,1,1,1,1,4.0,3.0,1,1,1,1,1.0,3.0,1,1,1,1,10.0,2.0,0,1,1,1,10.0,2.0,0,1,1,1,3.0,2.0,1,1,1,1,3.0,2.0,1,1,1,1,4.0,2.0,1,1,1,1,6.0,2.0,0,1,1,1
523,669,675,2025,44,7,23.0,6.0,True,3,ALTO JOSE DO PINHO,20.0,4.0,0,0,0,1,29.0,1.0,0,0,0,0,19.0,1.0,0,0,0,1,18.0,1.0,0,0,0,1,23.0,1.0,0,0,0,0,22.0,3.0,0,0,0,0,43.0,2.0,0,0,0,0,21.0,3.0,0,0,0,0,12.0,3.0,0,0,1,1,36.0,2.0,0,0,0,0,21.0,3.0,0,0,0,0
531,566,566,2023,45,1,2.0,2.0,False,3,MORRO DA CONCEICAO,53.0,1.0,0,0,0,0,45.0,1.0,0,0,0,0,29.0,4.0,0,0,0,0,32.0,2.0,0,0,0,0,25.0,2.0,0,0,0,0,22.0,2.0,0,0,0,0,8.0,2.0,0,1,1,1,18.0,2.0,0,0,0,1,8.0,2.0,0,1,1,1,5.0,2.0,1,1,1,1,14.0,2.0,0,0,1,1
531,582,582,2024,9,1,4.0,4.0,False,3,MORRO DA CONCEICAO,67.0,2.0,0,0,0,0,69.0,2.0,0,0,0,0,58.0,2.0,0,0,0,0,73.0,2.0,0,0,0,0,69.0,2.0,0,0,0,0,72.0,1.0,0,0,0,0,50.0,2.0,0,0,0,0,67.0,1.0,0,0,0,0,70.0,1.0,0,0,0,0,50.0,2.0,0,0,0,0,64.0,1.0,0,0,0,0
531,584,586,2024,11,3,13.0,6.0,False,3,MORRO DA CONCEICAO,19.0,1.0,0,0,0,1,20.0,1.0,0,0,0,1,4.0,1.0,1,1,1,1,17.0,1.0,0,0,0,1,8.0,1.0,0,1,1,1,40.0,2.0,0,0,0,0,15.0,2.0,0,0,1,1,18.0,2.0,0,0,0,1,33.0,2.0,0,0,0,0,17.0,2.0,0,0,0,1,10.0,2.0,0,1,1,1
531,605,606,2024,32,2,6.0,3.0,False,3,MORRO DA CONCEICAO,44.0,2.0,0,0,0,0,32.0,2.0,0,0,0,0,30.0,2.0,0,0,0,0,40.0,3.0,0,0,0,0,27.0,2.0,0,0,0,0,24.0,1.0,0,0,0,0,7.0,1.0,0,1,1,1,24.0,1.0,0,0,0,0,7.0,1.0,0,1,1,1,6.0,1.0,0,1,1,1,20.0,1.0,0,0,0,1
531,608,608,2024,35,1,3.0,3.0,False,3,MORRO DA CONCEICAO,5.0,1.0,1,1,1,1,3.0,1.0,1,1,1,1,3.0,1.0,1,1,1,1,5.0,1.0,1,1,1,1,2.0,1.0,1,1,1,1,11.0,3.0,0,0,1,1,7.0,4.0,0,1,1,1,6.0,3.0,0,1,1,1,2.0,3.0,1,1,1,1,6.0,4.0,0,1,1,1,5.0,3.0,1,1,1,1
531,610,610,2024,37,1,2.0,2.0,True,3,MORRO DA CONCEICAO,5.0,3.0,1,1,1,1,3.0,3.0,1,1,1,1,3.0,3.0,1,1,1,1,5.0,3.0,1,1,1,1,2.0,3.0,1,1,1,1,16.0,2.0,0,0,0,1,32.0,2.0,0,0,0,0,9.0,4.0,0,1,1,1,2.0,4.0,1,1,1,1,19.0,2.0,0,0,0,1,5.0,4.0,1,1,1,1
531,617,617,2024,44,1,2.0,2.0,False,3,MORRO DA CONCEICAO,18.0,4.0,0,0,0,1,20.0,4.0,0,0,0,1,47.0,4.0,0,0,0,0,45.0,4.0,0,0,0,0,39.0,4.0,0,0,0,0,39.0,2.0,0,0,0,0,18.0,2.0,0,0,0,1,31.0,2.0,0,0,0,0,23.0,2.0,0,0,0,0,12.0,2.0,0,0,1,1,28.0,2.0,0,0,0,0
531,624,624,2024,51,1,2.0,2.0,False,3,MORRO DA CONCEICAO,84.0,4.0,0,0,0,0,80.0,2.0,0,0,0,0,77.0,2.0,0,0,0,0,76.0,2.0,0,0,0,0,77.0,2.0,0,0,0,0,64.0,1.0,0,0,0,0,42.0,1.0,0,0,0,0,64.0,1.0,0,0,0,0,64.0,1.0,0,0,0,0,42.0,1.0,0,0,0,0,64.0,1.0,0,0,0,0
531,642,642,2025,17,1,5.0,5.0,False,3,MORRO DA CONCEICAO,19.0,4.0,0,0,0,1,21.0,3.0,0,0,0,0,9.0,3.0,0,1,1,1,10.0,3.0,0,1,1,1,7.0,3.0,0,1,1,1,40.0,3.0,0,0,0,0,43.0,3.0,0,0,0,0,26.0,3.0,0,0,0,0,30.0,3.0,0,0,0,0,43.0,3.0,0,0,0,0,17.0,3.0,0,0,0,1
531,658,665,2025,33,8,36.0,6.0,False,3,MORRO DA CONCEICAO,51.0,1.0,0,0,0,0,38.0,1.0,0,0,0,0,53.0,3.0,0,0,0,0,40.0,1.0,0,0,0,0,46.0,1.0,0,0,0,0,34.0,4.0,0,0,0,0,2.0,4.0,1,1,1,1,40.0,4.0,0,0,0,0,24.0,4.0,0,0,0,0,10.0,4.0,0,1,1,1,37.0,4.0,0,0,0,0
531,667,668,2025,42,2,9.0,5.0,True,3,MORRO DA CONCEICAO,7.0,1.0,0,1,1,1,3.0,1.0,1,1,1,1,8.0,1.0,0,1,1,1,7.0,1.0,0,1,1,1,2.0,1.0,1,1,1,1,19.0,4.0,0,0,0,1,33.0,2.0,0,0,0,0,6.0,2.0,0,1,1,1,8.0,2.0,0,1,1,1,23.0,4.0,0,0,0,0,9.0,2.0,0,1,1,1
531,670,672,2025,45,3,9.0,4.0,False,3,MORRO DA CONCEICAO,7.0,4.0,0,1,1,1,3.0,4.0,1,1,1,1,8.0,4.0,0,1,1,1,7.0,4.0,0,1,1,1,2.0,4.0,1,1,1,1,15.0,2.0,0,0,1,1,11.0,3.0,0,0,1,1,7.0,2.0,0,1,1,1,5.0,2.0,1,1,1,1,6.0,3.0,0,1,1,1,10.0,2.0,0,1,1,1
531,674,674,2025,49,1,3.0,3.0,True,3,MORRO DA CONCEICAO,11.0,1.0,0,0,1,1,7.0,1.0,0,1,1,1,10.0,1.0,0,1,1,1,10.0,1.0,0,1,1,1,5.0,1.0,1,1,1,1,14.0,3.0,0,0,1,1,22.0,4.0,0,0,0,0,1.0,3.0,1,1,1,1,2.0,3.0,1,1,1,1,9.0,3.0,0,1,1,1,3.0,3.0,1,1,1,1
540,581,585,2024,8,5,28.0,9.0,False,3,ALTO JOSE BONIFACIO,34.0,1.0,0,0,0,0,47.0,1.0,0,0,0,0,29.0,1.0,0,0,0,0,39.0,1.0,0,0,0,0,31.0,1.0,0,0,0,0,23.0,1.0,0,0,0,0,5.0,1.0,1,1,1,1,15.0,1.0,0,0,1,1,17.0,1.0,0,0,0,1,10.0,4.0,0,1,1,1,14.0,1.0,0,0,1,1
540,588,588,2024,15,1,6.0,6.0,True,3,ALTO JOSE BONIFACIO,2.0,2.0,1,1,1,1,13.0,2.0,0,0,1,1,7.0,2.0,0,1,1,1,9.0,2.0,0,1,1,1,12.0,2.0,0,0,1,1,20.0,3.0,0,0,0,1,12.0,3.0,0,0,1,1,4.0,3.0,1,1,1,1,8.0,3.0,0,1,1,1,6.0,3.0,0,1,1,1,5.0,3.0,1,1,1,1
540,590,590,2024,17,1,4.0,4.0,False,3,ALTO JOSE BONIFACIO,2.0,4.0,1,1,1,1,7.0,1.0,0,1,1,1,2.0,1.0,1,1,1,1,6.0,1.0,0,1,1,1,4.0,1.0,1,1,1,1,30.0,2.0,0,0,0,0,2.0,2.0,1,1,1,1,16.0,2.0,0,0,0,1,17.0,2.0,0,0,0,1,4.0,2.0,1,1,1,1,12.0,2.0,0,0,1,1
540,624,624,2024,51,1,2.0,2.0,False,3,ALTO JOSE BONIFACIO,57.0,4.0,0,0,0,0,48.0,1.0,0,0,0,0,44.0,1.0,0,0,0,0,32.0,3.0,0,0,0,0,35.0,3.0,0,0,0,0,30.0,1.0,0,0,0,0,14.0,1.0,0,0,1,1,30.0,1.0,0,0,0,0,17.0,1.0,0,0,0,1,11.0,1.0,0,0,1,1,26.0,1.0,0,0,0,0
540,639,640,2025,14,2,7.0,4.0,False,3,ALTO JOSE BONIFACIO,10.0,4.0,0,1,1,1,12.0,3.0,0,0,1,1,6.0,3.0,0,1,1,1,13.0,3.0,0,0,1,1,9.0,3.0,0,1,1,1,20.0,4.0,0,0,0,1,6.0,4.0,0,1,1,1,3.0,3.0,1,1,1,1,8.0,3.0,0,1,1,1,6.0,4.0,0,1,1,1,6.0,4.0,0,1,1,1
540,646,646,2025,21,1,5.0,5.0,False,3,ALTO JOSE BONIFACIO,26.0,3.0,0,0,0,0,26.0,3.0,0,0,0,0,18.0,3.0,0,0,0,1,22.0,4.0,0,0,0,0,21.0,3.0,0,0,0,0,21.0,3.0,0,0,0,0,2.0,3.0,1,1,1,1,8.0,3.0,0,1,1,1,11.0,3.0,0,0,1,1,3.0,3.0,1,1,1,1,9.0,3.0,0,1,1,1
540,656,659,2025,31,4,28.0,16.0,False,3,ALTO JOSE BONIFACIO,15.0,1.0,0,0,1,1,12.0,1.0,0,0,1,1,4.0,1.0,1,1,1,1,9.0,1.0,0,1,1,1,14.0,1.0,0,0,1,1,16.0,2.0,0,0,0,1,7.0,4.0,0,1,1,1,23.0,2.0,0,0,0,0,9.0,2.0,0,1,1,1,10.0,4.0,0,1,1,1,24.0,2.0,0,0,0,0
540,661,662,2025,36,2,7.0,4.0,True,3,ALTO JOSE BONIFACIO,1.0,1.0,1,1,1,1,1.0,1.0,1,1,1,1,2.0,1.0,1,1,1,1,1.0,1.0,1,1,1,1,1.0,1.0,1,1,1,1,4.0,2.0,1,1,1,1,2.0,2.0,1,1,1,1,1.0,2.0,1,1,1,1,2.0,2.0,1,1,1,1,1.0,2.0,1,1,1,1,5.0,2.0,1,1,1,1
540,667,667,2025,42,1,3.0,3.0,False,3,ALTO JOSE BONIFACIO,3.0,4.0,1,1,1,1,3.0,4.0,1,1,1,1,5.0,2.0,1,1,1,1,7.0,2.0,0,1,1,1,8.0,2.0,0,1,1,1,30.0,1.0,0,0,0,0,34.0,3.0,0,0,0,0,33.0,1.0,0,0,0,0,22.0,1.0,0,0,0,0,30.0,3.0,0,0,0,0,37.0,1.0,0,0,0,0
540,670,670,2025,45,1,4.0,4.0,False,3,ALTO JOSE BONIFACIO,9.0,3.0,0,1,1,1,8.0,3.0,0,1,1,1,7.0,2.0,0,1,1,1,4.0,2.0,1,1,1,1,4.0,2.0,1,1,1,1,30.0,4.0,0,0,0,0,41.0,3.0,0,0,0,0,33.0,4.0,0,0,0,0,22.0,4.0,0,0,0,0,34.0,3.0,0,0,0,0,37.0,4.0,0,0,0,0
540,672,672,2025,47,1,3.0,3.0,False,3,ALTO JOSE BONIFACIO,12.0,4.0,0,0,1,1,13.0,4.0,0,0,1,1,7.0,4.0,0,1,1,1,4.0,4.0,1,1,1,1,4.0,4.0,1,1,1,1,17.0,2.0,0,0,0,1,11.0,2.0,0,0,1,1,19.0,2.0,0,0,0,1,9.0,2.0,0,1,1,1,9.0,2.0,0,1,1,1,16.0,2.0,0,0,0,1
558,582,588,2024,9,7,100.0,18.0,False,3,VASCO DA GAMA,51.0,1.0,0,0,0,0,52.0,1.0,0,0,0,0,16.0,1.0,0,0,0,1,30.0,1.0,0,0,0,0,15.0,1.0,0,0,1,1,5.0,2.0,1,1,1,1,10.0,4.0,0,1,1,1,28.0,2.0,0,0,0,0,12.0,2.0,0,0,1,1,17.0,4.0,0,0,0,1,28.0,2.0,0,0,0,0
558,618,618,2024,45,1,11.0,11.0,False,3,VASCO DA GAMA,57.0,1.0,0,0,0,0,69.0,1.0,0,0,0,0,41.0,1.0,0,0,0,0,73.0,3.0,0,0,0,0,68.0,1.0,0,0,0,0,9.0,1.0,0,1,1,1,3.0,3.0,1,1,1,1,24.0,3.0,0,0,0,0,25.0,3.0,0,0,0,0,14.0,3.0,0,0,1,1,24.0,3.0,0,0,0,0
558,657,657,2025,32,1,8.0,8.0,False,3,VASCO DA GAMA,28.0,1.0,0,0,0,0,35.0,1.0,0,0,0,0,46.0,1.0,0,0,0,0,48.0,1.0,0,0,0,0,45.0,3.0,0,0,0,0,6.0,1.0,0,1,1,1,14.0,3.0,0,0,1,1,17.0,1.0,0,0,0,1,15.0,1.0,0,0,1,1,12.0,1.0,0,0,1,1,22.0,1.0,0,0,0,0
558,663,663,2025,38,1,7.0,7.0,False,3,VASCO DA GAMA,5.0,3.0,1,1,1,1,5.0,2.0,1,1,1,1,5.0,3.0,1,1,1,1,5.0,1.0,1,1,1,1,5.0,3.0,1,1,1,1,16.0,4.0,0,0,0,1,44.0,4.0,0,0,0,0,35.0,4.0,0,0,0,0,38.0,4.0,0,0,0,0,44.0,4.0,0,0,0,0,42.0,4.0,0,0,0,0
558,666,667,2025,41,2,13.0,7.0,False,3,VASCO DA GAMA,13.0,2.0,0,0,1,1,8.0,2.0,0,1,1,1,5.0,2.0,1,1,1,1,5.0,4.0,1,1,1,1,5.0,4.0,1,1,1,1,16.0,3.0,0,0,0,1,10.0,3.0,0,1,1,1,30.0,3.0,0,0,0,0,28.0,3.0,0,0,0,0,17.0,3.0,0,0,0,1,30.0,3.0,0,0,0,0
558,669,669,2025,44,1,11.0,11.0,False,3,VASCO DA GAMA,15.0,1.0,0,0,1,1,15.0,1.0,0,0,1,1,3.0,1.0,1,1,1,1,8.0,1.0,0,1,1,1,12.0,1.0,0,0,1,1,11.0,3.0,0,0,1,1,23.0,3.0,0,0,0,0,18.0,3.0,0,0,0,1,20.0,3.0,0,0,0,1,19.0,3.0,0,0,0,1,18.0,3.0,0,0,0,1
558,671,674,2025,46,4,32.0,10.0,True,3,VASCO DA GAMA,15.0,3.0,0,0,1,1,15.0,3.0,0,0,1,1,3.0,3.0,1,1,1,1,8.0,3.0,0,1,1,1,12.0,3.0,0,0,1,1,4.0,2.0,1,1,1,1,11.0,2.0,0,0,1,1,4.0,2.0,1,1,1,1,7.0,2.0,0,1,1,1,8.0,2.0,0,1,1,1,10.0,2.0,0,1,1,1
566,549,549,2023,28,1,11.0,11.0,False,3,NOVA DESCOBERTA,59.0,3.0,0,0,0,0,62.0,3.0,0,0,0,0,63.0,3.0,0,0,0,0,52.0,3.0,0,0,0,0,63.0,3.0,0,0,0,0,25.0,1.0,0,0,0,0,14.0,1.0,0,0,1,1,34.0,1.0,0,0,0,0,28.0,1.0,0,0,0,0,23.0,1.0,0,0,0,0,31.0,1.0,0,0,0,0
566,572,572,2023,51,1,7.0,7.0,False,3,NOVA DESCOBERTA,54.0,4.0,0,0,0,0,50.0,4.0,0,0,0,0,25.0,4.0,0,0,0,0,43.0,4.0,0,0,0,0,31.0,4.0,0,0,0,0,2.0,4.0,1,1,1,1,9.0,4.0,0,1,1,1,14.0,4.0,0,0,1,1,6.0,4.0,0,1,1,1,9.0,4.0,0,1,1,1,17.0,4.0,0,0,0,1
566,584,590,2024,11,7,156.0,34.0,False,3,NOVA DESCOBERTA,8.0,1.0,0,1,1,1,28.0,1.0,0,0,0,0,6.0,1.0,0,1,1,1,6.0,1.0,0,1,1,1,6.0,1.0,0,1,1,1,9.0,2.0,0,1,1,1,13.0,2.0,0,0,1,1,34.0,1.0,0,0,0,0,21.0,2.0,0,0,0,0,15.0,2.0,0,0,1,1,34.0,1.0,0,0,0,0
566,615,616,2024,42,2,16.0,9.0,False,3,NOVA DESCOBERTA,8.0,2.0,0,1,1,1,6.0,1.0,0,1,1,1,3.0,2.0,1,1,1,1,1.0,2.0,1,1,1,1,3.0,2.0,1,1,1,1,4.0,1.0,1,1,1,1,5.0,3.0,1,1,1,1,13.0,1.0,0,0,1,1,11.0,1.0,0,0,1,1,12.0,3.0,0,0,1,1,19.0,1.0,0,0,0,1
566,618,618,2024,45,1,11.0,11.0,False,3,NOVA DESCOBERTA,6.0,3.0,0,1,1,1,4.0,3.0,1,1,1,1,9.0,4.0,0,1,1,1,3.0,1.0,1,1,1,1,5.0,1.0,1,1,1,1,1.0,3.0,1,1,1,1,23.0,2.0,0,0,0,0,1.0,2.0,1,1,1,1,5.0,2.0,1,1,1,1,14.0,2.0,0,0,1,1,6.0,2.0,0,1,1,1
566,621,621,2024,48,1,9.0,9.0,False,3,NOVA DESCOBERTA,7.0,2.0,0,1,1,1,9.0,4.0,0,1,1,1,11.0,4.0,0,0,1,1,3.0,4.0,1,1,1,1,5.0,4.0,1,1,1,1,2.0,3.0,1,1,1,1,5.0,3.0,1,1,1,1,8.0,3.0,0,1,1,1,5.0,3.0,1,1,1,1,4.0,3.0,1,1,1,1,12.0,3.0,0,0,1,1
566,623,624,2024,50,2,16.0,9.0,False,3,NOVA DESCOBERTA,7.0,4.0,0,1,1,1,12.0,4.0,0,0,1,1,6.0,1.0,0,1,1,1,10.0,1.0,0,1,1,1,14.0,4.0,0,0,1,1,1.0,2.0,1,1,1,1,21.0,2.0,0,0,0,0,2.0,2.0,1,1,1,1,6.0,2.0,0,1,1,1,10.0,2.0,0,1,1,1,7.0,2.0,0,1,1,1
566,644,644,2025,19,1,14.0,14.0,False,3,NOVA DESCOBERTA,5.0,4.0,1,1,1,1,11.0,4.0,0,0,1,1,5.0,4.0,1,1,1,1,1.0,4.0,1,1,1,1,2.0,4.0,1,1,1,1,1.0,3.0,1,1,1,1,20.0,3.0,0,0,0,1,4.0,3.0,1,1,1,1,3.0,3.0,1,1,1,1,8.0,3.0,0,1,1,1,6.0,3.0,0,1,1,1
566,649,649,2025,24,1,12.0,12.0,False,3,NOVA DESCOBERTA,5.0,2.0,1,1,1,1,5.0,2.0,1,1,1,1,2.0,3.0,1,1,1,1,1.0,2.0,1,1,1,1,1.0,2.0,1,1,1,1,2.0,3.0,1,1,1,1,5.0,3.0,1,1,1,1,11.0,3.0,0,0,1,1,5.0,3.0,1,1,1,1,7.0,3.0,0,1,1,1,11.0,3.0,0,0,1,1
566,658,664,2025,33,7,76.0,19.0,False,3,NOVA DESCOBERTA,5.0,2.0,1,1,1,1,6.0,2.0,0,1,1,1,7.0,2.0,0,1,1,1,6.0,2.0,0,1,1,1,8.0,2.0,0,1,1,1,8.0,3.0,0,1,1,1,25.0,4.0,0,0,0,0,22.0,3.0,0,0,0,0,22.0,3.0,0,0,0,0,26.0,4.0,0,0,0,0,29.0,4.0,0,0,0,0
566,670,671,2025,45,2,19.0,10.0,False,3,NOVA DESCOBERTA,3.0,3.0,1,1,1,1,9.0,3.0,0,1,1,1,6.0,3.0,0,1,1,1,7.0,3.0,0,1,1,1,12.0,3.0,0,0,1,1,7.0,4.0,0,1,1,1,19.0,4.0,0,0,0,1,19.0,4.0,0,0,0,1,11.0,4.0,0,0,1,1,14.0,4.0,0,0,1,1,26.0,4.0,0,0,0,0
574,522,523,2023,1,2,2.0,1.0,False,3,BREJO DE BEBERIBE,,,0,0,0,0,,,0,0,0,0,,,0,0,0,0,,,0,0,0,0,,,0,0,0,0,,,0,0,0,0,,,0,0,0,0,,,0,0,0,0,,,0,0,0,0,,,0,0,0,0,,,0,0,0,0
574,525,525,2023,4,1,2.0,2.0,False,3,BREJO DE BEBERIBE,2.0,3.0,1,1,1,1,3.0,3.0,1,1,1,1,2.0,2.0,1,1,1,1,3.0,2.0,1,1,1,1,2.0,2.0,1,1,1,1,18.0,3.0,0,0,0,1,14.0,3.0,0,0,1,1,1.0,2.0,1,1,1,1,6.0,2.0,0,1,1,1,6.0,3.0,0,1,1,1,2.0,3.0,1,1,1,1
574,558,558,2023,37,1,2.0,2.0,False,3,BREJO DE BEBERIBE,41.0,2.0,0,0,0,0,38.0,2.0,0,0,0,0,69.0,2.0,0,0,0,0,42.0,2.0,0,0,0,0,48.0,2.0,0,0,0,0,69.0,2.0,0,0,0,0,46.0,2.0,0,0,0,0,69.0,2.0,0,0,0,0,69.0,2.0,0,0,0,0,46.0,2.0,0,0,0,0,69.0,2.0,0,0,0,0
574,567,568,2023,46,2,2.0,1.0,False,3,BREJO DE BEBERIBE,21.0,4.0,0,0,0,0,22.0,4.0,0,0,0,0,12.0,2.0,0,0,1,1,16.0,4.0,0,0,0,1,15.0,4.0,0,0,1,1,70.0,2.0,0,0,0,0,43.0,3.0,0,0,0,0,70.0,2.0,0,0,0,0,70.0,2.0,0,0,0,0,43.0,3.0,0,0,0,0,70.0,2.0,0,0,0,0
574,580,580,2024,7,1,2.0,2.0,False,3,BREJO DE BEBERIBE,16.0,3.0,0,0,0,1,13.0,3.0,0,0,1,1,14.0,3.0,0,0,1,1,19.0,3.0,0,0,0,1,18.0,3.0,0,0,0,1,33.0,3.0,0,0,0,0,17.0,3.0,0,0,0,1,8.0,3.0,0,1,1,1,10.0,3.0,0,1,1,1,8.0,3.0,0,1,1,1,6.0,3.0,0,1,1,1
574,582,583,2024,9,2,7.0,5.0,False,3,BREJO DE BEBERIBE,6.0,2.0,0,1,1,1,10.0,2.0,0,1,1,1,14.0,2.0,0,0,1,1,8.0,1.0,0,1,1,1,10.0,1.0,0,1,1,1,24.0,2.0,0,0,0,0,6.0,2.0,0,1,1,1,3.0,2.0,1,1,1,1,10.0,2.0,0,1,1,1,8.0,2.0,0,1,1,1,4.0,2.0,1,1,1,1
574,585,585,2024,12,1,3.0,3.0,False,3,BREJO DE BEBERIBE,2.0,1.0,1,1,1,1,3.0,1.0,1,1,1,1,1.0,1.0,1,1,1,1,1.0,1.0,1,1,1,1,1.0,1.0,1,1,1,1,35.0,2.0,0,0,0,0,9.0,3.0,0,1,1,1,1.0,2.0,1,1,1,1,18.0,2.0,0,0,0,1,8.0,2.0,0,1,1,1,3.0,2.0,1,1,1,1
574,588,589,2024,15,2,7.0,4.0,False,3,BREJO DE BEBERIBE,2.0,4.0,1,1,1,1,3.0,4.0,1,1,1,1,1.0,4.0,1,1,1,1,1.0,4.0,1,1,1,1,1.0,4.0,1,1,1,1,48.0,3.0,0,0,0,0,21.0,3.0,0,0,0,0,32.0,3.0,0,0,0,0,33.0,2.0,0,0,0,0,22.0,3.0,0,0,0,0,25.0,3.0,0,0,0,0
574,591,591,2024,18,1,3.0,3.0,False,3,BREJO DE BEBERIBE,4.0,1.0,1,1,1,1,5.0,1.0,1,1,1,1,4.0,1.0,1,1,1,1,5.0,1.0,1,1,1,1,8.0,1.0,0,1,1,1,39.0,3.0,0,0,0,0,26.0,3.0,0,0,0,0,28.0,3.0,0,0,0,0,22.0,3.0,0,0,0,0,17.0,3.0,0,0,0,1,24.0,2.0,0,0,0,0
574,595,595,2024,22,1,2.0,2.0,True,3,BREJO DE BEBERIBE,3.0,3.0,1,1,1,1,2.0,3.0,1,1,1,1,1.0,3.0,1,1,1,1,1.0,3.0,1,1,1,1,1.0,3.0,1,1,1,1,31.0,4.0,0,0,0,0,26.0,4.0,0,0,0,0,11.0,4.0,0,0,1,1,8.0,4.0,0,1,1,1,16.0,4.0,0,0,0,1,11.0,4.0,0,0,1,1
574,598,598,2024,25,1,2.0,2.0,False,3,BREJO DE BEBERIBE,12.0,4.0,0,0,1,1,9.0,2.0,0,1,1,1,4.0,4.0,1,1,1,1,3.0,4.0,1,1,1,1,9.0,4.0,0,1,1,1,32.0,3.0,0,0,0,0,2.0,3.0,1,1,1,1,7.0,3.0,0,1,1,1,12.0,3.0,0,0,1,1,7.0,3.0,0,1,1,1,7.0,3.0,0,1,1,1
574,613,613,2024,40,1,2.0,2.0,False,3,BREJO DE BEBERIBE,55.0,3.0,0,0,0,0,54.0,4.0,0,0,0,0,54.0,3.0,0,0,0,0,45.0,3.0,0,0,0,0,59.0,4.0,0,0,0,0,69.0,2.0,0,0,0,0,45.0,2.0,0,0,0,0,69.0,2.0,0,0,0,0,69.0,2.0,0,0,0,0,45.0,2.0,0,0,0,0,69.0,2.0,0,0,0,0
574,617,617,2024,44,1,3.0,3.0,True,3,BREJO DE BEBERIBE,23.0,2.0,0,0,0,0,26.0,2.0,0,0,0,0,21.0,2.0,0,0,0,0,23.0,2.0,0,0,0,0,18.0,2.0,0,0,0,1,21.0,4.0,0,0,0,0,6.0,4.0,0,1,1,1,11.0,4.0,0,0,1,1,7.0,4.0,0,1,1,1,4.0,4.0,1,1,1,1,7.0,4.0,0,1,1,1
574,623,624,2024,50,2,4.0,3.0,False,3,BREJO DE BEBERIBE,3.0,4.0,1,1,1,1,1.0,1.0,1,1,1,1,2.0,4.0,1,1,1,1,2.0,1.0,1,1,1,1,2.0,1.0,1,1,1,1,29.0,4.0,0,0,0,0,38.0,4.0,0,0,0,0,19.0,4.0,0,0,0,1,13.0,4.0,0,0,1,1,38.0,4.0,0,0,0,0,13.0,4.0,0,0,1,1
574,629,629,2025,4,1,3.0,3.0,False,3,BREJO DE BEBERIBE,1.0,4.0,1,1,1,1,1.0,4.0,1,1,1,1,2.0,4.0,1,1,1,1,1.0,4.0,1,1,1,1,1.0,4.0,1,1,1,1,36.0,2.0,0,0,0,0,19.0,2.0,0,0,0,1,19.0,2.0,0,0,0,1,18.0,2.0,0,0,0,1,15.0,2.0,0,0,1,1,9.0,2.0,0,1,1,1
574,632,632,2025,7,1,2.0,2.0,False,3,BREJO DE BEBERIBE,3.0,1.0,1,1,1,1,2.0,2.0,1,1,1,1,1.0,2.0,1,1,1,1,1.0,2.0,1,1,1,1,1.0,2.0,1,1,1,1,16.0,3.0,0,0,0,1,10.0,3.0,0,1,1,1,2.0,3.0,1,1,1,1,1.0,3.0,1,1,1,1,1.0,3.0,1,1,1,1,1.0,3.0,1,1,1,1
574,636,636,2025,11,1,3.0,3.0,True,3,BREJO DE BEBERIBE,1.0,3.0,1,1,1,1,1.0,3.0,1,1,1,1,1.0,3.0,1,1,1,1,1.0,3.0,1,1,1,1,1.0,3.0,1,1,1,1,24.0,4.0,0,0,0,0,20.0,4.0,0,0,0,1,4.0,4.0,1,1,1,1,4.0,4.0,1,1,1,1,10.0,4.0,0,1,1,1,3.0,4.0,1,1,1,1
574,644,644,2025,19,1,3.0,3.0,False,3,BREJO DE BEBERIBE,23.0,3.0,0,0,0,0,13.0,3.0,0,0,1,1,13.0,4.0,0,0,1,1,5.0,3.0,1,1,1,1,7.0,4.0,0,1,1,1,37.0,1.0,0,0,0,0,6.0,1.0,0,1,1,1,20.0,1.0,0,0,0,1,18.0,1.0,0,0,0,1,5.0,1.0,1,1,1,1,18.0,1.0,0,0,0,1
574,646,646,2025,21,1,2.0,2.0,False,3,BREJO DE BEBERIBE,4.0,2.0,1,1,1,1,2.0,1.0,1,1,1,1,7.0,2.0,0,1,1,1,9.0,1.0,0,1,1,1,9.0,2.0,0,1,1,1,17.0,2.0,0,0,0,1,6.0,3.0,0,1,1,1,7.0,2.0,0,1,1,1,8.0,2.0,0,1,1,1,5.0,3.0,1,1,1,1,5.0,2.0,1,1,1,1
574,653,654,2025,28,2,5.0,3.0,False,3,BREJO DE BEBERIBE,9.0,2.0,0,1,1,1,5.0,2.0,1,1,1,1,5.0,4.0,1,1,1,1,6.0,3.0,0,1,1,1,5.0,2.0,1,1,1,1,44.0,3.0,0,0,0,0,39.0,3.0,0,0,0,0,27.0,3.0,0,0,0,0,28.0,3.0,0,0,0,0,39.0,3.0,0,0,0,0,25.0,3.0,0,0,0,0
574,663,663,2025,38,1,2.0,2.0,False,3,BREJO DE BEBERIBE,18.0,3.0,0,0,0,1,25.0,2.0,0,0,0,0,11.0,3.0,0,0,1,1,19.0,2.0,0,0,0,1,23.0,2.0,0,0,0,0,44.0,4.0,0,0,0,0,3.0,4.0,1,1,1,1,52.0,4.0,0,0,0,0,32.0,4.0,0,0,0,0,10.0,4.0,0,1,1,1,48.0,3.0,0,0,0,0
574,670,670,2025,45,1,2.0,2.0,False,3,BREJO DE BEBERIBE,27.0,3.0,0,0,0,0,24.0,3.0,0,0,0,0,14.0,3.0,0,0,1,1,18.0,3.0,0,0,0,1,11.0,3.0,0,0,1,1,61.0,3.0,0,0,0,0,26.0,3.0,0,0,0,0,63.0,3.0,0,0,0,0,50.0,3.0,0,0,0,0,30.0,3.0,0,0,0,0,60.0,3.0,0,0,0,0
574,673,674,2025,48,2,5.0,3.0,False,3,BREJO DE BEBERIBE,11.0,2.0,0,0,1,1,13.0,2.0,0,0,1,1,5.0,2.0,1,1,1,1,10.0,2.0,0,1,1,1,8.0,2.0,0,1,1,1,31.0,3.0,0,0,0,0,5.0,3.0,1,1,1,1,13.0,3.0,0,0,1,1,19.0,3.0,0,0,0,1,12.0,3.0,0,0,1,1,8.0,3.0,0,1,1,1
582,562,563,2023,41,2,4.0,2.0,False,3,MACAXEIRA,8.0,2.0,0,1,1,1,9.0,2.0,0,1,1,1,30.0,2.0,0,0,0,0,19.0,2.0,0,0,0,1,15.0,2.0,0,0,1,1,24.0,3.0,0,0,0,0,11.0,3.0,0,0,1,1,24.0,3.0,0,0,0,0,27.0,3.0,0,0,0,0,18.0,3.0,0,0,0,1,23.0,3.0,0,0,0,0
582,584,584,2024,11,1,16.0,16.0,False,3,MACAXEIRA,71.0,4.0,0,0,0,0,74.0,4.0,0,0,0,0,55.0,1.0,0,0,0,0,60.0,1.0,0,0,0,0,62.0,4.0,0,0,0,0,25.0,4.0,0,0,0,0,3.0,2.0,1,1,1,1,44.0,4.0,0,0,0,0,34.0,4.0,0,0,0,0,31.0,2.0,0,0,0,0,43.0,4.0,0,0,0,0
582,586,586,2024,13,1,9.0,9.0,False,3,MACAXEIRA,15.0,1.0,0,0,1,1,16.0,1.0,0,0,0,1,5.0,1.0,1,1,1,1,18.0,1.0,0,0,0,1,19.0,1.0,0,0,0,1,12.0,2.0,0,0,1,1,1.0,2.0,1,1,1,1,14.0,2.0,0,0,1,1,12.0,2.0,0,0,1,1,7.0,2.0,0,1,1,1,20.0,2.0,0,0,0,1
582,588,588,2024,15,1,8.0,8.0,True,3,MACAXEIRA,10.0,1.0,0,1,1,1,11.0,1.0,0,0,1,1,3.0,1.0,1,1,1,1,4.0,1.0,1,1,1,1,4.0,1.0,1,1,1,1,12.0,4.0,0,0,1,1,1.0,4.0,1,1,1,1,10.0,2.0,0,1,1,1,12.0,4.0,0,0,1,1,7.0,4.0,0,1,1,1,15.0,2.0,0,0,1,1
582,590,590,2024,17,1,6.0,6.0,True,3,MACAXEIRA,10.0,3.0,0,1,1,1,11.0,3.0,0,0,1,1,3.0,3.0,1,1,1,1,4.0,3.0,1,1,1,1,4.0,3.0,1,1,1,1,13.0,4.0,0,0,1,1,7.0,2.0,0,1,1,1,10.0,4.0,0,1,1,1,19.0,4.0,0,0,0,1,14.0,4.0,0,0,1,1,15.0,4.0,0,0,1,1
582,597,597,2024,24,1,7.0,7.0,False,3,MACAXEIRA,22.0,3.0,0,0,0,0,28.0,3.0,0,0,0,0,10.0,3.0,0,1,1,1,4.0,3.0,1,1,1,1,7.0,3.0,0,1,1,1,33.0,2.0,0,0,0,0,32.0,3.0,0,0,0,0,33.0,3.0,0,0,0,0,38.0,2.0,0,0,0,0,34.0,3.0,0,0,0,0,32.0,3.0,0,0,0,0
582,608,608,2024,35,1,5.0,5.0,False,3,MACAXEIRA,30.0,2.0,0,0,0,0,43.0,2.0,0,0,0,0,59.0,2.0,0,0,0,0,51.0,4.0,0,0,0,0,61.0,4.0,0,0,0,0,19.0,2.0,0,0,0,1,19.0,2.0,0,0,0,1,18.0,2.0,0,0,0,1,17.0,2.0,0,0,0,1,17.0,2.0,0,0,0,1,21.0,2.0,0,0,0,0
582,616,616,2024,43,1,3.0,3.0,False,3,MACAXEIRA,1.0,4.0,1,1,1,1,2.0,1.0,1,1,1,1,2.0,4.0,1,1,1,1,1.0,4.0,1,1,1,1,1.0,4.0,1,1,1,1,31.0,4.0,0,0,0,0,48.0,2.0,0,0,0,0,27.0,4.0,0,0,0,0,33.0,4.0,0,0,0,0,48.0,2.0,0,0,0,0,26.0,4.0,0,0,0,0
582,656,659,2025,31,4,22.0,6.0,False,3,MACAXEIRA,6.0,4.0,0,1,1,1,6.0,4.0,0,1,1,1,15.0,4.0,0,0,1,1,4.0,4.0,1,1,1,1,5.0,4.0,1,1,1,1,17.0,2.0,0,0,0,1,6.0,2.0,0,1,1,1,22.0,2.0,0,0,0,0,29.0,2.0,0,0,0,0,19.0,2.0,0,0,0,1,25.0,2.0,0,0,0,0
582,662,663,2025,37,2,23.0,18.0,True,3,MACAXEIRA,10.0,2.0,0,1,1,1,21.0,2.0,0,0,0,0,14.0,2.0,0,0,1,1,2.0,2.0,1,1,1,1,2.0,2.0,1,1,1,1,20.0,3.0,0,0,0,1,11.0,1.0,0,0,1,1,17.0,3.0,0,0,0,1,34.0,3.0,0,0,0,0,18.0,1.0,0,0,0,1,22.0,3.0,0,0,0,0
582,665,665,2025,40,1,5.0,5.0,False,3,MACAXEIRA,1.0,1.0,1,1,1,1,1.0,1.0,1,1,1,1,1.0,1.0,1,1,1,1,1.0,1.0,1,1,1,1,1.0,1.0,1,1,1,1,1.0,2.0,1,1,1,1,6.0,2.0,0,1,1,1,1.0,2.0,1,1,1,1,8.0,2.0,0,1,1,1,5.0,2.0,1,1,1,1,7.0,2.0,0,1,1,1
582,667,667,2025,42,1,10.0,10.0,True,3,MACAXEIRA,1.0,3.0,1,1,1,1,1.0,3.0,1,1,1,1,1.0,3.0,1,1,1,1,1.0,3.0,1,1,1,1,1.0,3.0,1,1,1,1,1.0,4.0,1,1,1,1,6.0,4.0,0,1,1,1,1.0,4.0,1,1,1,1,8.0,4.0,0,1,1,1,5.0,4.0,1,1,1,1,7.0,4.0,0,1,1,1
582,669,669,2025,44,1,6.0,6.0,True,3,MACAXEIRA,2.0,3.0,1,1,1,1,4.0,1.0,1,1,1,1,1.0,1.0,1,1,1,1,2.0,1.0,1,1,1,1,1.0,1.0,1,1,1,1,7.0,2.0,0,1,1,1,5.0,2.0,1,1,1,1,1.0,2.0,1,1,1,1,11.0,2.0,0,0,1,1,7.0,2.0,0,1,1,1,8.0,2.0,0,1,1,1
582,671,672,2025,46,2,6.0,3.0,True,3,MACAXEIRA,4.0,3.0,1,1,1,1,4.0,3.0,1,1,1,1,1.0,3.0,1,1,1,1,2.0,3.0,1,1,1,1,1.0,3.0,1,1,1,1,7.0,4.0,0,1,1,1,5.0,4.0,1,1,1,1,1.0,4.0,1,1,1,1,11.0,4.0,0,0,1,1,7.0,4.0,0,1,1,1,6.0,2.0,0,1,1,1
590,563,563,2023,42,1,3.0,3.0,False,3,DOIS IRMAOS,60.0,2.0,0,0,0,0,52.0,2.0,0,0,0,0,59.0,4.0,0,0,0,0,61.0,3.0,0,0,0,0,59.0,4.0,0,0,0,0,70.0,3.0,0,0,0,0,50.0,4.0,0,0,0,0,70.0,3.0,0,0,0,0,70.0,3.0,0,0,0,0,50.0,4.0,0,0,0,0,70.0,3.0,0,0,0,0
590,567,567,2023,46,1,2.0,2.0,True,3,DOIS IRMAOS,6.0,1.0,0,1,1,1,3.0,1.0,1,1,1,1,4.0,3.0,1,1,1,1,6.0,3.0,0,1,1,1,4.0,1.0,1,1,1,1,12.0,4.0,0,0,1,1,5.0,4.0,1,1,1,1,3.0,4.0,1,1,1,1,2.0,4.0,1,1,1,1,2.0,4.0,1,1,1,1,4.0,4.0,1,1,1,1
590,600,600,2024,27,1,2.0,2.0,False,3,DOIS IRMAOS,53.0,1.0,0,0,0,0,59.0,1.0,0,0,0,0,63.0,1.0,0,0,0,0,57.0,4.0,0,0,0,0,56.0,1.0,0,0,0,0,47.0,1.0,0,0,0,0,17.0,1.0,0,0,0,1,33.0,1.0,0,0,0,0,10.0,1.0,0,1,1,1,6.0,1.0,0,1,1,1,30.0,1.0,0,0,0,0
590,602,602,2024,29,1,2.0,2.0,False,3,DOIS IRMAOS,32.0,2.0,0,0,0,0,30.0,2.0,0,0,0,0,28.0,1.0,0,0,0,0,50.0,1.0,0,0,0,0,56.0,3.0,0,0,0,0,31.0,2.0,0,0,0,0,17.0,3.0,0,0,0,1,4.0,2.0,1,1,1,1,1.0,2.0,1,1,1,1,1.0,2.0,1,1,1,1,4.0,2.0,1,1,1,1
590,649,649,2025,24,1,5.0,5.0,False,3,DOIS IRMAOS,32.0,3.0,0,0,0,0,17.0,3.0,0,0,0,1,32.0,3.0,0,0,0,0,13.0,4.0,0,0,1,1,24.0,3.0,0,0,0,0,37.0,2.0,0,0,0,0,15.0,2.0,0,0,1,1,32.0,2.0,0,0,0,0,5.0,2.0,1,1,1,1,4.0,2.0,1,1,1,1,35.0,2.0,0,0,0,0
590,658,660,2025,33,3,7.0,3.0,False,3,DOIS IRMAOS,14.0,3.0,0,0,1,1,15.0,2.0,0,0,1,1,20.0,2.0,0,0,0,1,21.0,3.0,0,0,0,0,22.0,2.0,0,0,0,0,54.0,4.0,0,0,0,0,15.0,4.0,0,0,1,1,33.0,3.0,0,0,0,0,14.0,4.0,0,0,1,1,7.0,4.0,0,1,1,1,25.0,3.0,0,0,0,0
590,665,665,2025,40,1,2.0,2.0,False,3,DOIS IRMAOS,2.0,4.0,1,1,1,1,2.0,4.0,1,1,1,1,2.0,3.0,1,1,1,1,3.0,2.0,1,1,1,1,3.0,3.0,1,1,1,1,53.0,4.0,0,0,0,0,46.0,1.0,0,0,0,0,49.0,4.0,0,0,0,0,22.0,4.0,0,0,0,0,46.0,1.0,0,0,0,0,39.0,4.0,0,0,0,0
590,667,667,2025,42,1,3.0,3.0,False,3,DOIS IRMAOS,24.0,4.0,0,0,0,0,8.0,4.0,0,1,1,1,11.0,4.0,0,0,1,1,3.0,4.0,1,1,1,1,8.0,4.0,0,1,1,1,36.0,2.0,0,0,0,0,2.0,2.0,1,1,1,1,19.0,2.0,0,0,0,1,2.0,2.0,1,1,1,1,1.0,2.0,1,1,1,1,18.0,2.0,0,0,0,1
60,650,650,2025,25,1,2.0,2.0,False,1,COELHOS,8.0,2.0,0,1,1,1,12.0,2.0,0,0,1,1,12.0,2.0,0,0,1,1,10.0,2.0,0,1,1,1,23.0,2.0,0,0,0,0,38.0,3.0,0,0,0,0,16.0,3.0,0,0,0,1,24.0,3.0,0,0,0,0,12.0,3.0,0,0,1,1,10.0,3.0,0,1,1,1,13.0,3.0,0,0,1,1
60,664,664,2025,39,1,2.0,2.0,False,1,COELHOS,15.0,3.0,0,0,1,1,14.0,3.0,0,0,1,1,17.0,3.0,0,0,0,1,17.0,3.0,0,0,0,1,19.0,3.0,0,0,0,1,50.0,2.0,0,0,0,0,5.0,4.0,1,1,1,1,48.0,2.0,0,0,0,0,25.0,4.0,0,0,0,0,7.0,4.0,0,1,1,1,47.0,2.0,0,0,0,0
60,666,667,2025,41,2,4.0,2.0,False,1,COELHOS,37.0,3.0,0,0,0,0,29.0,3.0,0,0,0,0,24.0,3.0,0,0,0,0,27.0,3.0,0,0,0,0,25.0,3.0,0,0,0,0,41.0,2.0,0,0,0,0,5.0,2.0,1,1,1,1,45.0,2.0,0,0,0,0,22.0,2.0,0,0,0,0,11.0,4.0,0,0,1,1,40.0,2.0,0,0,0,0
60,669,671,2025,44,3,10.0,5.0,False,1,COELHOS,8.0,1.0,0,1,1,1,17.0,1.0,0,0,0,1,6.0,1.0,0,1,1,1,22.0,1.0,0,0,0,0,17.0,1.0,0,0,0,1,32.0,3.0,0,0,0,0,5.0,3.0,1,1,1,1,11.0,3.0,0,0,1,1,6.0,3.0,0,1,1,1,4.0,3.0,1,1,1,1,8.0,3.0,0,1,1,1
604,554,555,2023,33,2,2.0,1.0,False,3,SITIO DOS PINTOS,54.0,2.0,0,0,0,0,73.0,1.0,0,0,0,0,60.0,2.0,0,0,0,0,46.0,2.0,0,0,0,0,53.0,2.0,0,0,0,0,70.0,4.0,0,0,0,0,44.0,4.0,0,0,0,0,70.0,4.0,0,0,0,0,70.0,4.0,0,0,0,0,44.0,4.0,0,0,0,0,70.0,4.0,0,0,0,0
604,557,557,2023,36,1,1.0,1.0,False,3,SITIO DOS PINTOS,13.0,1.0,0,0,1,1,16.0,1.0,0,0,0,1,15.0,1.0,0,0,1,1,10.0,1.0,0,1,1,1,13.0,1.0,0,0,1,1,27.0,2.0,0,0,0,0,15.0,3.0,0,0,1,1,3.0,2.0,1,1,1,1,11.0,2.0,0,0,1,1,11.0,3.0,0,0,1,1,2.0,2.0,1,1,1,1
604,559,559,2023,38,1,1.0,1.0,True,3,SITIO DOS PINTOS,8.0,1.0,0,1,1,1,8.0,1.0,0,1,1,1,13.0,2.0,0,0,1,1,10.0,3.0,0,1,1,1,10.0,2.0,0,1,1,1,27.0,4.0,0,0,0,0,16.0,2.0,0,0,0,1,3.0,4.0,1,1,1,1,11.0,4.0,0,0,1,1,10.0,2.0,0,1,1,1,2.0,4.0,1,1,1,1
604,564,564,2023,43,1,1.0,1.0,False,3,SITIO DOS PINTOS,4.0,4.0,1,1,1,1,3.0,4.0,1,1,1,1,3.0,4.0,1,1,1,1,1.0,4.0,1,1,1,1,2.0,4.0,1,1,1,1,72.0,4.0,0,0,0,0,52.0,3.0,0,0,0,0,72.0,4.0,0,0,0,0,72.0,4.0,0,0,0,0,52.0,3.0,0,0,0,0,72.0,4.0,0,0,0,0
604,584,584,2024,11,1,7.0,7.0,False,3,SITIO DOS PINTOS,60.0,4.0,0,0,0,0,63.0,4.0,0,0,0,0,74.0,4.0,0,0,0,0,61.0,4.0,0,0,0,0,66.0,4.0,0,0,0,0,73.0,3.0,0,0,0,0,14.0,1.0,0,0,1,1,64.0,3.0,0,0,0,0,69.0,3.0,0,0,0,0,25.0,1.0,0,0,0,0,63.0,3.0,0,0,0,0
604,586,586,2024,13,1,8.0,8.0,False,3,SITIO DOS PINTOS,7.0,1.0,0,1,1,1,5.0,1.0,1,1,1,1,13.0,1.0,0,0,1,1,6.0,1.0,0,1,1,1,4.0,1.0,1,1,1,1,33.0,2.0,0,0,0,0,2.0,2.0,1,1,1,1,20.0,2.0,0,0,0,1,10.0,2.0,0,1,1,1,6.0,2.0,0,1,1,1,24.0,2.0,0,0,0,0
604,588,588,2024,15,1,5.0,5.0,True,3,SITIO DOS PINTOS,5.0,1.0,1,1,1,1,5.0,3.0,1,1,1,1,6.0,1.0,0,1,1,1,6.0,3.0,0,1,1,1,4.0,3.0,1,1,1,1,17.0,2.0,0,0,0,1,2.0,4.0,1,1,1,1,6.0,2.0,0,1,1,1,5.0,2.0,1,1,1,1,4.0,2.0,1,1,1,1,7.0,2.0,0,1,1,1
604,598,598,2024,25,1,5.0,5.0,False,3,SITIO DOS PINTOS,43.0,1.0,0,0,0,0,43.0,1.0,0,0,0,0,46.0,4.0,0,0,0,0,37.0,1.0,0,0,0,0,37.0,1.0,0,0,0,0,37.0,2.0,0,0,0,0,9.0,2.0,0,1,1,1,26.0,2.0,0,0,0,0,15.0,2.0,0,0,1,1,7.0,2.0,0,1,1,1,23.0,2.0,0,0,0,0
604,600,600,2024,27,1,2.0,2.0,False,3,SITIO DOS PINTOS,3.0,1.0,1,1,1,1,2.0,1.0,1,1,1,1,1.0,1.0,1,1,1,1,1.0,1.0,1,1,1,1,1.0,1.0,1,1,1,1,15.0,2.0,0,0,1,1,5.0,2.0,1,1,1,1,4.0,2.0,1,1,1,1,6.0,2.0,0,1,1,1,5.0,2.0,1,1,1,1,6.0,2.0,0,1,1,1
604,604,604,2024,31,1,2.0,2.0,True,3,SITIO DOS PINTOS,2.0,3.0,1,1,1,1,2.0,3.0,1,1,1,1,1.0,3.0,1,1,1,1,1.0,3.0,1,1,1,1,1.0,3.0,1,1,1,1,32.0,4.0,0,0,0,0,19.0,4.0,0,0,0,1,8.0,4.0,0,1,1,1,8.0,4.0,0,1,1,1,15.0,4.0,0,0,1,1,5.0,4.0,1,1,1,1
604,642,642,2025,17,1,4.0,4.0,False,3,SITIO DOS PINTOS,33.0,3.0,0,0,0,0,27.0,2.0,0,0,0,0,20.0,1.0,0,0,0,1,24.0,1.0,0,0,0,0,17.0,1.0,0,0,0,1,28.0,3.0,0,0,0,0,7.0,4.0,0,1,1,1,15.0,3.0,0,0,1,1,11.0,3.0,0,0,1,1,6.0,4.0,0,1,1,1,15.0,3.0,0,0,1,1
604,651,651,2025,26,1,7.0,7.0,False,3,SITIO DOS PINTOS,15.0,2.0,0,0,1,1,18.0,2.0,0,0,0,1,23.0,1.0,0,0,0,0,24.0,1.0,0,0,0,0,25.0,1.0,0,0,0,0,33.0,3.0,0,0,0,0,10.0,3.0,0,1,1,1,30.0,3.0,0,0,0,0,14.0,3.0,0,0,1,1,10.0,3.0,0,1,1,1,30.0,1.0,0,0,0,0
604,654,654,2025,29,1,3.0,3.0,False,3,SITIO DOS PINTOS,1.0,2.0,1,1,1,1,1.0,2.0,1,1,1,1,1.0,2.0,1,1,1,1,1.0,2.0,1,1,1,1,1.0,2.0,1,1,1,1,3.0,3.0,1,1,1,1,1.0,3.0,1,1,1,1,1.0,3.0,1,1,1,1,1.0,3.0,1,1,1,1,2.0,3.0,1,1,1,1,1.0,3.0,1,1,1,1
604,658,658,2025,33,1,3.0,3.0,True,3,SITIO DOS PINTOS,1.0,3.0,1,1,1,1,2.0,2.0,1,1,1,1,1.0,3.0,1,1,1,1,1.0,3.0,1,1,1,1,1.0,3.0,1,1,1,1,21.0,4.0,0,0,0,0,17.0,4.0,0,0,0,1,11.0,4.0,0,0,1,1,10.0,4.0,0,1,1,1,9.0,4.0,0,1,1,1,9.0,4.0,0,1,1,1
604,660,661,2025,35,2,4.0,2.0,False,3,SITIO DOS PINTOS,3.0,4.0,1,1,1,1,2.0,4.0,1,1,1,1,1.0,1.0,1,1,1,1,1.0,1.0,1,1,1,1,1.0,1.0,1,1,1,1,41.0,2.0,0,0,0,0,17.0,3.0,0,0,0,1,15.0,2.0,0,0,1,1,23.0,2.0,0,0,0,0,14.0,2.0,0,0,1,1,8.0,2.0,0,1,1,1
604,664,669,2025,39,6,14.0,5.0,True,3,SITIO DOS PINTOS,2.0,1.0,1,1,1,1,2.0,1.0,1,1,1,1,1.0,2.0,1,1,1,1,5.0,1.0,1,1,1,1,3.0,1.0,1,1,1,1,43.0,3.0,0,0,0,0,24.0,4.0,0,0,0,0,28.0,3.0,0,0,0,0,30.0,3.0,0,0,0,0,20.0,4.0,0,0,0,1,18.0,3.0,0,0,0,1
604,673,673,2025,48,1,1.0,1.0,True,3,SITIO DOS PINTOS,1.0,3.0,1,1,1,1,1.0,3.0,1,1,1,1,1.0,3.0,1,1,1,1,1.0,3.0,1,1,1,1,1.0,3.0,1,1,1,1,23.0,4.0,0,0,0,0,27.0,4.0,0,0,0,0,6.0,4.0,0,1,1,1,8.0,4.0,0,1,1,1,17.0,4.0,0,0,0,1,5.0,4.0,1,1,1,1
612,534,534,2023,13,1,3.0,3.0,False,3,BREJO DA GUABIRABA,17.0,1.0,0,0,0,1,16.0,1.0,0,0,0,1,3.0,3.0,1,1,1,1,12.0,1.0,0,0,1,1,12.0,1.0,0,0,1,1,23.0,4.0,0,0,0,0,5.0,1.0,1,1,1,1,5.0,4.0,1,1,1,1,9.0,4.0,0,1,1,1,6.0,1.0,0,1,1,1,5.0,4.0,1,1,1,1
612,566,566,2023,45,1,2.0,2.0,False,3,BREJO DA GUABIRABA,34.0,4.0,0,0,0,0,17.0,3.0,0,0,0,1,20.0,3.0,0,0,0,1,17.0,3.0,0,0,0,1,25.0,3.0,0,0,0,0,25.0,4.0,0,0,0,0,11.0,4.0,0,0,1,1,18.0,4.0,0,0,0,1,14.0,4.0,0,0,1,1,11.0,4.0,0,0,1,1,14.0,4.0,0,0,1,1
612,571,573,2023,50,3,5.0,2.0,False,3,BREJO DA GUABIRABA,5.0,4.0,1,1,1,1,5.0,4.0,1,1,1,1,11.0,2.0,0,0,1,1,10.0,2.0,0,1,1,1,15.0,2.0,0,0,1,1,24.0,2.0,0,0,0,0,10.0,2.0,0,1,1,1,15.0,2.0,0,0,1,1,10.0,2.0,0,1,1,1,6.0,2.0,0,1,1,1,13.0,2.0,0,0,1,1
612,583,584,2024,10,2,15.0,8.0,False,3,BREJO DA GUABIRABA,20.0,1.0,0,0,0,1,14.0,1.0,0,0,1,1,45.0,1.0,0,0,0,0,24.0,1.0,0,0,0,0,33.0,1.0,0,0,0,0,43.0,1.0,0,0,0,0,16.0,2.0,0,0,0,1,35.0,1.0,0,0,0,0,46.0,2.0,0,0,0,0,35.0,2.0,0,0,0,0,38.0,1.0,0,0,0,0
612,587,588,2024,14,2,10.0,6.0,True,3,BREJO DA GUABIRABA,1.0,2.0,1,1,1,1,6.0,2.0,0,1,1,1,2.0,2.0,1,1,1,1,3.0,2.0,1,1,1,1,11.0,2.0,0,0,1,1,23.0,4.0,0,0,0,0,20.0,4.0,0,0,0,1,4.0,3.0,1,1,1,1,15.0,4.0,0,0,1,1,11.0,4.0,0,0,1,1,4.0,3.0,1,1,1,1
612,599,599,2024,26,1,4.0,4.0,False,3,BREJO DA GUABIRABA,57.0,4.0,0,0,0,0,51.0,4.0,0,0,0,0,22.0,4.0,0,0,0,0,43.0,4.0,0,0,0,0,45.0,4.0,0,0,0,0,34.0,4.0,0,0,0,0,21.0,4.0,0,0,0,0,23.0,4.0,0,0,0,0,22.0,4.0,0,0,0,0,15.0,4.0,0,0,1,1,17.0,4.0,0,0,0,1
612,607,608,2024,34,2,6.0,3.0,False,3,BREJO DA GUABIRABA,13.0,4.0,0,0,1,1,17.0,4.0,0,0,0,1,21.0,4.0,0,0,0,0,6.0,4.0,0,1,1,1,3.0,4.0,1,1,1,1,40.0,4.0,0,0,0,0,51.0,4.0,0,0,0,0,40.0,3.0,0,0,0,0,31.0,3.0,0,0,0,0,51.0,4.0,0,0,0,0,39.0,3.0,0,0,0,0
612,610,610,2024,37,1,3.0,3.0,False,3,BREJO DA GUABIRABA,3.0,1.0,1,1,1,1,3.0,1.0,1,1,1,1,2.0,1.0,1,1,1,1,5.0,1.0,1,1,1,1,8.0,1.0,0,1,1,1,17.0,3.0,0,0,0,1,2.0,3.0,1,1,1,1,9.0,3.0,0,1,1,1,4.0,3.0,1,1,1,1,4.0,3.0,1,1,1,1,7.0,3.0,0,1,1,1
612,616,617,2024,43,2,4.0,2.0,False,3,BREJO DA GUABIRABA,2.0,3.0,1,1,1,1,2.0,4.0,1,1,1,1,1.0,4.0,1,1,1,1,2.0,4.0,1,1,1,1,3.0,4.0,1,1,1,1,32.0,4.0,0,0,0,0,51.0,2.0,0,0,0,0,22.0,4.0,0,0,0,0,23.0,4.0,0,0,0,0,51.0,2.0,0,0,0,0,21.0,4.0,0,0,0,0
612,622,622,2024,49,1,2.0,2.0,False,3,BREJO DA GUABIRABA,10.0,2.0,0,1,1,1,11.0,2.0,0,0,1,1,5.0,2.0,1,1,1,1,6.0,3.0,0,1,1,1,8.0,2.0,0,1,1,1,31.0,3.0,0,0,0,0,6.0,3.0,0,1,1,1,28.0,3.0,0,0,0,0,23.0,1.0,0,0,0,0,10.0,3.0,0,1,1,1,26.0,3.0,0,0,0,0
612,627,627,2025,2,1,3.0,3.0,False,3,BREJO DA GUABIRABA,12.0,4.0,0,0,1,1,9.0,4.0,0,1,1,1,16.0,3.0,0,0,0,1,14.0,4.0,0,0,1,1,30.0,4.0,0,0,0,0,69.0,4.0,0,0,0,0,49.0,2.0,0,0,0,0,69.0,4.0,0,0,0,0,69.0,4.0,0,0,0,0,49.0,2.0,0,0,0,0,69.0,4.0,0,0,0,0
612,648,649,2025,23,2,7.0,4.0,False,3,BREJO DA GUABIRABA,2.0,3.0,1,1,1,1,4.0,3.0,1,1,1,1,17.0,4.0,0,0,0,1,7.0,4.0,0,1,1,1,21.0,4.0,0,0,0,0,39.0,1.0,0,0,0,0,17.0,1.0,0,0,0,1,27.0,1.0,0,0,0,0,30.0,1.0,0,0,0,0,17.0,1.0,0,0,0,1,21.0,1.0,0,0,0,0
612,657,657,2025,32,1,3.0,3.0,False,3,BREJO DA GUABIRABA,17.0,1.0,0,0,0,1,22.0,1.0,0,0,0,0,13.0,4.0,0,0,1,1,28.0,4.0,0,0,0,0,44.0,1.0,0,0,0,0,23.0,2.0,0,0,0,0,1.0,2.0,1,1,1,1,27.0,2.0,0,0,0,0,21.0,2.0,0,0,0,0,8.0,2.0,0,1,1,1,28.0,2.0,0,0,0,0
612,659,660,2025,34,2,7.0,4.0,False,3,BREJO DA GUABIRABA,15.0,1.0,0,0,1,1,17.0,1.0,0,0,0,1,15.0,3.0,0,0,1,1,14.0,1.0,0,0,1,1,19.0,1.0,0,0,0,1,23.0,4.0,0,0,0,0,1.0,4.0,1,1,1,1,27.0,4.0,0,0,0,0,21.0,4.0,0,0,0,0,8.0,4.0,0,1,1,1,28.0,4.0,0,0,0,0
612,662,664,2025,37,3,8.0,3.0,False,3,BREJO DA GUABIRABA,4.0,1.0,1,1,1,1,3.0,1.0,1,1,1,1,4.0,1.0,1,1,1,1,2.0,1.0,1,1,1,1,3.0,1.0,1,1,1,1,24.0,3.0,0,0,0,0,24.0,3.0,0,0,0,0,24.0,3.0,0,0,0,0,23.0,3.0,0,0,0,0,24.0,3.0,0,0,0,0,23.0,3.0,0,0,0,0
612,667,667,2025,42,1,3.0,3.0,True,3,BREJO DA GUABIRABA,1.0,2.0,1,1,1,1,1.0,2.0,1,1,1,1,1.0,2.0,1,1,1,1,1.0,2.0,1,1,1,1,1.0,2.0,1,1,1,1,28.0,4.0,0,0,0,0,53.0,4.0,0,0,0,0,16.0,4.0,0,0,0,1,25.0,4.0,0,0,0,0,53.0,4.0,0,0,0,0,15.0,4.0,0,0,1,1
612,669,670,2025,44,2,5.0,3.0,False,3,BREJO DA GUABIRABA,1.0,4.0,1,1,1,1,1.0,4.0,1,1,1,1,1.0,4.0,1,1,1,1,1.0,4.0,1,1,1,1,1.0,4.0,1,1,1,1,36.0,2.0,0,0,0,0,4.0,2.0,1,1,1,1,30.0,2.0,0,0,0,0,25.0,2.0,0,0,0,0,14.0,2.0,0,0,1,1,26.0,2.0,0,0,0,0
612,675,675,2025,50,1,2.0,2.0,False,3,BREJO DA GUABIRABA,4.0,4.0,1,1,1,1,3.0,4.0,1,1,1,1,7.0,3.0,0,1,1,1,6.0,3.0,0,1,1,1,11.0,3.0,0,0,1,1,42.0,1.0,0,0,0,0,12.0,1.0,0,0,1,1,41.0,1.0,0,0,0,0,36.0,1.0,0,0,0,0,17.0,1.0,0,0,0,1,38.0,1.0,0,0,0,0
620,554,554,2023,33,1,2.0,2.0,False,3,CORREGO DO JENIPAPO,18.0,3.0,0,0,0,1,24.0,3.0,0,0,0,0,23.0,4.0,0,0,0,0,16.0,4.0,0,0,0,1,25.0,4.0,0,0,0,0,72.0,4.0,0,0,0,0,46.0,4.0,0,0,0,0,72.0,4.0,0,0,0,0,72.0,4.0,0,0,0,0,46.0,4.0,0,0,0,0,72.0,4.0,0,0,0,0
620,566,566,2023,45,1,1.0,1.0,False,3,CORREGO DO JENIPAPO,56.0,2.0,0,0,0,0,65.0,3.0,0,0,0,0,38.0,3.0,0,0,0,0,51.0,3.0,0,0,0,0,57.0,2.0,0,0,0,0,74.0,1.0,0,0,0,0,45.0,2.0,0,0,0,0,74.0,1.0,0,0,0,0,74.0,1.0,0,0,0,0,45.0,2.0,0,0,0,0,74.0,1.0,0,0,0,0
620,612,612,2024,39,1,1.0,1.0,False,3,CORREGO DO JENIPAPO,67.0,3.0,0,0,0,0,73.0,4.0,0,0,0,0,68.0,3.0,0,0,0,0,68.0,3.0,0,0,0,0,78.0,4.0,0,0,0,0,73.0,1.0,0,0,0,0,47.0,3.0,0,0,0,0,73.0,1.0,0,0,0,0,73.0,1.0,0,0,0,0,47.0,3.0,0,0,0,0,73.0,1.0,0,0,0,0
620,615,615,2024,42,1,2.0,2.0,False,3,CORREGO DO JENIPAPO,49.0,3.0,0,0,0,0,47.0,3.0,0,0,0,0,44.0,3.0,0,0,0,0,49.0,3.0,0,0,0,0,54.0,3.0,0,0,0,0,33.0,3.0,0,0,0,0,15.0,3.0,0,0,1,1,15.0,3.0,0,0,1,1,17.0,3.0,0,0,0,1,11.0,3.0,0,0,1,1,9.0,3.0,0,1,1,1
620,617,617,2024,44,1,2.0,2.0,False,3,CORREGO DO JENIPAPO,5.0,1.0,1,1,1,1,6.0,1.0,0,1,1,1,7.0,1.0,0,1,1,1,5.0,1.0,1,1,1,1,9.0,1.0,0,1,1,1,21.0,2.0,0,0,0,0,5.0,2.0,1,1,1,1,6.0,2.0,0,1,1,1,8.0,2.0,0,1,1,1,6.0,2.0,0,1,1,1,5.0,2.0,1,1,1,1
620,620,620,2024,47,1,1.0,1.0,False,3,CORREGO DO JENIPAPO,5.0,4.0,1,1,1,1,3.0,2.0,1,1,1,1,7.0,4.0,0,1,1,1,5.0,4.0,1,1,1,1,7.0,2.0,0,1,1,1,23.0,3.0,0,0,0,0,9.0,3.0,0,1,1,1,6.0,3.0,0,1,1,1,9.0,3.0,0,1,1,1,4.0,3.0,1,1,1,1,4.0,3.0,1,1,1,1
620,658,658,2025,33,1,1.0,1.0,False,3,CORREGO DO JENIPAPO,26.0,4.0,0,0,0,0,16.0,4.0,0,0,0,1,26.0,4.0,0,0,0,0,25.0,4.0,0,0,0,0,34.0,4.0,0,0,0,0,58.0,3.0,0,0,0,0,13.0,3.0,0,0,1,1,34.0,3.0,0,0,0,0,40.0,3.0,0,0,0,0,18.0,3.0,0,0,0,1,23.0,3.0,0,0,0,0
620,660,660,2025,35,1,2.0,2.0,False,3,CORREGO DO JENIPAPO,58.0,2.0,0,0,0,0,57.0,4.0,0,0,0,0,33.0,1.0,0,0,0,0,55.0,1.0,0,0,0,0,54.0,1.0,0,0,0,0,59.0,1.0,0,0,0,0,19.0,2.0,0,0,0,1,58.0,2.0,0,0,0,0,50.0,1.0,0,0,0,0,30.0,2.0,0,0,0,0,44.0,2.0,0,0,0,0
620,664,664,2025,39,1,2.0,2.0,True,3,CORREGO DO JENIPAPO,5.0,1.0,1,1,1,1,4.0,1.0,1,1,1,1,9.0,1.0,0,1,1,1,12.0,1.0,0,0,1,1,7.0,1.0,0,1,1,1,51.0,2.0,0,0,0,0,11.0,2.0,0,0,1,1,41.0,2.0,0,0,0,0,38.0,4.0,0,0,0,0,13.0,2.0,0,0,1,1,32.0,2.0,0,0,0,0
620,666,666,2025,41,1,1.0,1.0,False,3,CORREGO DO JENIPAPO,5.0,3.0,1,1,1,1,4.0,3.0,1,1,1,1,9.0,3.0,0,1,1,1,12.0,3.0,0,0,1,1,7.0,3.0,0,1,1,1,43.0,2.0,0,0,0,0,6.0,2.0,0,1,1,1,35.0,2.0,0,0,0,0,31.0,2.0,0,0,0,0,13.0,4.0,0,0,1,1,22.0,2.0,0,0,0,0
620,670,670,2025,45,1,1.0,1.0,True,3,CORREGO DO JENIPAPO,34.0,4.0,0,0,0,0,33.0,4.0,0,0,0,0,12.0,3.0,0,0,1,1,43.0,3.0,0,0,0,0,29.0,3.0,0,0,0,0,46.0,4.0,0,0,0,0,10.0,4.0,0,1,1,1,35.0,4.0,0,0,0,0,35.0,4.0,0,0,0,0,11.0,4.0,0,0,1,1,23.0,4.0,0,0,0,0
620,673,674,2025,48,2,4.0,2.0,False,3,CORREGO DO JENIPAPO,28.0,1.0,0,0,0,0,29.0,1.0,0,0,0,0,6.0,1.0,0,1,1,1,26.0,1.0,0,0,0,0,22.0,2.0,0,0,0,0,43.0,2.0,0,0,0,0,17.0,3.0,0,0,0,1,33.0,2.0,0,0,0,0,30.0,2.0,0,0,0,0,19.0,3.0,0,0,0,1,22.0,3.0,0,0,0,0
647,628,628,2025,3,1,3.0,3.0,False,4,MADALENA,53.0,1.0,0,0,0,0,60.0,1.0,0,0,0,0,47.0,1.0,0,0,0,0,35.0,1.0,0,0,0,0,47.0,1.0,0,0,0,0,8.0,1.0,0,1,1,1,3.0,1.0,1,1,1,1,8.0,1.0,0,1,1,1,23.0,1.0,0,0,0,0,19.0,1.0,0,0,0,1,15.0,1.0,0,0,1,1
647,653,653,2025,28,1,4.0,4.0,False,4,MADALENA,24.0,4.0,0,0,0,0,29.0,4.0,0,0,0,0,37.0,4.0,0,0,0,0,16.0,4.0,0,0,0,1,38.0,4.0,0,0,0,0,18.0,4.0,0,0,0,1,3.0,1.0,1,1,1,1,8.0,1.0,0,1,1,1,34.0,4.0,0,0,0,0,20.0,1.0,0,0,0,1,17.0,1.0,0,0,0,1
655,558,558,2023,37,1,3.0,3.0,False,4,TORRE,23.0,2.0,0,0,0,0,27.0,2.0,0,0,0,0,30.0,1.0,0,0,0,0,34.0,1.0,0,0,0,0,29.0,1.0,0,0,0,0,12.0,1.0,0,0,1,1,6.0,1.0,0,1,1,1,4.0,1.0,1,1,1,1,21.0,1.0,0,0,0,0,15.0,1.0,0,0,1,1,13.0,1.0,0,0,1,1
655,587,587,2024,14,1,8.0,8.0,False,4,TORRE,29.0,1.0,0,0,0,0,37.0,3.0,0,0,0,0,23.0,1.0,0,0,0,0,25.0,1.0,0,0,0,0,38.0,1.0,0,0,0,0,24.0,2.0,0,0,0,0,5.0,4.0,1,1,1,1,30.0,2.0,0,0,0,0,39.0,2.0,0,0,0,0,13.0,2.0,0,0,1,1,37.0,2.0,0,0,0,0
655,594,594,2024,21,1,9.0,9.0,False,4,TORRE,21.0,4.0,0,0,0,0,23.0,4.0,0,0,0,0,25.0,4.0,0,0,0,0,15.0,4.0,0,0,1,1,18.0,4.0,0,0,0,1,23.0,1.0,0,0,0,0,1.0,1.0,1,1,1,1,15.0,4.0,0,0,1,1,30.0,1.0,0,0,0,0,12.0,1.0,0,0,1,1,24.0,4.0,0,0,0,0
655,653,653,2025,28,1,4.0,4.0,False,4,TORRE,41.0,4.0,0,0,0,0,49.0,4.0,0,0,0,0,55.0,4.0,0,0,0,0,53.0,4.0,0,0,0,0,57.0,4.0,0,0,0,0,26.0,4.0,0,0,0,0,24.0,1.0,0,0,0,0,27.0,4.0,0,0,0,0,36.0,4.0,0,0,0,0,34.0,1.0,0,0,0,0,32.0,4.0,0,0,0,0
655,656,657,2025,31,2,11.0,6.0,False,4,TORRE,16.0,2.0,0,0,0,1,13.0,2.0,0,0,1,1,42.0,2.0,0,0,0,0,35.0,2.0,0,0,0,0,29.0,2.0,0,0,0,0,18.0,3.0,0,0,0,1,7.0,3.0,0,1,1,1,8.0,3.0,0,1,1,1,18.0,3.0,0,0,0,1,13.0,3.0,0,0,1,1,12.0,3.0,0,0,1,1
655,659,659,2025,34,1,3.0,3.0,False,4,TORRE,6.0,1.0,0,1,1,1,4.0,1.0,1,1,1,1,18.0,1.0,0,0,0,1,6.0,1.0,0,1,1,1,6.0,1.0,0,1,1,1,15.0,2.0,0,0,1,1,4.0,3.0,1,1,1,1,3.0,3.0,1,1,1,1,22.0,3.0,0,0,0,0,10.0,3.0,0,1,1,1,4.0,3.0,1,1,1,1
655,662,662,2025,37,1,3.0,3.0,False,4,TORRE,6.0,4.0,0,1,1,1,4.0,4.0,1,1,1,1,3.0,2.0,1,1,1,1,3.0,2.0,1,1,1,1,4.0,2.0,1,1,1,1,34.0,3.0,0,0,0,0,13.0,3.0,0,0,1,1,28.0,3.0,0,0,0,0,46.0,3.0,0,0,0,0,23.0,3.0,0,0,0,0,31.0,3.0,0,0,0,0
663,569,570,2023,48,2,3.0,2.0,False,4,PRADO,17.0,3.0,0,0,0,1,14.0,3.0,0,0,1,1,14.0,1.0,0,0,1,1,14.0,1.0,0,0,1,1,9.0,1.0,0,1,1,1,32.0,1.0,0,0,0,0,19.0,1.0,0,0,0,1,11.0,1.0,0,0,1,1,18.0,1.0,0,0,0,1,12.0,1.0,0,0,1,1,7.0,1.0,0,1,1,1
663,572,572,2023,51,1,1.0,1.0,False,4,PRADO,1.0,1.0,1,1,1,1,1.0,1.0,1,1,1,1,3.0,2.0,1,1,1,1,1.0,1.0,1,1,1,1,2.0,2.0,1,1,1,1,8.0,2.0,0,1,1,1,17.0,2.0,0,0,0,1,1.0,2.0,1,1,1,1,5.0,2.0,1,1,1,1,12.0,4.0,0,0,1,1,3.0,3.0,1,1,1,1
663,585,585,2024,12,1,5.0,5.0,False,4,PRADO,40.0,1.0,0,0,0,0,31.0,1.0,0,0,0,0,27.0,1.0,0,0,0,0,28.0,1.0,0,0,0,0,26.0,1.0,0,0,0,0,47.0,1.0,0,0,0,0,10.0,3.0,0,1,1,1,43.0,1.0,0,0,0,0,54.0,1.0,0,0,0,0,29.0,2.0,0,0,0,0,44.0,1.0,0,0,0,0
663,606,606,2024,33,1,2.0,2.0,False,4,PRADO,21.0,1.0,0,0,0,0,16.0,1.0,0,0,0,1,14.0,1.0,0,0,1,1,25.0,1.0,0,0,0,0,17.0,1.0,0,0,0,1,36.0,1.0,0,0,0,0,40.0,4.0,0,0,0,0,26.0,1.0,0,0,0,0,25.0,1.0,0,0,0,0,40.0,4.0,0,0,0,0,24.0,1.0,0,0,0,0
663,624,624,2024,51,1,2.0,2.0,False,4,PRADO,4.0,1.0,1,1,1,1,4.0,1.0,1,1,1,1,8.0,2.0,0,1,1,1,4.0,1.0,1,1,1,1,5.0,1.0,1,1,1,1,41.0,4.0,0,0,0,0,17.0,2.0,0,0,0,1,27.0,2.0,0,0,0,0,28.0,2.0,0,0,0,0,21.0,2.0,0,0,0,0,22.0,2.0,0,0,0,0
663,648,648,2025,23,1,3.0,3.0,False,4,PRADO,56.0,1.0,0,0,0,0,59.0,4.0,0,0,0,0,73.0,4.0,0,0,0,0,57.0,4.0,0,0,0,0,62.0,4.0,0,0,0,0,36.0,3.0,0,0,0,0,8.0,3.0,0,1,1,1,29.0,3.0,0,0,0,0,23.0,3.0,0,0,0,0,10.0,3.0,0,1,1,1,26.0,3.0,0,0,0,0
663,661,661,2025,36,1,2.0,2.0,False,4,PRADO,79.0,4.0,0,0,0,0,72.0,4.0,0,0,0,0,52.0,3.0,0,0,0,0,65.0,3.0,0,0,0,0,58.0,3.0,0,0,0,0,62.0,4.0,0,0,0,0,18.0,4.0,0,0,0,1,60.0,4.0,0,0,0,0,58.0,4.0,0,0,0,0,31.0,4.0,0,0,0,0,54.0,4.0,0,0,0,0
671,557,557,2023,36,1,1.0,1.0,False,4,ZUMBI,32.0,4.0,0,0,0,0,52.0,4.0,0,0,0,0,30.0,4.0,0,0,0,0,47.0,4.0,0,0,0,0,44.0,4.0,0,0,0,0,77.0,1.0,0,0,0,0,52.0,1.0,0,0,0,0,77.0,1.0,0,0,0,0,77.0,1.0,0,0,0,0,52.0,1.0,0,0,0,0,77.0,1.0,0,0,0,0
671,570,571,2023,49,2,2.0,1.0,False,4,ZUMBI,42.0,4.0,0,0,0,0,53.0,4.0,0,0,0,0,32.0,1.0,0,0,0,0,44.0,4.0,0,0,0,0,44.0,4.0,0,0,0,0,77.0,3.0,0,0,0,0,53.0,3.0,0,0,0,0,77.0,3.0,0,0,0,0,77.0,3.0,0,0,0,0,53.0,3.0,0,0,0,0,77.0,3.0,0,0,0,0
671,574,574,2024,1,1,1.0,1.0,True,4,ZUMBI,2.0,2.0,1,1,1,1,3.0,2.0,1,1,1,1,6.0,2.0,0,1,1,1,2.0,2.0,1,1,1,1,4.0,2.0,1,1,1,1,22.0,4.0,0,0,0,0,10.0,4.0,0,1,1,1,12.0,4.0,0,0,1,1,3.0,3.0,1,1,1,1,4.0,4.0,1,1,1,1,7.0,4.0,0,1,1,1
671,581,585,2024,8,5,28.0,10.0,False,4,ZUMBI,1.0,2.0,1,1,1,1,4.0,2.0,1,1,1,1,1.0,4.0,1,1,1,1,1.0,4.0,1,1,1,1,1.0,2.0,1,1,1,1,35.0,3.0,0,0,0,0,15.0,3.0,0,0,1,1,10.0,3.0,0,1,1,1,7.0,3.0,0,1,1,1,6.0,3.0,0,1,1,1,7.0,3.0,0,1,1,1
671,587,588,2024,14,2,8.0,5.0,True,4,ZUMBI,1.0,1.0,1,1,1,1,1.0,1.0,1,1,1,1,1.0,1.0,1,1,1,1,1.0,1.0,1,1,1,1,1.0,1.0,1,1,1,1,24.0,3.0,0,0,0,0,8.0,3.0,0,1,1,1,1.0,3.0,1,1,1,1,3.0,3.0,1,1,1,1,3.0,3.0,1,1,1,1,2.0,3.0,1,1,1,1
671,596,596,2024,23,1,2.0,2.0,False,4,ZUMBI,53.0,4.0,0,0,0,0,69.0,3.0,0,0,0,0,78.0,3.0,0,0,0,0,52.0,4.0,0,0,0,0,65.0,4.0,0,0,0,0,48.0,1.0,0,0,0,0,11.0,4.0,0,0,1,1,35.0,4.0,0,0,0,0,18.0,1.0,0,0,0,1,8.0,4.0,0,1,1,1,25.0,4.0,0,0,0,0
671,598,598,2024,25,1,3.0,3.0,False,4,ZUMBI,35.0,1.0,0,0,0,0,31.0,1.0,0,0,0,0,29.0,1.0,0,0,0,0,19.0,1.0,0,0,0,1,30.0,1.0,0,0,0,0,39.0,2.0,0,0,0,0,15.0,3.0,0,0,1,1,8.0,2.0,0,1,1,1,2.0,2.0,1,1,1,1,9.0,3.0,0,1,1,1,7.0,2.0,0,1,1,1
671,600,602,2024,27,3,3.0,1.0,True,4,ZUMBI,4.0,1.0,1,1,1,1,6.0,1.0,0,1,1,1,4.0,1.0,1,1,1,1,5.0,1.0,1,1,1,1,5.0,1.0,1,1,1,1,31.0,2.0,0,0,0,0,20.0,2.0,0,0,0,1,8.0,4.0,0,1,1,1,2.0,4.0,1,1,1,1,9.0,2.0,0,1,1,1,7.0,4.0,0,1,1,1
671,604,604,2024,31,1,1.0,1.0,True,4,ZUMBI,2.0,1.0,1,1,1,1,3.0,1.0,1,1,1,1,4.0,1.0,1,1,1,1,2.0,1.0,1,1,1,1,2.0,1.0,1,1,1,1,47.0,2.0,0,0,0,0,41.0,2.0,0,0,0,0,15.0,2.0,0,0,1,1,11.0,2.0,0,0,1,1,41.0,2.0,0,0,0,0,6.0,4.0,0,1,1,1
671,608,608,2024,35,1,1.0,1.0,True,4,ZUMBI,4.0,3.0,1,1,1,1,4.0,3.0,1,1,1,1,11.0,3.0,0,0,1,1,10.0,3.0,0,1,1,1,14.0,3.0,0,0,1,1,42.0,4.0,0,0,0,0,15.0,4.0,0,0,1,1,17.0,4.0,0,0,0,1,9.0,4.0,0,1,1,1,7.0,4.0,0,1,1,1,5.0,4.0,1,1,1,1
671,610,610,2024,37,1,1.0,1.0,False,4,ZUMBI,11.0,4.0,0,0,1,1,19.0,4.0,0,0,0,1,35.0,4.0,0,0,0,0,27.0,4.0,0,0,0,0,30.0,4.0,0,0,0,0,48.0,2.0,0,0,0,0,17.0,2.0,0,0,0,1,31.0,2.0,0,0,0,0,15.0,2.0,0,0,1,1,9.0,2.0,0,1,1,1,16.0,2.0,0,0,0,1
671,613,613,2024,40,1,1.0,1.0,False,4,ZUMBI,39.0,4.0,0,0,0,0,50.0,4.0,0,0,0,0,40.0,2.0,0,0,0,0,44.0,2.0,0,0,0,0,43.0,2.0,0,0,0,0,35.0,3.0,0,0,0,0,11.0,3.0,0,0,1,1,15.0,3.0,0,0,1,1,8.0,3.0,0,1,1,1,5.0,3.0,1,1,1,1,3.0,3.0,1,1,1,1
671,617,618,2024,44,2,2.0,1.0,True,4,ZUMBI,13.0,2.0,0,0,1,1,25.0,2.0,0,0,0,0,12.0,2.0,0,0,1,1,18.0,2.0,0,0,0,1,20.0,2.0,0,0,0,1,37.0,4.0,0,0,0,0,20.0,4.0,0,0,0,1,19.0,4.0,0,0,0,1,10.0,4.0,0,1,1,1,8.0,4.0,0,1,1,1,8.0,4.0,0,1,1,1
671,621,621,2024,48,1,2.0,2.0,True,4,ZUMBI,17.0,3.0,0,0,0,1,32.0,3.0,0,0,0,0,11.0,2.0,0,0,1,1,20.0,1.0,0,0,0,1,17.0,1.0,0,0,0,1,39.0,4.0,0,0,0,0,20.0,4.0,0,0,0,1,26.0,4.0,0,0,0,0,12.0,4.0,0,0,1,1,9.0,4.0,0,1,1,1,10.0,4.0,0,1,1,1
671,626,626,2025,1,1,1.0,1.0,False,4,ZUMBI,4.0,2.0,1,1,1,1,10.0,2.0,0,1,1,1,18.0,2.0,0,0,0,1,3.0,2.0,1,1,1,1,7.0,2.0,0,1,1,1,73.0,3.0,0,0,0,0,49.0,3.0,0,0,0,0,73.0,3.0,0,0,0,0,73.0,3.0,0,0,0,0,49.0,3.0,0,0,0,0,73.0,3.0,0,0,0,0
671,628,628,2025,3,1,2.0,2.0,False,4,ZUMBI,4.0,4.0,1,1,1,1,10.0,4.0,0,1,1,1,18.0,4.0,0,0,0,1,3.0,4.0,1,1,1,1,7.0,4.0,0,1,1,1,29.0,2.0,0,0,0,0,15.0,2.0,0,0,1,1,14.0,2.0,0,0,1,1,3.0,2.0,1,1,1,1,2.0,2.0,1,1,1,1,7.0,2.0,0,1,1,1
671,640,640,2025,15,1,3.0,3.0,False,4,ZUMBI,36.0,2.0,0,0,0,0,41.0,2.0,0,0,0,0,22.0,2.0,0,0,0,0,35.0,2.0,0,0,0,0,36.0,2.0,0,0,0,0,80.0,1.0,0,0,0,0,49.0,1.0,0,0,0,0,80.0,1.0,0,0,0,0,80.0,1.0,0,0,0,0,49.0,1.0,0,0,0,0,80.0,1.0,0,0,0,0
671,649,649,2025,24,1,3.0,3.0,False,4,ZUMBI,38.0,4.0,0,0,0,0,62.0,4.0,0,0,0,0,45.0,4.0,0,0,0,0,31.0,4.0,0,0,0,0,20.0,4.0,0,0,0,1,37.0,4.0,0,0,0,0,9.0,4.0,0,1,1,1,14.0,4.0,0,0,1,1,4.0,4.0,1,1,1,1,2.0,4.0,1,1,1,1,7.0,4.0,0,1,1,1
671,656,656,2025,31,1,1.0,1.0,False,4,ZUMBI,15.0,4.0,0,0,1,1,17.0,4.0,0,0,0,1,18.0,2.0,0,0,0,1,22.0,4.0,0,0,0,0,32.0,4.0,0,0,0,0,49.0,4.0,0,0,0,0,25.0,4.0,0,0,0,0,22.0,4.0,0,0,0,0,14.0,4.0,0,0,1,1,9.0,4.0,0,1,1,1,13.0,4.0,0,0,1,1
671,665,667,2025,40,3,3.0,1.0,False,4,ZUMBI,82.0,4.0,0,0,0,0,84.0,4.0,0,0,0,0,70.0,4.0,0,0,0,0,79.0,4.0,0,0,0,0,79.0,4.0,0,0,0,0,82.0,3.0,0,0,0,0,40.0,3.0,0,0,0,0,82.0,3.0,0,0,0,0,82.0,3.0,0,0,0,0,40.0,3.0,0,0,0,0,82.0,3.0,0,0,0,0
680,577,577,2024,4,1,4.0,4.0,False,4,CORDEIRO,40.0,3.0,0,0,0,0,57.0,3.0,0,0,0,0,44.0,3.0,0,0,0,0,59.0,2.0,0,0,0,0,65.0,3.0,0,0,0,0,15.0,3.0,0,0,1,1,9.0,3.0,0,1,1,1,14.0,3.0,0,0,1,1,20.0,3.0,0,0,0,1,14.0,3.0,0,0,1,1,14.0,3.0,0,0,1,1
680,585,585,2024,12,1,16.0,16.0,False,4,CORDEIRO,20.0,2.0,0,0,0,1,23.0,4.0,0,0,0,0,16.0,2.0,0,0,0,1,23.0,2.0,0,0,0,0,24.0,2.0,0,0,0,0,16.0,3.0,0,0,0,1,34.0,3.0,0,0,0,0,38.0,3.0,0,0,0,0,51.0,3.0,0,0,0,0,39.0,3.0,0,0,0,0,44.0,3.0,0,0,0,0
680,609,609,2024,36,1,4.0,4.0,False,4,CORDEIRO,25.0,4.0,0,0,0,0,39.0,4.0,0,0,0,0,51.0,1.0,0,0,0,0,50.0,4.0,0,0,0,0,53.0,4.0,0,0,0,0,25.0,3.0,0,0,0,0,7.0,3.0,0,1,1,1,30.0,3.0,0,0,0,0,40.0,3.0,0,0,0,0,24.0,3.0,0,0,0,0,30.0,3.0,0,0,0,0
680,624,624,2024,51,1,4.0,4.0,False,4,CORDEIRO,42.0,1.0,0,0,0,0,59.0,1.0,0,0,0,0,35.0,1.0,0,0,0,0,46.0,1.0,0,0,0,0,43.0,1.0,0,0,0,0,13.0,1.0,0,0,1,1,30.0,2.0,0,0,0,0,24.0,1.0,0,0,0,0,30.0,1.0,0,0,0,0,34.0,2.0,0,0,0,0,24.0,1.0,0,0,0,0
680,626,626,2025,1,1,3.0,3.0,False,4,CORDEIRO,42.0,3.0,0,0,0,0,50.0,1.0,0,0,0,0,35.0,3.0,0,0,0,0,46.0,3.0,0,0,0,0,43.0,3.0,0,0,0,0,4.0,2.0,1,1,1,1,25.0,2.0,0,0,0,0,14.0,2.0,0,0,1,1,21.0,2.0,0,0,0,0,21.0,2.0,0,0,0,0,17.0,2.0,0,0,0,1
680,629,629,2025,4,1,8.0,8.0,False,4,CORDEIRO,4.0,2.0,1,1,1,1,11.0,2.0,0,0,1,1,10.0,2.0,0,1,1,1,5.0,2.0,1,1,1,1,4.0,2.0,1,1,1,1,9.0,2.0,0,1,1,1,16.0,3.0,0,0,0,1,6.0,3.0,0,1,1,1,16.0,3.0,0,0,0,1,14.0,3.0,0,0,1,1,6.0,3.0,0,1,1,1
680,656,656,2025,31,1,4.0,4.0,False,4,CORDEIRO,34.0,2.0,0,0,0,0,60.0,3.0,0,0,0,0,60.0,3.0,0,0,0,0,52.0,2.0,0,0,0,0,60.0,3.0,0,0,0,0,30.0,4.0,0,0,0,0,14.0,1.0,0,0,1,1,42.0,3.0,0,0,0,0,54.0,4.0,0,0,0,0,33.0,1.0,0,0,0,0,45.0,3.0,0,0,0,0
680,658,658,2025,33,1,4.0,4.0,False,4,CORDEIRO,25.0,2.0,0,0,0,0,46.0,2.0,0,0,0,0,49.0,2.0,0,0,0,0,29.0,2.0,0,0,0,0,46.0,2.0,0,0,0,0,23.0,2.0,0,0,0,0,6.0,2.0,0,1,1,1,18.0,2.0,0,0,0,1,43.0,2.0,0,0,0,0,20.0,2.0,0,0,0,1,20.0,2.0,0,0,0,1
680,661,661,2025,36,1,4.0,4.0,False,4,CORDEIRO,50.0,1.0,0,0,0,0,62.0,1.0,0,0,0,0,54.0,1.0,0,0,0,0,47.0,1.0,0,0,0,0,44.0,1.0,0,0,0,0,32.0,3.0,0,0,0,0,10.0,3.0,0,1,1,1,38.0,3.0,0,0,0,0,59.0,3.0,0,0,0,0,30.0,1.0,0,0,0,0,45.0,3.0,0,0,0,0
680,667,667,2025,42,1,6.0,6.0,False,4,CORDEIRO,45.0,4.0,0,0,0,0,42.0,4.0,0,0,0,0,56.0,4.0,0,0,0,0,57.0,4.0,0,0,0,0,44.0,4.0,0,0,0,0,33.0,3.0,0,0,0,0,35.0,3.0,0,0,0,0,57.0,4.0,0,0,0,0,58.0,3.0,0,0,0,0,36.0,3.0,0,0,0,0,58.0,3.0,0,0,0,0
698,598,598,2024,25,1,17.0,17.0,False,4,IPUTINGA,7.0,1.0,0,1,1,1,6.0,1.0,0,1,1,1,5.0,1.0,1,1,1,1,17.0,1.0,0,0,0,1,11.0,1.0,0,0,1,1,2.0,4.0,1,1,1,1,12.0,2.0,0,0,1,1,13.0,2.0,0,0,1,1,18.0,2.0,0,0,0,1,16.0,2.0,0,0,0,1,19.0,2.0,0,0,0,1
698,601,603,2024,28,3,26.0,12.0,False,4,IPUTINGA,7.0,4.0,0,1,1,1,6.0,4.0,0,1,1,1,3.0,2.0,1,1,1,1,6.0,2.0,0,1,1,1,6.0,2.0,0,1,1,1,3.0,4.0,1,1,1,1,25.0,1.0,0,0,0,0,9.0,3.0,0,1,1,1,16.0,3.0,0,0,0,1,22.0,3.0,0,0,0,0,13.0,3.0,0,0,1,1
698,606,607,2024,33,2,16.0,9.0,True,4,IPUTINGA,3.0,2.0,1,1,1,1,2.0,2.0,1,1,1,1,2.0,2.0,1,1,1,1,2.0,2.0,1,1,1,1,2.0,2.0,1,1,1,1,2.0,4.0,1,1,1,1,54.0,3.0,0,0,0,0,2.0,3.0,1,1,1,1,20.0,3.0,0,0,0,1,54.0,3.0,0,0,0,0,6.0,3.0,0,1,1,1
698,613,613,2024,40,1,6.0,6.0,False,4,IPUTINGA,2.0,4.0,1,1,1,1,1.0,4.0,1,1,1,1,8.0,4.0,0,1,1,1,2.0,4.0,1,1,1,1,2.0,4.0,1,1,1,1,4.0,1.0,1,1,1,1,10.0,2.0,0,1,1,1,7.0,1.0,0,1,1,1,19.0,1.0,0,0,0,1,15.0,2.0,0,0,1,1,14.0,1.0,0,0,1,1
698,649,649,2025,24,1,16.0,16.0,False,4,IPUTINGA,83.0,1.0,0,0,0,0,74.0,1.0,0,0,0,0,69.0,4.0,0,0,0,0,87.0,3.0,0,0,0,0,83.0,1.0,0,0,0,0,7.0,1.0,0,1,1,1,13.0,1.0,0,0,1,1,39.0,1.0,0,0,0,0,36.0,4.0,0,0,0,0,28.0,1.0,0,0,0,0,40.0,4.0,0,0,0,0
698,658,658,2025,33,1,16.0,16.0,False,4,IPUTINGA,8.0,3.0,0,1,1,1,8.0,3.0,0,1,1,1,13.0,3.0,0,0,1,1,8.0,3.0,0,1,1,1,5.0,3.0,1,1,1,1,11.0,3.0,0,0,1,1,24.0,4.0,0,0,0,0,18.0,3.0,0,0,0,1,45.0,3.0,0,0,0,0,32.0,4.0,0,0,0,0,29.0,3.0,0,0,0,0
698,666,666,2025,41,1,9.0,9.0,False,4,IPUTINGA,25.0,4.0,0,0,0,0,20.0,1.0,0,0,0,1,12.0,4.0,0,0,1,1,10.0,4.0,0,1,1,1,14.0,4.0,0,0,1,1,19.0,1.0,0,0,0,1,22.0,4.0,0,0,0,0,39.0,1.0,0,0,0,0,54.0,4.0,0,0,0,0,23.0,4.0,0,0,0,0,48.0,4.0,0,0,0,0
701,550,550,2023,29,1,9.0,9.0,False,4,TORROES,1.0,1.0,1,1,1,1,1.0,1.0,1,1,1,1,1.0,1.0,1,1,1,1,1.0,1.0,1,1,1,1,1.0,1.0,1,1,1,1,1.0,4.0,1,1,1,1,1.0,4.0,1,1,1,1,3.0,2.0,1,1,1,1,2.0,4.0,1,1,1,1,2.0,4.0,1,1,1,1,6.0,4.0,0,1,1,1
701,554,554,2023,33,1,6.0,6.0,True,4,TORROES,1.0,3.0,1,1,1,1,1.0,3.0,1,1,1,1,1.0,3.0,1,1,1,1,1.0,3.0,1,1,1,1,1.0,3.0,1,1,1,1,1.0,4.0,1,1,1,1,9.0,4.0,0,1,1,1,1.0,4.0,1,1,1,1,2.0,4.0,1,1,1,1,3.0,4.0,1,1,1,1,1.0,4.0,1,1,1,1
701,556,556,2023,35,1,6.0,6.0,False,4,TORROES,1.0,4.0,1,1,1,1,1.0,4.0,1,1,1,1,1.0,3.0,1,1,1,1,1.0,4.0,1,1,1,1,1.0,4.0,1,1,1,1,2.0,2.0,1,1,1,1,21.0,2.0,0,0,0,0,5.0,4.0,1,1,1,1,10.0,2.0,0,1,1,1,17.0,2.0,0,0,0,1,10.0,4.0,0,1,1,1
701,558,558,2023,37,1,10.0,10.0,True,4,TORROES,1.0,1.0,1,1,1,1,1.0,1.0,1,1,1,1,2.0,1.0,1,1,1,1,1.0,3.0,1,1,1,1,1.0,3.0,1,1,1,1,1.0,2.0,1,1,1,1,7.0,2.0,0,1,1,1,4.0,2.0,1,1,1,1,4.0,2.0,1,1,1,1,5.0,2.0,1,1,1,1,5.0,2.0,1,1,1,1
701,582,583,2024,9,2,31.0,19.0,False,4,TORROES,10.0,3.0,0,1,1,1,12.0,4.0,0,0,1,1,6.0,4.0,0,1,1,1,17.0,4.0,0,0,0,1,15.0,4.0,0,0,1,1,7.0,4.0,0,1,1,1,22.0,2.0,0,0,0,0,15.0,4.0,0,0,1,1,19.0,4.0,0,0,0,1,22.0,4.0,0,0,0,0,16.0,4.0,0,0,0,1
701,585,585,2024,12,1,15.0,15.0,False,4,TORROES,19.0,4.0,0,0,0,1,22.0,4.0,0,0,0,0,7.0,1.0,0,1,1,1,33.0,4.0,0,0,0,0,35.0,4.0,0,0,0,0,8.0,2.0,0,1,1,1,22.0,2.0,0,0,0,0,5.0,2.0,1,1,1,1,20.0,2.0,0,0,0,1,17.0,2.0,0,0,0,1,8.0,2.0,0,1,1,1
701,627,629,2025,2,3,20.0,8.0,False,4,TORROES,23.0,4.0,0,0,0,0,49.0,4.0,0,0,0,0,38.0,3.0,0,0,0,0,68.0,2.0,0,0,0,0,63.0,3.0,0,0,0,0,5.0,3.0,1,1,1,1,2.0,3.0,1,1,1,1,17.0,3.0,0,0,0,1,19.0,3.0,0,0,0,1,14.0,3.0,0,0,1,1,23.0,3.0,0,0,0,0
701,654,654,2025,29,1,8.0,8.0,False,4,TORROES,66.0,1.0,0,0,0,0,69.0,1.0,0,0,0,0,81.0,1.0,0,0,0,0,84.0,1.0,0,0,0,0,81.0,4.0,0,0,0,0,30.0,4.0,0,0,0,0,17.0,4.0,0,0,0,1,47.0,3.0,0,0,0,0,47.0,4.0,0,0,0,0,17.0,4.0,0,0,0,1,47.0,3.0,0,0,0,0
701,659,659,2025,34,1,8.0,8.0,False,4,TORROES,4.0,4.0,1,1,1,1,10.0,4.0,0,1,1,1,10.0,4.0,0,1,1,1,5.0,4.0,1,1,1,1,10.0,4.0,0,1,1,1,39.0,4.0,0,0,0,0,48.0,3.0,0,0,0,0,46.0,4.0,0,0,0,0,56.0,3.0,0,0,0,0,48.0,3.0,0,0,0,0,48.0,4.0,0,0,0,0
710,548,548,2023,27,1,3.0,3.0,False,4,ENGENHO DO MEIO,28.0,1.0,0,0,0,0,35.0,1.0,0,0,0,0,25.0,2.0,0,0,0,0,31.0,1.0,0,0,0,0,34.0,1.0,0,0,0,0,24.0,1.0,0,0,0,0,12.0,1.0,0,0,1,1,12.0,3.0,0,0,1,1,5.0,3.0,1,1,1,1,2.0,3.0,1,1,1,1,12.0,3.0,0,0,1,1
710,559,559,2023,38,1,2.0,2.0,False,4,ENGENHO DO MEIO,14.0,1.0,0,0,1,1,18.0,1.0,0,0,0,1,10.0,2.0,0,1,1,1,16.0,4.0,0,0,0,1,19.0,4.0,0,0,0,1,30.0,4.0,0,0,0,0,16.0,4.0,0,0,0,1,12.0,2.0,0,0,1,1,19.0,4.0,0,0,0,1,11.0,4.0,0,0,1,1,9.0,2.0,0,1,1,1
710,568,568,2023,47,1,2.0,2.0,False,4,ENGENHO DO MEIO,7.0,3.0,0,1,1,1,10.0,3.0,0,1,1,1,8.0,4.0,0,1,1,1,11.0,4.0,0,0,1,1,12.0,4.0,0,0,1,1,27.0,4.0,0,0,0,0,10.0,4.0,0,1,1,1,17.0,4.0,0,0,0,1,9.0,4.0,0,1,1,1,7.0,4.0,0,1,1,1,15.0,4.0,0,0,1,1
710,582,583,2024,9,2,23.0,14.0,False,4,ENGENHO DO MEIO,43.0,1.0,0,0,0,0,43.0,3.0,0,0,0,0,39.0,3.0,0,0,0,0,37.0,1.0,0,0,0,0,51.0,1.0,0,0,0,0,36.0,4.0,0,0,0,0,16.0,4.0,0,0,0,1,19.0,4.0,0,0,0,1,17.0,4.0,0,0,0,1,13.0,4.0,0,0,1,1,14.0,4.0,0,0,1,1
710,587,588,2024,14,2,11.0,8.0,True,4,ENGENHO DO MEIO,3.0,3.0,1,1,1,1,6.0,3.0,0,1,1,1,12.0,2.0,0,0,1,1,2.0,2.0,1,1,1,1,8.0,3.0,0,1,1,1,19.0,4.0,0,0,0,1,12.0,1.0,0,0,1,1,9.0,4.0,0,1,1,1,3.0,4.0,1,1,1,1,15.0,1.0,0,0,1,1,12.0,4.0,0,0,1,1
710,601,602,2024,28,2,6.0,4.0,False,4,ENGENHO DO MEIO,25.0,2.0,0,0,0,0,20.0,2.0,0,0,0,1,28.0,2.0,0,0,0,0,29.0,2.0,0,0,0,0,22.0,2.0,0,0,0,0,35.0,1.0,0,0,0,0,6.0,3.0,0,1,1,1,13.0,1.0,0,0,1,1,17.0,1.0,0,0,0,1,16.0,3.0,0,0,0,1,12.0,1.0,0,0,1,1
710,606,606,2024,33,1,2.0,2.0,True,4,ENGENHO DO MEIO,1.0,3.0,1,1,1,1,1.0,3.0,1,1,1,1,1.0,3.0,1,1,1,1,1.0,3.0,1,1,1,1,1.0,3.0,1,1,1,1,21.0,4.0,0,0,0,0,15.0,1.0,0,0,1,1,10.0,4.0,0,1,1,1,13.0,4.0,0,0,1,1,11.0,1.0,0,0,1,1,11.0,4.0,0,0,1,1
710,660,660,2025,35,1,3.0,3.0,False,4,ENGENHO DO MEIO,55.0,4.0,0,0,0,0,64.0,4.0,0,0,0,0,67.0,1.0,0,0,0,0,60.0,4.0,0,0,0,0,69.0,4.0,0,0,0,0,61.0,1.0,0,0,0,0,14.0,1.0,0,0,1,1,61.0,1.0,0,0,0,0,57.0,1.0,0,0,0,0,21.0,1.0,0,0,0,0,59.0,1.0,0,0,0,0
728,559,559,2023,38,1,1.0,1.0,False,4,CIDADE UNIVERSITARIA,55.0,1.0,0,0,0,0,47.0,1.0,0,0,0,0,55.0,3.0,0,0,0,0,55.0,1.0,0,0,0,0,49.0,3.0,0,0,0,0,78.0,2.0,0,0,0,0,54.0,3.0,0,0,0,0,78.0,2.0,0,0,0,0,78.0,2.0,0,0,0,0,54.0,3.0,0,0,0,0,78.0,2.0,0,0,0,0
728,582,582,2024,9,1,2.0,2.0,False,4,CIDADE UNIVERSITARIA,39.0,4.0,0,0,0,0,42.0,2.0,0,0,0,0,72.0,4.0,0,0,0,0,41.0,4.0,0,0,0,0,43.0,2.0,0,0,0,0,80.0,4.0,0,0,0,0,56.0,4.0,0,0,0,0,80.0,4.0,0,0,0,0,80.0,4.0,0,0,0,0,56.0,4.0,0,0,0,0,80.0,4.0,0,0,0,0
728,584,584,2024,11,1,2.0,2.0,False,4,CIDADE UNIVERSITARIA,24.0,1.0,0,0,0,0,24.0,1.0,0,0,0,0,31.0,1.0,0,0,0,0,14.0,1.0,0,0,1,1,14.0,1.0,0,0,1,1,66.0,2.0,0,0,0,0,12.0,2.0,0,0,1,1,9.0,2.0,0,1,1,1,7.0,2.0,0,1,1,1,3.0,2.0,1,1,1,1,13.0,2.0,0,0,1,1
728,619,619,2024,46,1,1.0,1.0,False,4,CIDADE UNIVERSITARIA,53.0,3.0,0,0,0,0,46.0,3.0,0,0,0,0,52.0,3.0,0,0,0,0,52.0,1.0,0,0,0,0,45.0,1.0,0,0,0,0,80.0,3.0,0,0,0,0,53.0,3.0,0,0,0,0,80.0,3.0,0,0,0,0,80.0,3.0,0,0,0,0,53.0,3.0,0,0,0,0,80.0,3.0,0,0,0,0
728,628,628,2025,3,1,1.0,1.0,False,4,CIDADE UNIVERSITARIA,36.0,3.0,0,0,0,0,24.0,3.0,0,0,0,0,13.0,3.0,0,0,1,1,19.0,3.0,0,0,0,1,25.0,3.0,0,0,0,0,76.0,2.0,0,0,0,0,55.0,3.0,0,0,0,0,76.0,2.0,0,0,0,0,76.0,2.0,0,0,0,0,55.0,3.0,0,0,0,0,76.0,2.0,0,0,0,0
728,660,660,2025,35,1,2.0,2.0,False,4,CIDADE UNIVERSITARIA,91.0,3.0,0,0,0,0,84.0,3.0,0,0,0,0,86.0,4.0,0,0,0,0,91.0,2.0,0,0,0,0,86.0,4.0,0,0,0,0,84.0,4.0,0,0,0,0,50.0,4.0,0,0,0,0,84.0,4.0,0,0,0,0,84.0,4.0,0,0,0,0,50.0,4.0,0,0,0,0,84.0,4.0,0,0,0,0
728,669,669,2025,44,1,1.0,1.0,False,4,CIDADE UNIVERSITARIA,55.0,2.0,0,0,0,0,57.0,2.0,0,0,0,0,63.0,4.0,0,0,0,0,62.0,2.0,0,0,0,0,56.0,2.0,0,0,0,0,85.0,4.0,0,0,0,0,38.0,1.0,0,0,0,0,85.0,4.0,0,0,0,0,85.0,4.0,0,0,0,0,38.0,1.0,0,0,0,0,85.0,4.0,0,0,0,0
736,556,556,2023,35,1,4.0,4.0,False,4,VARZEA,31.0,1.0,0,0,0,0,24.0,1.0,0,0,0,0,23.0,1.0,0,0,0,0,23.0,1.0,0,0,0,0,23.0,1.0,0,0,0,0,7.0,2.0,0,1,1,1,9.0,2.0,0,1,1,1,8.0,1.0,0,1,1,1,30.0,2.0,0,0,0,0,23.0,2.0,0,0,0,0,14.0,1.0,0,0,1,1
736,560,560,2023,39,1,4.0,4.0,True,4,VARZEA,2.0,2.0,1,1,1,1,1.0,2.0,1,1,1,1,10.0,2.0,0,1,1,1,4.0,2.0,1,1,1,1,3.0,2.0,1,1,1,1,4.0,4.0,1,1,1,1,19.0,4.0,0,0,0,1,6.0,3.0,0,1,1,1,23.0,4.0,0,0,0,0,18.0,4.0,0,0,0,1,8.0,4.0,0,1,1,1
736,588,588,2024,15,1,55.0,55.0,False,4,VARZEA,91.0,3.0,0,0,0,0,88.0,2.0,0,0,0,0,84.0,4.0,0,0,0,0,91.0,4.0,0,0,0,0,91.0,2.0,0,0,0,0,1.0,1.0,1,1,1,1,5.0,1.0,1,1,1,1,22.0,1.0,0,0,0,0,16.0,1.0,0,0,0,1,10.0,1.0,0,1,1,1,35.0,1.0,0,0,0,0
736,598,598,2024,25,1,18.0,18.0,False,4,VARZEA,90.0,1.0,0,0,0,0,92.0,1.0,0,0,0,0,90.0,1.0,0,0,0,0,73.0,1.0,0,0,0,0,87.0,1.0,0,0,0,0,1.0,1.0,1,1,1,1,8.0,1.0,0,1,1,1,15.0,1.0,0,0,1,1,17.0,1.0,0,0,0,1,20.0,1.0,0,0,0,1,21.0,1.0,0,0,0,0
736,600,601,2024,27,2,29.0,15.0,False,4,VARZEA,69.0,2.0,0,0,0,0,90.0,1.0,0,0,0,0,69.0,1.0,0,0,0,0,57.0,1.0,0,0,0,0,69.0,1.0,0,0,0,0,1.0,3.0,1,1,1,1,8.0,3.0,0,1,1,1,10.0,2.0,0,1,1,1,17.0,3.0,0,0,0,1,20.0,3.0,0,0,0,1,15.0,2.0,0,0,1,1
736,607,608,2024,34,2,15.0,9.0,False,4,VARZEA,61.0,3.0,0,0,0,0,59.0,3.0,0,0,0,0,45.0,3.0,0,0,0,0,43.0,3.0,0,0,0,0,37.0,3.0,0,0,0,0,4.0,3.0,1,1,1,1,18.0,3.0,0,0,0,1,5.0,3.0,1,1,1,1,26.0,3.0,0,0,0,0,21.0,3.0,0,0,0,0,8.0,3.0,0,1,1,1
736,612,612,2024,39,1,12.0,12.0,True,4,VARZEA,4.0,1.0,1,1,1,1,3.0,1.0,1,1,1,1,2.0,2.0,1,1,1,1,3.0,1.0,1,1,1,1,2.0,1.0,1,1,1,1,4.0,4.0,1,1,1,1,53.0,2.0,0,0,0,0,4.0,4.0,1,1,1,1,30.0,1.0,0,0,0,0,53.0,2.0,0,0,0,0,11.0,2.0,0,0,1,1
736,614,614,2024,41,1,7.0,7.0,False,4,VARZEA,4.0,3.0,1,1,1,1,3.0,3.0,1,1,1,1,2.0,4.0,1,1,1,1,3.0,3.0,1,1,1,1,2.0,3.0,1,1,1,1,1.0,2.0,1,1,1,1,1.0,2.0,1,1,1,1,1.0,2.0,1,1,1,1,9.0,2.0,0,1,1,1,10.0,2.0,0,1,1,1,3.0,2.0,1,1,1,1
736,626,626,2025,1,1,13.0,13.0,False,4,VARZEA,67.0,1.0,0,0,0,0,83.0,4.0,0,0,0,0,78.0,4.0,0,0,0,0,73.0,4.0,0,0,0,0,73.0,4.0,0,0,0,0,1.0,4.0,1,1,1,1,28.0,2.0,0,0,0,0,10.0,4.0,0,1,1,1,26.0,1.0,0,0,0,0,28.0,2.0,0,0,0,0,24.0,1.0,0,0,0,0
736,630,630,2025,5,1,11.0,11.0,True,4,VARZEA,77.0,2.0,0,0,0,0,78.0,2.0,0,0,0,0,67.0,2.0,0,0,0,0,78.0,2.0,0,0,0,0,81.0,2.0,0,0,0,0,1.0,4.0,1,1,1,1,4.0,4.0,1,1,1,1,3.0,4.0,1,1,1,1,4.0,4.0,1,1,1,1,3.0,4.0,1,1,1,1,5.0,4.0,1,1,1,1
736,649,649,2025,24,1,25.0,25.0,False,4,VARZEA,94.0,4.0,0,0,0,0,94.0,4.0,0,0,0,0,93.0,4.0,0,0,0,0,93.0,4.0,0,0,0,0,93.0,4.0,0,0,0,0,6.0,3.0,0,1,1,1,27.0,3.0,0,0,0,0,45.0,4.0,0,0,0,0,37.0,3.0,0,0,0,0,29.0,3.0,0,0,0,0,45.0,4.0,0,0,0,0
736,658,658,2025,33,1,9.0,9.0,False,4,VARZEA,78.0,2.0,0,0,0,0,78.0,1.0,0,0,0,0,86.0,1.0,0,0,0,0,75.0,4.0,0,0,0,0,76.0,4.0,0,0,0,0,11.0,4.0,0,0,1,1,26.0,4.0,0,0,0,0,27.0,2.0,0,0,0,0,45.0,4.0,0,0,0,0,31.0,4.0,0,0,0,0,36.0,4.0,0,0,0,0
736,660,661,2025,35,2,15.0,9.0,False,4,VARZEA,75.0,1.0,0,0,0,0,68.0,1.0,0,0,0,0,81.0,1.0,0,0,0,0,64.0,1.0,0,0,0,0,71.0,1.0,0,0,0,0,12.0,2.0,0,0,1,1,20.0,2.0,0,0,0,1,21.0,2.0,0,0,0,0,53.0,2.0,0,0,0,0,35.0,2.0,0,0,0,0,26.0,2.0,0,0,0,0
736,666,669,2025,41,4,54.0,22.0,False,4,VARZEA,10.0,3.0,0,1,1,1,15.0,3.0,0,0,1,1,7.0,3.0,0,1,1,1,18.0,4.0,0,0,0,1,7.0,4.0,0,1,1,1,20.0,1.0,0,0,0,1,36.0,2.0,0,0,0,0,28.0,4.0,0,0,0,0,55.0,4.0,0,0,0,0,37.0,2.0,0,0,0,0,39.0,4.0,0,0,0,0
744,554,554,2023,33,1,2.0,2.0,False,4,CAXANGA,12.0,2.0,0,0,1,1,12.0,2.0,0,0,1,1,14.0,2.0,0,0,1,1,26.0,4.0,0,0,0,0,20.0,2.0,0,0,0,1,30.0,2.0,0,0,0,0,18.0,2.0,0,0,0,1,6.0,2.0,0,1,1,1,24.0,2.0,0,0,0,0,15.0,2.0,0,0,1,1,8.0,2.0,0,1,1,1
744,558,558,2023,37,1,3.0,3.0,True,4,CAXANGA,6.0,2.0,0,1,1,1,4.0,2.0,1,1,1,1,9.0,2.0,0,1,1,1,17.0,2.0,0,0,0,1,16.0,2.0,0,0,0,1,18.0,4.0,0,0,0,1,7.0,4.0,0,1,1,1,3.0,4.0,1,1,1,1,13.0,4.0,0,0,1,1,8.0,4.0,0,1,1,1,9.0,4.0,0,1,1,1
744,560,560,2023,39,1,3.0,3.0,False,4,CAXANGA,6.0,4.0,0,1,1,1,4.0,4.0,1,1,1,1,9.0,4.0,0,1,1,1,17.0,4.0,0,0,0,1,16.0,4.0,0,0,0,1,8.0,2.0,0,1,1,1,4.0,2.0,1,1,1,1,1.0,2.0,1,1,1,1,6.0,2.0,0,1,1,1,5.0,2.0,1,1,1,1,3.0,2.0,1,1,1,1
744,587,591,2024,14,5,49.0,15.0,False,4,CAXANGA,7.0,4.0,0,1,1,1,10.0,4.0,0,1,1,1,29.0,4.0,0,0,0,0,32.0,4.0,0,0,0,0,37.0,4.0,0,0,0,0,36.0,4.0,0,0,0,0,38.0,1.0,0,0,0,0,50.0,4.0,0,0,0,0,41.0,1.0,0,0,0,0,38.0,1.0,0,0,0,0,62.0,1.0,0,0,0,0
744,598,598,2024,25,1,8.0,8.0,False,4,CAXANGA,29.0,2.0,0,0,0,0,36.0,3.0,0,0,0,0,38.0,3.0,0,0,0,0,38.0,3.0,0,0,0,0,40.0,3.0,0,0,0,0,35.0,1.0,0,0,0,0,11.0,4.0,0,0,1,1,40.0,1.0,0,0,0,0,34.0,1.0,0,0,0,0,21.0,4.0,0,0,0,0,50.0,1.0,0,0,0,0
744,600,601,2024,27,2,9.0,5.0,False,4,CAXANGA,2.0,1.0,1,1,1,1,5.0,1.0,1,1,1,1,6.0,1.0,0,1,1,1,2.0,1.0,1,1,1,1,7.0,1.0,0,1,1,1,8.0,2.0,0,1,1,1,7.0,2.0,0,1,1,1,5.0,2.0,1,1,1,1,8.0,2.0,0,1,1,1,8.0,2.0,0,1,1,1,10.0,2.0,0,1,1,1
744,603,603,2024,30,1,4.0,4.0,False,4,CAXANGA,2.0,4.0,1,1,1,1,1.0,1.0,1,1,1,1,1.0,1.0,1,1,1,1,1.0,1.0,1,1,1,1,1.0,1.0,1,1,1,1,9.0,3.0,0,1,1,1,12.0,3.0,0,0,1,1,1.0,3.0,1,1,1,1,5.0,3.0,1,1,1,1,3.0,3.0,1,1,1,1,2.0,3.0,1,1,1,1
744,605,605,2024,32,1,2.0,2.0,True,4,CAXANGA,2.0,3.0,1,1,1,1,1.0,3.0,1,1,1,1,1.0,3.0,1,1,1,1,1.0,3.0,1,1,1,1,1.0,3.0,1,1,1,1,15.0,2.0,0,0,1,1,9.0,2.0,0,1,1,1,1.0,2.0,1,1,1,1,4.0,2.0,1,1,1,1,7.0,2.0,0,1,1,1,1.0,2.0,1,1,1,1
744,614,616,2024,41,3,8.0,3.0,False,4,CAXANGA,28.0,4.0,0,0,0,0,42.0,4.0,0,0,0,0,40.0,2.0,0,0,0,0,50.0,4.0,0,0,0,0,50.0,4.0,0,0,0,0,31.0,3.0,0,0,0,0,12.0,3.0,0,0,1,1,18.0,3.0,0,0,0,1,23.0,3.0,0,0,0,0,12.0,3.0,0,0,1,1,21.0,3.0,0,0,0,0
744,618,618,2024,45,1,3.0,3.0,True,4,CAXANGA,2.0,1.0,1,1,1,1,2.0,1.0,1,1,1,1,3.0,1.0,1,1,1,1,4.0,1.0,1,1,1,1,2.0,1.0,1,1,1,1,8.0,2.0,0,1,1,1,3.0,4.0,1,1,1,1,1.0,3.0,1,1,1,1,6.0,2.0,0,1,1,1,10.0,4.0,0,1,1,1,7.0,3.0,0,1,1,1
744,622,622,2024,49,1,3.0,3.0,True,4,CAXANGA,2.0,1.0,1,1,1,1,2.0,1.0,1,1,1,1,3.0,1.0,1,1,1,1,3.0,1.0,1,1,1,1,2.0,1.0,1,1,1,1,21.0,4.0,0,0,0,0,17.0,1.0,0,0,0,1,12.0,4.0,0,0,1,1,14.0,4.0,0,0,1,1,14.0,1.0,0,0,1,1,18.0,4.0,0,0,0,1
744,625,625,2024,52,1,2.0,2.0,False,4,CAXANGA,2.0,4.0,1,1,1,1,2.0,4.0,1,1,1,1,3.0,4.0,1,1,1,1,3.0,4.0,1,1,1,1,2.0,4.0,1,1,1,1,9.0,3.0,0,1,1,1,17.0,4.0,0,0,0,1,2.0,3.0,1,1,1,1,12.0,3.0,0,0,1,1,11.0,3.0,0,0,1,1,5.0,3.0,1,1,1,1
744,649,649,2025,24,1,9.0,9.0,False,4,CAXANGA,30.0,4.0,0,0,0,0,29.0,4.0,0,0,0,0,21.0,4.0,0,0,0,0,23.0,4.0,0,0,0,0,17.0,4.0,0,0,0,1,22.0,2.0,0,0,0,0,7.0,2.0,0,1,1,1,21.0,2.0,0,0,0,0,15.0,2.0,0,0,1,1,12.0,2.0,0,0,1,1,29.0,2.0,0,0,0,0
744,658,658,2025,33,1,4.0,4.0,False,4,CAXANGA,10.0,3.0,0,1,1,1,9.0,3.0,0,1,1,1,7.0,3.0,0,1,1,1,7.0,3.0,0,1,1,1,6.0,3.0,0,1,1,1,37.0,4.0,0,0,0,0,5.0,4.0,1,1,1,1,24.0,3.0,0,0,0,0,36.0,4.0,0,0,0,0,20.0,4.0,0,0,0,1,24.0,3.0,0,0,0,0
744,660,660,2025,35,1,5.0,5.0,False,4,CAXANGA,11.0,1.0,0,0,1,1,13.0,1.0,0,0,1,1,6.0,1.0,0,1,1,1,13.0,1.0,0,0,1,1,12.0,1.0,0,0,1,1,33.0,2.0,0,0,0,0,2.0,2.0,1,1,1,1,7.0,2.0,0,1,1,1,32.0,2.0,0,0,0,0,10.0,2.0,0,1,1,1,11.0,2.0,0,0,1,1
744,667,667,2025,42,1,4.0,4.0,False,4,CAXANGA,15.0,2.0,0,0,1,1,17.0,4.0,0,0,0,1,12.0,4.0,0,0,1,1,19.0,4.0,0,0,0,1,18.0,4.0,0,0,0,1,50.0,1.0,0,0,0,0,14.0,1.0,0,0,1,1,53.0,1.0,0,0,0,0,52.0,1.0,0,0,0,0,20.0,1.0,0,0,0,1,52.0,4.0,0,0,0,0
744,675,675,2025,50,1,2.0,2.0,False,4,CAXANGA,6.0,2.0,0,1,1,1,9.0,2.0,0,1,1,1,11.0,2.0,0,0,1,1,12.0,2.0,0,0,1,1,12.0,2.0,0,0,1,1,56.0,3.0,0,0,0,0,20.0,3.0,0,0,0,1,40.0,3.0,0,0,0,0,49.0,3.0,0,0,0,0,26.0,3.0,0,0,0,0,40.0,3.0,0,0,0,0
752,523,524,2023,2,2,3.0,2.0,False,5,CURADO,39.0,1.0,0,0,0,0,58.0,1.0,0,0,0,0,46.0,1.0,0,0,0,0,46.0,1.0,0,0,0,0,39.0,1.0,0,0,0,0,76.0,1.0,0,0,0,0,65.0,1.0,0,0,0,0,76.0,1.0,0,0,0,0,76.0,1.0,0,0,0,0,62.0,1.0,0,0,0,0,76.0,1.0,0,0,0,0
752,549,549,2023,28,1,2.0,2.0,False,5,CURADO,61.0,2.0,0,0,0,0,60.0,2.0,0,0,0,0,39.0,3.0,0,0,0,0,31.0,3.0,0,0,0,0,17.0,3.0,0,0,0,1,22.0,3.0,0,0,0,0,11.0,3.0,0,0,1,1,5.0,3.0,1,1,1,1,18.0,3.0,0,0,0,1,11.0,3.0,0,0,1,1,5.0,3.0,1,1,1,1
752,552,552,2023,31,1,3.0,3.0,False,5,CURADO,5.0,2.0,1,1,1,1,8.0,2.0,0,1,1,1,3.0,2.0,1,1,1,1,5.0,2.0,1,1,1,1,2.0,2.0,1,1,1,1,21.0,3.0,0,0,0,0,9.0,3.0,0,1,1,1,3.0,3.0,1,1,1,1,19.0,3.0,0,0,0,1,16.0,3.0,0,0,0,1,3.0,3.0,1,1,1,1
752,558,558,2023,37,1,2.0,2.0,False,5,CURADO,8.0,1.0,0,1,1,1,19.0,1.0,0,0,0,1,8.0,1.0,0,1,1,1,7.0,3.0,0,1,1,1,8.0,2.0,0,1,1,1,32.0,3.0,0,0,0,0,17.0,3.0,0,0,0,1,13.0,1.0,0,0,1,1,27.0,1.0,0,0,0,0,19.0,3.0,0,0,0,1,12.0,1.0,0,0,1,1
752,560,561,2023,39,2,4.0,2.0,False,5,CURADO,8.0,3.0,0,1,1,1,19.0,3.0,0,0,0,1,4.0,1.0,1,1,1,1,9.0,3.0,0,1,1,1,8.0,4.0,0,1,1,1,17.0,2.0,0,0,0,1,19.0,3.0,0,0,0,1,4.0,2.0,1,1,1,1,16.0,2.0,0,0,0,1,20.0,2.0,0,0,0,1,4.0,2.0,1,1,1,1
752,563,563,2023,42,1,6.0,6.0,False,5,CURADO,5.0,2.0,1,1,1,1,9.0,2.0,0,1,1,1,1.0,1.0,1,1,1,1,2.0,2.0,1,1,1,1,2.0,2.0,1,1,1,1,11.0,3.0,0,0,1,1,2.0,3.0,1,1,1,1,4.0,3.0,1,1,1,1,10.0,2.0,0,1,1,1,10.0,3.0,0,1,1,1,5.0,3.0,1,1,1,1
752,565,565,2023,44,1,3.0,3.0,True,5,CURADO,4.0,1.0,1,1,1,1,9.0,4.0,0,1,1,1,1.0,3.0,1,1,1,1,2.0,4.0,1,1,1,1,2.0,4.0,1,1,1,1,1.0,2.0,1,1,1,1,1.0,2.0,1,1,1,1,1.0,2.0,1,1,1,1,5.0,2.0,1,1,1,1,5.0,2.0,1,1,1,1,2.0,2.0,1,1,1,1
752,570,570,2023,49,1,2.0,2.0,False,5,CURADO,2.0,4.0,1,1,1,1,1.0,4.0,1,1,1,1,7.0,4.0,0,1,1,1,4.0,4.0,1,1,1,1,2.0,4.0,1,1,1,1,80.0,1.0,0,0,0,0,56.0,3.0,0,0,0,0,80.0,1.0,0,0,0,0,80.0,1.0,0,0,0,0,56.0,3.0,0,0,0,0,80.0,1.0,0,0,0,0
752,584,586,2024,11,3,23.0,9.0,False,5,CURADO,7.0,4.0,0,1,1,1,5.0,4.0,1,1,1,1,4.0,4.0,1,1,1,1,4.0,4.0,1,1,1,1,6.0,4.0,0,1,1,1,26.0,4.0,0,0,0,0,30.0,1.0,0,0,0,0,5.0,4.0,1,1,1,1,29.0,4.0,0,0,0,0,32.0,1.0,0,0,0,0,8.0,4.0,0,1,1,1
752,588,592,2024,15,5,23.0,7.0,True,5,CURADO,1.0,1.0,1,1,1,1,1.0,1.0,1,1,1,1,1.0,1.0,1,1,1,1,1.0,1.0,1,1,1,1,3.0,1.0,1,1,1,1,21.0,3.0,0,0,0,0,18.0,4.0,0,0,0,1,4.0,2.0,1,1,1,1,19.0,3.0,0,0,0,1,24.0,4.0,0,0,0,0,5.0,2.0,1,1,1,1
752,594,596,2024,21,3,11.0,5.0,True,5,CURADO,1.0,1.0,1,1,1,1,1.0,1.0,1,1,1,1,1.0,1.0,1,1,1,1,1.0,1.0,1,1,1,1,1.0,1.0,1,1,1,1,21.0,3.0,0,0,0,0,18.0,3.0,0,0,0,1,1.0,2.0,1,1,1,1,19.0,3.0,0,0,0,1,17.0,3.0,0,0,0,1,2.0,3.0,1,1,1,1
752,598,599,2024,25,2,7.0,5.0,True,5,CURADO,2.0,1.0,1,1,1,1,1.0,1.0,1,1,1,1,1.0,1.0,1,1,1,1,1.0,1.0,1,1,1,1,1.0,1.0,1,1,1,1,18.0,4.0,0,0,0,1,2.0,4.0,1,1,1,1,3.0,4.0,1,1,1,1,16.0,4.0,0,0,0,1,9.0,4.0,0,1,1,1,3.0,4.0,1,1,1,1
752,601,603,2024,28,3,8.0,3.0,False,5,CURADO,1.0,2.0,1,1,1,1,1.0,4.0,1,1,1,1,1.0,4.0,1,1,1,1,1.0,4.0,1,1,1,1,1.0,4.0,1,1,1,1,16.0,3.0,0,0,0,1,8.0,3.0,0,1,1,1,3.0,3.0,1,1,1,1,17.0,3.0,0,0,0,1,15.0,3.0,0,0,1,1,4.0,3.0,1,1,1,1
752,605,605,2024,32,1,2.0,2.0,True,5,CURADO,9.0,1.0,0,1,1,1,7.0,1.0,0,1,1,1,5.0,1.0,1,1,1,1,3.0,1.0,1,1,1,1,3.0,1.0,1,1,1,1,11.0,3.0,0,0,1,1,18.0,3.0,0,0,0,1,2.0,3.0,1,1,1,1,15.0,2.0,0,0,1,1,15.0,3.0,0,0,1,1,5.0,3.0,1,1,1,1
752,608,608,2024,35,1,2.0,2.0,False,5,CURADO,8.0,2.0,0,1,1,1,5.0,2.0,1,1,1,1,1.0,2.0,1,1,1,1,2.0,2.0,1,1,1,1,3.0,4.0,1,1,1,1,21.0,3.0,0,0,0,0,4.0,3.0,1,1,1,1,7.0,3.0,0,1,1,1,17.0,3.0,0,0,0,1,9.0,3.0,0,1,1,1,7.0,3.0,0,1,1,1
752,620,620,2024,47,1,2.0,2.0,False,5,CURADO,37.0,4.0,0,0,0,0,41.0,4.0,0,0,0,0,46.0,1.0,0,0,0,0,50.0,4.0,0,0,0,0,55.0,4.0,0,0,0,0,36.0,1.0,0,0,0,0,10.0,1.0,0,1,1,1,21.0,1.0,0,0,0,0,35.0,1.0,0,0,0,0,12.0,1.0,0,0,1,1,18.0,1.0,0,0,0,1
752,622,622,2024,49,1,2.0,2.0,False,5,CURADO,3.0,1.0,1,1,1,1,5.0,1.0,1,1,1,1,5.0,1.0,1,1,1,1,4.0,1.0,1,1,1,1,5.0,1.0,1,1,1,1,20.0,2.0,0,0,0,1,10.0,3.0,0,1,1,1,6.0,2.0,0,1,1,1,24.0,2.0,0,0,0,0,12.0,3.0,0,0,1,1,6.0,2.0,0,1,1,1
752,627,628,2025,2,2,5.0,3.0,False,5,CURADO,10.0,4.0,0,1,1,1,7.0,4.0,0,1,1,1,10.0,2.0,0,1,1,1,7.0,4.0,0,1,1,1,8.0,4.0,0,1,1,1,27.0,2.0,0,0,0,0,10.0,2.0,0,1,1,1,16.0,2.0,0,0,0,1,22.0,2.0,0,0,0,0,15.0,2.0,0,0,1,1,16.0,2.0,0,0,0,1
752,631,631,2025,6,1,3.0,3.0,True,5,CURADO,3.0,2.0,1,1,1,1,2.0,2.0,1,1,1,1,4.0,2.0,1,1,1,1,5.0,2.0,1,1,1,1,4.0,2.0,1,1,1,1,12.0,3.0,0,0,1,1,11.0,4.0,0,0,1,1,2.0,3.0,1,1,1,1,12.0,3.0,0,0,1,1,18.0,4.0,0,0,0,1,3.0,3.0,1,1,1,1
752,657,658,2025,32,2,6.0,3.0,False,5,CURADO,21.0,1.0,0,0,0,0,20.0,1.0,0,0,0,1,12.0,1.0,0,0,1,1,17.0,1.0,0,0,0,1,14.0,1.0,0,0,1,1,41.0,2.0,0,0,0,0,24.0,2.0,0,0,0,0,25.0,2.0,0,0,0,0,42.0,2.0,0,0,0,0,26.0,2.0,0,0,0,0,26.0,2.0,0,0,0,0
752,660,660,2025,35,1,2.0,2.0,False,5,CURADO,16.0,1.0,0,0,0,1,12.0,1.0,0,0,1,1,12.0,4.0,0,0,1,1,6.0,1.0,0,1,1,1,7.0,1.0,0,1,1,1,34.0,3.0,0,0,0,0,37.0,3.0,0,0,0,0,20.0,3.0,0,0,0,1,41.0,3.0,0,0,0,0,35.0,3.0,0,0,0,0,20.0,3.0,0,0,0,1
752,668,668,2025,43,1,2.0,2.0,False,5,CURADO,15.0,4.0,0,0,1,1,19.0,4.0,0,0,0,1,9.0,4.0,0,1,1,1,20.0,4.0,0,0,0,1,10.0,4.0,0,1,1,1,51.0,2.0,0,0,0,0,15.0,2.0,0,0,1,1,37.0,2.0,0,0,0,0,55.0,2.0,0,0,0,0,21.0,2.0,0,0,0,0,33.0,2.0,0,0,0,0
760,538,538,2023,17,1,2.0,2.0,False,4,ILHA DO RETIRO,16.0,1.0,0,0,0,1,13.0,1.0,0,0,1,1,24.0,1.0,0,0,0,0,22.0,3.0,0,0,0,0,18.0,1.0,0,0,0,1,38.0,1.0,0,0,0,0,11.0,1.0,0,0,1,1,11.0,1.0,0,0,1,1,6.0,1.0,0,1,1,1,5.0,1.0,1,1,1,1,11.0,1.0,0,0,1,1
760,548,549,2023,27,2,2.0,1.0,False,4,ILHA DO RETIRO,4.0,3.0,1,1,1,1,5.0,4.0,1,1,1,1,6.0,4.0,0,1,1,1,5.0,4.0,1,1,1,1,7.0,4.0,0,1,1,1,76.0,3.0,0,0,0,0,61.0,4.0,0,0,0,0,76.0,3.0,0,0,0,0,76.0,3.0,0,0,0,0,61.0,4.0,0,0,0,0,76.0,3.0,0,0,0,0
760,552,553,2023,31,2,2.0,1.0,True,4,ILHA DO RETIRO,6.0,2.0,0,1,1,1,4.0,4.0,1,1,1,1,5.0,2.0,1,1,1,1,6.0,2.0,0,1,1,1,8.0,3.0,0,1,1,1,32.0,4.0,0,0,0,0,21.0,4.0,0,0,0,0,7.0,4.0,0,1,1,1,5.0,4.0,1,1,1,1,4.0,4.0,1,1,1,1,6.0,4.0,0,1,1,1
760,583,583,2024,10,1,3.0,3.0,False,4,ILHA DO RETIRO,23.0,3.0,0,0,0,0,25.0,4.0,0,0,0,0,20.0,4.0,0,0,0,1,21.0,1.0,0,0,0,0,18.0,1.0,0,0,0,1,61.0,2.0,0,0,0,0,36.0,2.0,0,0,0,0,45.0,2.0,0,0,0,0,17.0,2.0,0,0,0,1,14.0,2.0,0,0,1,1,43.0,2.0,0,0,0,0
760,592,592,2024,19,1,2.0,2.0,False,4,ILHA DO RETIRO,20.0,1.0,0,0,0,1,19.0,1.0,0,0,0,1,22.0,3.0,0,0,0,0,27.0,1.0,0,0,0,0,12.0,3.0,0,0,1,1,59.0,4.0,0,0,0,0,31.0,4.0,0,0,0,0,41.0,4.0,0,0,0,0,24.0,4.0,0,0,0,0,18.0,4.0,0,0,0,1,40.0,4.0,0,0,0,0
760,596,596,2024,23,1,2.0,2.0,True,4,ILHA DO RETIRO,21.0,2.0,0,0,0,0,29.0,3.0,0,0,0,0,27.0,2.0,0,0,0,0,17.0,3.0,0,0,0,1,15.0,3.0,0,0,1,1,33.0,4.0,0,0,0,0,5.0,4.0,1,1,1,1,8.0,4.0,0,1,1,1,4.0,4.0,1,1,1,1,4.0,4.0,1,1,1,1,6.0,4.0,0,1,1,1
760,609,609,2024,36,1,1.0,1.0,False,4,ILHA DO RETIRO,66.0,2.0,0,0,0,0,70.0,2.0,0,0,0,0,57.0,2.0,0,0,0,0,70.0,2.0,0,0,0,0,67.0,2.0,0,0,0,0,83.0,3.0,0,0,0,0,56.0,4.0,0,0,0,0,83.0,3.0,0,0,0,0,83.0,3.0,0,0,0,0,56.0,4.0,0,0,0,0,83.0,3.0,0,0,0,0
760,612,612,2024,39,1,1.0,1.0,False,4,ILHA DO RETIRO,38.0,1.0,0,0,0,0,39.0,1.0,0,0,0,0,33.0,2.0,0,0,0,0,36.0,1.0,0,0,0,0,27.0,2.0,0,0,0,0,39.0,3.0,0,0,0,0,10.0,3.0,0,1,1,1,11.0,3.0,0,0,1,1,4.0,3.0,1,1,1,1,4.0,3.0,1,1,1,1,4.0,3.0,1,1,1,1
760,621,623,2024,48,3,3.0,1.0,False,4,ILHA DO RETIRO,30.0,4.0,0,0,0,0,30.0,4.0,0,0,0,0,31.0,4.0,0,0,0,0,30.0,4.0,0,0,0,0,27.0,4.0,0,0,0,0,85.0,4.0,0,0,0,0,46.0,2.0,0,0,0,0,85.0,4.0,0,0,0,0,85.0,4.0,0,0,0,0,46.0,2.0,0,0,0,0,85.0,4.0,0,0,0,0
760,648,648,2025,23,1,2.0,2.0,False,4,ILHA DO RETIRO,35.0,1.0,0,0,0,0,38.0,1.0,0,0,0,0,30.0,2.0,0,0,0,0,39.0,3.0,0,0,0,0,44.0,3.0,0,0,0,0,85.0,3.0,0,0,0,0,46.0,3.0,0,0,0,0,85.0,3.0,0,0,0,0,85.0,3.0,0,0,0,0,46.0,3.0,0,0,0,0,85.0,3.0,0,0,0,0
760,658,658,2025,33,1,1.0,1.0,False,4,ILHA DO RETIRO,62.0,4.0,0,0,0,0,61.0,4.0,0,0,0,0,53.0,4.0,0,0,0,0,61.0,4.0,0,0,0,0,64.0,4.0,0,0,0,0,86.0,4.0,0,0,0,0,53.0,2.0,0,0,0,0,86.0,4.0,0,0,0,0,86.0,4.0,0,0,0,0,53.0,2.0,0,0,0,0,86.0,4.0,0,0,0,0
760,661,661,2025,36,1,1.0,1.0,False,4,ILHA DO RETIRO,58.0,2.0,0,0,0,0,60.0,2.0,0,0,0,0,54.0,2.0,0,0,0,0,52.0,2.0,0,0,0,0,49.0,2.0,0,0,0,0,67.0,3.0,0,0,0,0,21.0,3.0,0,0,0,0,59.0,3.0,0,0,0,0,39.0,3.0,0,0,0,0,13.0,3.0,0,0,1,1,43.0,3.0,0,0,0,0
760,667,667,2025,42,1,1.0,1.0,False,4,ILHA DO RETIRO,50.0,4.0,0,0,0,0,59.0,4.0,0,0,0,0,60.0,4.0,0,0,0,0,58.0,4.0,0,0,0,0,65.0,4.0,0,0,0,0,87.0,3.0,0,0,0,0,43.0,2.0,0,0,0,0,87.0,3.0,0,0,0,0,87.0,3.0,0,0,0,0,43.0,2.0,0,0,0,0,87.0,3.0,0,0,0,0
760,671,671,2025,46,1,1.0,1.0,True,4,ILHA DO RETIRO,37.0,1.0,0,0,0,0,41.0,1.0,0,0,0,0,38.0,2.0,0,0,0,0,36.0,1.0,0,0,0,0,31.0,1.0,0,0,0,0,64.0,4.0,0,0,0,0,30.0,4.0,0,0,0,0,31.0,4.0,0,0,0,0,30.0,4.0,0,0,0,0,16.0,4.0,0,0,0,1,4.0,4.0,1,1,1,1
779,584,584,2024,11,1,18.0,18.0,False,5,AFOGADOS,35.0,1.0,0,0,0,0,43.0,1.0,0,0,0,0,37.0,1.0,0,0,0,0,51.0,1.0,0,0,0,0,50.0,2.0,0,0,0,0,12.0,2.0,0,0,1,1,2.0,3.0,1,1,1,1,28.0,2.0,0,0,0,0,29.0,2.0,0,0,0,0,26.0,2.0,0,0,0,0,36.0,2.0,0,0,0,0
779,587,587,2024,14,1,17.0,17.0,False,5,AFOGADOS,29.0,2.0,0,0,0,0,31.0,1.0,0,0,0,0,21.0,2.0,0,0,0,0,23.0,2.0,0,0,0,0,25.0,2.0,0,0,0,0,9.0,3.0,0,1,1,1,19.0,1.0,0,0,0,1,27.0,3.0,0,0,0,0,26.0,3.0,0,0,0,0,17.0,3.0,0,0,0,1,29.0,3.0,0,0,0,0
779,589,591,2024,16,3,37.0,15.0,False,5,AFOGADOS,20.0,1.0,0,0,0,1,31.0,3.0,0,0,0,0,19.0,1.0,0,0,0,1,23.0,4.0,0,0,0,0,25.0,4.0,0,0,0,0,6.0,2.0,0,1,1,1,19.0,3.0,0,0,0,1,17.0,2.0,0,0,0,1,18.0,2.0,0,0,0,1,17.0,2.0,0,0,0,1,18.0,2.0,0,0,0,1
779,594,594,2024,21,1,9.0,9.0,True,5,AFOGADOS,36.0,1.0,0,0,0,0,38.0,3.0,0,0,0,0,16.0,1.0,0,0,0,1,5.0,1.0,1,1,1,1,7.0,1.0,0,1,1,1,7.0,4.0,0,1,1,1,7.0,1.0,0,1,1,1,1.0,4.0,1,1,1,1,11.0,4.0,0,0,1,1,21.0,1.0,0,0,0,0,4.0,4.0,1,1,1,1
779,596,597,2024,23,2,20.0,10.0,False,5,AFOGADOS,8.0,1.0,0,1,1,1,9.0,1.0,0,1,1,1,16.0,3.0,0,0,0,1,5.0,3.0,1,1,1,1,7.0,3.0,0,1,1,1,8.0,2.0,0,1,1,1,7.0,3.0,0,1,1,1,10.0,2.0,0,1,1,1,19.0,2.0,0,0,0,1,14.0,2.0,0,0,1,1,11.0,2.0,0,0,1,1
779,599,600,2024,26,2,13.0,7.0,False,5,AFOGADOS,1.0,1.0,1,1,1,1,2.0,1.0,1,1,1,1,1.0,1.0,1,1,1,1,1.0,1.0,1,1,1,1,1.0,1.0,1,1,1,1,4.0,3.0,1,1,1,1,23.0,3.0,0,0,0,0,1.0,2.0,1,1,1,1,6.0,3.0,0,1,1,1,14.0,3.0,0,0,1,1,3.0,3.0,1,1,1,1
779,603,603,2024,30,1,7.0,7.0,True,5,AFOGADOS,14.0,4.0,0,0,1,1,14.0,4.0,0,0,1,1,11.0,2.0,0,0,1,1,9.0,3.0,0,1,1,1,9.0,3.0,0,1,1,1,6.0,1.0,0,1,1,1,15.0,1.0,0,0,1,1,6.0,3.0,0,1,1,1,13.0,3.0,0,0,1,1,14.0,1.0,0,0,1,1,7.0,3.0,0,1,1,1
779,608,608,2024,35,1,6.0,6.0,False,5,AFOGADOS,1.0,2.0,1,1,1,1,1.0,3.0,1,1,1,1,2.0,3.0,1,1,1,1,1.0,3.0,1,1,1,1,1.0,3.0,1,1,1,1,9.0,4.0,0,1,1,1,30.0,2.0,0,0,0,0,7.0,4.0,0,1,1,1,14.0,4.0,0,0,1,1,29.0,2.0,0,0,0,0,6.0,4.0,0,1,1,1
779,626,626,2025,1,1,4.0,4.0,False,5,AFOGADOS,92.0,4.0,0,0,0,0,90.0,4.0,0,0,0,0,88.0,4.0,0,0,0,0,93.0,4.0,0,0,0,0,92.0,3.0,0,0,0,0,79.0,3.0,0,0,0,0,53.0,3.0,0,0,0,0,79.0,3.0,0,0,0,0,79.0,3.0,0,0,0,0,53.0,3.0,0,0,0,0,79.0,3.0,0,0,0,0
779,661,661,2025,36,1,5.0,5.0,False,5,AFOGADOS,16.0,3.0,0,0,0,1,16.0,3.0,0,0,0,1,8.0,3.0,0,1,1,1,8.0,3.0,0,1,1,1,8.0,3.0,0,1,1,1,21.0,4.0,0,0,0,0,5.0,4.0,1,1,1,1,34.0,4.0,0,0,0,0,45.0,4.0,0,0,0,0,20.0,4.0,0,0,0,1,37.0,4.0,0,0,0,0
779,663,663,2025,38,1,6.0,6.0,False,5,AFOGADOS,21.0,2.0,0,0,0,0,19.0,3.0,0,0,0,1,16.0,3.0,0,0,0,1,9.0,3.0,0,1,1,1,11.0,3.0,0,0,1,1,23.0,1.0,0,0,0,0,20.0,2.0,0,0,0,1,33.0,1.0,0,0,0,0,39.0,2.0,0,0,0,0,23.0,2.0,0,0,0,0,33.0,2.0,0,0,0,0
779,674,674,2025,49,1,5.0,5.0,False,5,AFOGADOS,73.0,4.0,0,0,0,0,73.0,4.0,0,0,0,0,70.0,4.0,0,0,0,0,77.0,4.0,0,0,0,0,69.0,4.0,0,0,0,0,19.0,4.0,0,0,0,1,24.0,1.0,0,0,0,0,28.0,1.0,0,0,0,0,34.0,4.0,0,0,0,0,24.0,1.0,0,0,0,0,35.0,1.0,0,0,0,0
78,532,532,2023,11,1,1.0,1.0,False,1,ILHA DO LEITE,7.0,4.0,0,1,1,1,7.0,3.0,0,1,1,1,14.0,3.0,0,0,1,1,6.0,4.0,0,1,1,1,9.0,3.0,0,1,1,1,78.0,3.0,0,0,0,0,59.0,1.0,0,0,0,0,78.0,3.0,0,0,0,0,78.0,3.0,0,0,0,0,59.0,1.0,0,0,0,0,78.0,3.0,0,0,0,0
78,534,534,2023,13,1,1.0,1.0,False,1,ILHA DO LEITE,2.0,1.0,1,1,1,1,1.0,1.0,1,1,1,1,3.0,1.0,1,1,1,1,1.0,1.0,1,1,1,1,2.0,1.0,1,1,1,1,43.0,2.0,0,0,0,0,25.0,2.0,0,0,0,0,5.0,2.0,1,1,1,1,2.0,2.0,1,1,1,1,2.0,2.0,1,1,1,1,3.0,2.0,1,1,1,1
78,536,536,2023,15,1,1.0,1.0,True,1,ILHA DO LEITE,2.0,3.0,1,1,1,1,1.0,3.0,1,1,1,1,3.0,3.0,1,1,1,1,1.0,3.0,1,1,1,1,2.0,3.0,1,1,1,1,43.0,4.0,0,0,0,0,24.0,2.0,0,0,0,0,5.0,4.0,1,1,1,1,2.0,4.0,1,1,1,1,2.0,4.0,1,1,1,1,3.0,4.0,1,1,1,1
78,538,538,2023,17,1,1.0,1.0,True,1,ILHA DO LEITE,1.0,2.0,1,1,1,1,3.0,1.0,1,1,1,1,8.0,1.0,0,1,1,1,12.0,2.0,0,0,1,1,3.0,1.0,1,1,1,1,43.0,2.0,0,0,0,0,24.0,4.0,0,0,0,0,5.0,2.0,1,1,1,1,1.0,2.0,1,1,1,1,1.0,2.0,1,1,1,1,2.0,2.0,1,1,1,1
78,553,554,2023,32,2,2.0,1.0,False,1,ILHA DO LEITE,32.0,2.0,0,0,0,0,38.0,2.0,0,0,0,0,50.0,3.0,0,0,0,0,42.0,2.0,0,0,0,0,46.0,3.0,0,0,0,0,82.0,2.0,0,0,0,0,54.0,3.0,0,0,0,0,82.0,2.0,0,0,0,0,82.0,2.0,0,0,0,0,54.0,3.0,0,0,0,0,82.0,2.0,0,0,0,0
78,562,562,2023,41,1,1.0,1.0,False,1,ILHA DO LEITE,22.0,4.0,0,0,0,0,26.0,4.0,0,0,0,0,9.0,4.0,0,1,1,1,18.0,4.0,0,0,0,1,20.0,4.0,0,0,0,1,83.0,2.0,0,0,0,0,57.0,3.0,0,0,0,0,83.0,2.0,0,0,0,0,83.0,2.0,0,0,0,0,57.0,3.0,0,0,0,0,83.0,2.0,0,0,0,0
78,564,564,2023,43,1,1.0,1.0,False,1,ILHA DO LEITE,17.0,1.0,0,0,0,1,18.0,1.0,0,0,0,1,13.0,4.0,0,0,1,1,21.0,1.0,0,0,0,0,22.0,1.0,0,0,0,0,28.0,2.0,0,0,0,0,13.0,2.0,0,0,1,1,2.0,2.0,1,1,1,1,2.0,2.0,1,1,1,1,2.0,2.0,1,1,1,1,2.0,2.0,1,1,1,1
78,582,582,2024,9,1,1.0,1.0,False,1,ILHA DO LEITE,16.0,2.0,0,0,0,1,17.0,2.0,0,0,0,1,41.0,2.0,0,0,0,0,21.0,2.0,0,0,0,0,27.0,2.0,0,0,0,0,83.0,4.0,0,0,0,0,58.0,4.0,0,0,0,0,83.0,4.0,0,0,0,0,83.0,4.0,0,0,0,0,58.0,4.0,0,0,0,0,83.0,4.0,0,0,0,0
78,592,593,2024,19,2,2.0,1.0,False,1,ILHA DO LEITE,67.0,4.0,0,0,0,0,69.0,4.0,0,0,0,0,69.0,3.0,0,0,0,0,69.0,3.0,0,0,0,0,61.0,4.0,0,0,0,0,90.0,3.0,0,0,0,0,38.0,3.0,0,0,0,0,90.0,3.0,0,0,0,0,90.0,3.0,0,0,0,0,38.0,3.0,0,0,0,0,90.0,3.0,0,0,0,0
78,615,615,2024,42,1,1.0,1.0,False,1,ILHA DO LEITE,53.0,2.0,0,0,0,0,55.0,2.0,0,0,0,0,61.0,2.0,0,0,0,0,53.0,2.0,0,0,0,0,64.0,3.0,0,0,0,0,82.0,2.0,0,0,0,0,56.0,4.0,0,0,0,0,82.0,2.0,0,0,0,0,82.0,2.0,0,0,0,0,56.0,4.0,0,0,0,0,82.0,2.0,0,0,0,0
78,619,619,2024,46,1,1.0,1.0,True,1,ILHA DO LEITE,18.0,2.0,0,0,0,1,17.0,1.0,0,0,0,1,8.0,1.0,0,1,1,1,15.0,1.0,0,0,1,1,17.0,1.0,0,0,0,1,46.0,4.0,0,0,0,0,23.0,4.0,0,0,0,0,7.0,4.0,0,1,1,1,1.0,4.0,1,1,1,1,1.0,4.0,1,1,1,1,1.0,4.0,1,1,1,1
78,634,634,2025,9,1,1.0,1.0,False,1,ILHA DO LEITE,19.0,1.0,0,0,0,1,21.0,1.0,0,0,0,0,41.0,1.0,0,0,0,0,26.0,1.0,0,0,0,0,23.0,1.0,0,0,0,0,86.0,4.0,0,0,0,0,53.0,2.0,0,0,0,0,86.0,4.0,0,0,0,0,86.0,4.0,0,0,0,0,53.0,2.0,0,0,0,0,86.0,4.0,0,0,0,0
78,646,646,2025,21,1,1.0,1.0,False,1,ILHA DO LEITE,41.0,4.0,0,0,0,0,46.0,4.0,0,0,0,0,40.0,4.0,0,0,0,0,40.0,4.0,0,0,0,0,46.0,4.0,0,0,0,0,86.0,3.0,0,0,0,0,45.0,3.0,0,0,0,0,86.0,3.0,0,0,0,0,86.0,3.0,0,0,0,0,45.0,3.0,0,0,0,0,86.0,3.0,0,0,0,0
78,649,649,2025,24,1,1.0,1.0,False,1,ILHA DO LEITE,30.0,2.0,0,0,0,0,35.0,2.0,0,0,0,0,9.0,3.0,0,1,1,1,42.0,3.0,0,0,0,0,32.0,2.0,0,0,0,0,42.0,3.0,0,0,0,0,18.0,3.0,0,0,0,1,1.0,3.0,1,1,1,1,1.0,3.0,1,1,1,1,1.0,3.0,1,1,1,1,1.0,3.0,1,1,1,1
78,653,653,2025,28,1,1.0,1.0,True,1,ILHA DO LEITE,28.0,4.0,0,0,0,0,32.0,4.0,0,0,0,0,9.0,4.0,0,1,1,1,47.0,3.0,0,0,0,0,41.0,3.0,0,0,0,0,56.0,4.0,0,0,0,0,26.0,4.0,0,0,0,0,9.0,4.0,0,1,1,1,3.0,4.0,1,1,1,1,3.0,4.0,1,1,1,1,1.0,4.0,1,1,1,1
78,657,657,2025,32,1,2.0,2.0,True,1,ILHA DO LEITE,40.0,4.0,0,0,0,0,42.0,3.0,0,0,0,0,27.0,3.0,0,0,0,0,53.0,3.0,0,0,0,0,42.0,3.0,0,0,0,0,55.0,4.0,0,0,0,0,16.0,4.0,0,0,0,1,9.0,4.0,0,1,1,1,1.0,4.0,1,1,1,1,1.0,4.0,1,1,1,1,1.0,4.0,1,1,1,1
787,551,551,2023,30,1,2.0,2.0,False,5,MUSTARDINHA,8.0,1.0,0,1,1,1,15.0,1.0,0,0,1,1,11.0,1.0,0,0,1,1,10.0,1.0,0,1,1,1,12.0,1.0,0,0,1,1,26.0,4.0,0,0,0,0,13.0,4.0,0,0,1,1,10.0,4.0,0,1,1,1,10.0,4.0,0,1,1,1,6.0,4.0,0,1,1,1,8.0,4.0,0,1,1,1
787,583,583,2024,10,1,7.0,7.0,False,5,MUSTARDINHA,52.0,4.0,0,0,0,0,39.0,4.0,0,0,0,0,34.0,1.0,0,0,0,0,53.0,1.0,0,0,0,0,49.0,1.0,0,0,0,0,45.0,4.0,0,0,0,0,16.0,1.0,0,0,0,1,25.0,4.0,0,0,0,0,37.0,4.0,0,0,0,0,24.0,4.0,0,0,0,0,18.0,4.0,0,0,0,1
787,602,602,2024,29,1,3.0,3.0,False,5,MUSTARDINHA,71.0,4.0,0,0,0,0,75.0,4.0,0,0,0,0,81.0,1.0,0,0,0,0,82.0,4.0,0,0,0,0,73.0,4.0,0,0,0,0,56.0,4.0,0,0,0,0,19.0,1.0,0,0,0,1,50.0,1.0,0,0,0,0,47.0,4.0,0,0,0,0,24.0,4.0,0,0,0,0,44.0,4.0,0,0,0,0
787,608,608,2024,35,1,3.0,3.0,False,5,MUSTARDINHA,10.0,3.0,0,1,1,1,10.0,3.0,0,1,1,1,9.0,4.0,0,1,1,1,19.0,3.0,0,0,0,1,12.0,3.0,0,0,1,1,43.0,4.0,0,0,0,0,18.0,1.0,0,0,0,1,32.0,4.0,0,0,0,0,32.0,4.0,0,0,0,0,16.0,1.0,0,0,0,1,26.0,4.0,0,0,0,0
787,620,620,2024,47,1,3.0,3.0,False,5,MUSTARDINHA,31.0,3.0,0,0,0,0,27.0,3.0,0,0,0,0,28.0,3.0,0,0,0,0,31.0,3.0,0,0,0,0,25.0,3.0,0,0,0,0,26.0,3.0,0,0,0,0,13.0,4.0,0,0,1,1,20.0,3.0,0,0,0,1,15.0,3.0,0,0,1,1,12.0,4.0,0,0,1,1,21.0,4.0,0,0,0,0
787,630,631,2025,5,2,5.0,3.0,False,5,MUSTARDINHA,28.0,4.0,0,0,0,0,23.0,2.0,0,0,0,0,11.0,1.0,0,0,1,1,8.0,1.0,0,1,1,1,9.0,1.0,0,1,1,1,36.0,1.0,0,0,0,0,24.0,3.0,0,0,0,0,25.0,1.0,0,0,0,0,25.0,1.0,0,0,0,0,22.0,3.0,0,0,0,0,16.0,1.0,0,0,0,1
787,648,648,2025,23,1,4.0,4.0,False,5,MUSTARDINHA,61.0,3.0,0,0,0,0,65.0,3.0,0,0,0,0,47.0,2.0,0,0,0,0,64.0,4.0,0,0,0,0,57.0,2.0,0,0,0,0,41.0,3.0,0,0,0,0,10.0,3.0,0,1,1,1,24.0,3.0,0,0,0,0,21.0,3.0,0,0,0,0,8.0,3.0,0,1,1,1,23.0,3.0,0,0,0,0
787,657,659,2025,32,3,6.0,2.0,False,5,MUSTARDINHA,25.0,4.0,0,0,0,0,28.0,4.0,0,0,0,0,34.0,4.0,0,0,0,0,15.0,3.0,0,0,1,1,21.0,3.0,0,0,0,0,54.0,1.0,0,0,0,0,14.0,1.0,0,0,1,1,48.0,3.0,0,0,0,0,46.0,3.0,0,0,0,0,18.0,1.0,0,0,0,1,39.0,3.0,0,0,0,0
787,663,664,2025,38,2,6.0,4.0,True,5,MUSTARDINHA,15.0,3.0,0,0,1,1,14.0,3.0,0,0,1,1,21.0,3.0,0,0,0,0,25.0,3.0,0,0,0,0,19.0,3.0,0,0,0,1,46.0,4.0,0,0,0,0,46.0,1.0,0,0,0,0,41.0,4.0,0,0,0,0,40.0,4.0,0,0,0,0,46.0,1.0,0,0,0,0,33.0,4.0,0,0,0,0
787,670,670,2025,45,1,5.0,5.0,False,5,MUSTARDINHA,25.0,4.0,0,0,0,0,19.0,4.0,0,0,0,1,11.0,4.0,0,0,1,1,12.0,4.0,0,0,1,1,13.0,4.0,0,0,1,1,38.0,1.0,0,0,0,0,25.0,1.0,0,0,0,0,33.0,1.0,0,0,0,0,22.0,1.0,0,0,0,0,22.0,1.0,0,0,0,0,31.0,1.0,0,0,0,0
795,525,525,2023,4,1,3.0,3.0,False,5,MANGUEIRA,35.0,2.0,0,0,0,0,42.0,3.0,0,0,0,0,29.0,1.0,0,0,0,0,44.0,3.0,0,0,0,0,45.0,1.0,0,0,0,0,26.0,2.0,0,0,0,0,15.0,2.0,0,0,1,1,18.0,2.0,0,0,0,1,5.0,2.0,1,1,1,1,4.0,2.0,1,1,1,1,16.0,2.0,0,0,0,1
795,581,582,2024,8,2,11.0,7.0,False,5,MANGUEIRA,12.0,1.0,0,0,1,1,12.0,1.0,0,0,1,1,3.0,1.0,1,1,1,1,3.0,1.0,1,1,1,1,3.0,1.0,1,1,1,1,18.0,1.0,0,0,0,1,17.0,1.0,0,0,0,1,6.0,1.0,0,1,1,1,5.0,1.0,1,1,1,1,7.0,1.0,0,1,1,1,10.0,1.0,0,1,1,1
795,589,589,2024,16,1,5.0,5.0,False,5,MANGUEIRA,4.0,3.0,1,1,1,1,8.0,3.0,0,1,1,1,2.0,3.0,1,1,1,1,3.0,3.0,1,1,1,1,2.0,3.0,1,1,1,1,50.0,4.0,0,0,0,0,49.0,4.0,0,0,0,0,42.0,4.0,0,0,0,0,37.0,4.0,0,0,0,0,49.0,4.0,0,0,0,0,38.0,4.0,0,0,0,0
795,594,594,2024,21,1,2.0,2.0,False,5,MANGUEIRA,3.0,1.0,1,1,1,1,2.0,1.0,1,1,1,1,6.0,3.0,0,1,1,1,5.0,3.0,1,1,1,1,3.0,1.0,1,1,1,1,50.0,4.0,0,0,0,0,64.0,1.0,0,0,0,0,21.0,4.0,0,0,0,0,22.0,4.0,0,0,0,0,64.0,1.0,0,0,0,0,16.0,4.0,0,0,0,1
795,646,646,2025,21,1,2.0,2.0,False,5,MANGUEIRA,9.0,1.0,0,1,1,1,6.0,1.0,0,1,1,1,6.0,1.0,0,1,1,1,6.0,1.0,0,1,1,1,6.0,1.0,0,1,1,1,51.0,2.0,0,0,0,0,26.0,2.0,0,0,0,0,26.0,2.0,0,0,0,0,27.0,2.0,0,0,0,0,18.0,2.0,0,0,0,1,19.0,2.0,0,0,0,1
795,652,652,2025,27,1,2.0,2.0,False,5,MANGUEIRA,4.0,1.0,1,1,1,1,3.0,1.0,1,1,1,1,5.0,1.0,1,1,1,1,4.0,4.0,1,1,1,1,3.0,4.0,1,1,1,1,51.0,2.0,0,0,0,0,30.0,4.0,0,0,0,0,28.0,2.0,0,0,0,0,27.0,2.0,0,0,0,0,19.0,4.0,0,0,0,1,23.0,2.0,0,0,0,0
795,655,655,2025,30,1,3.0,3.0,False,5,MANGUEIRA,3.0,2.0,1,1,1,1,2.0,2.0,1,1,1,1,4.0,2.0,1,1,1,1,3.0,2.0,1,1,1,1,2.0,2.0,1,1,1,1,31.0,3.0,0,0,0,0,8.0,3.0,0,1,1,1,2.0,3.0,1,1,1,1,10.0,3.0,0,1,1,1,7.0,3.0,0,1,1,1,2.0,3.0,1,1,1,1
795,657,657,2025,32,1,3.0,3.0,False,5,MANGUEIRA,3.0,4.0,1,1,1,1,2.0,4.0,1,1,1,1,2.0,1.0,1,1,1,1,1.0,1.0,1,1,1,1,1.0,1.0,1,1,1,1,25.0,2.0,0,0,0,0,15.0,2.0,0,0,1,1,4.0,2.0,1,1,1,1,12.0,2.0,0,0,1,1,9.0,2.0,0,1,1,1,3.0,2.0,1,1,1,1
795,659,660,2025,34,2,4.0,2.0,True,5,MANGUEIRA,4.0,3.0,1,1,1,1,3.0,3.0,1,1,1,1,2.0,3.0,1,1,1,1,1.0,3.0,1,1,1,1,1.0,3.0,1,1,1,1,25.0,4.0,0,0,0,0,15.0,4.0,0,0,1,1,4.0,4.0,1,1,1,1,12.0,4.0,0,0,1,1,9.0,4.0,0,1,1,1,3.0,4.0,1,1,1,1
809,536,537,2023,15,2,5.0,3.0,False,5,BONGI,40.0,1.0,0,0,0,0,39.0,1.0,0,0,0,0,54.0,1.0,0,0,0,0,39.0,1.0,0,0,0,0,37.0,1.0,0,0,0,0,35.0,1.0,0,0,0,0,6.0,1.0,0,1,1,1,15.0,1.0,0,0,1,1,11.0,1.0,0,0,1,1,3.0,1.0,1,1,1,1,9.0,1.0,0,1,1,1
809,553,553,2023,32,1,3.0,3.0,False,5,BONGI,23.0,4.0,0,0,0,0,25.0,4.0,0,0,0,0,29.0,4.0,0,0,0,0,29.0,4.0,0,0,0,0,20.0,4.0,0,0,0,1,84.0,2.0,0,0,0,0,56.0,3.0,0,0,0,0,84.0,2.0,0,0,0,0,84.0,2.0,0,0,0,0,56.0,3.0,0,0,0,0,84.0,2.0,0,0,0,0
809,557,557,2023,36,1,1.0,1.0,True,5,BONGI,12.0,2.0,0,0,1,1,14.0,3.0,0,0,1,1,9.0,3.0,0,1,1,1,13.0,3.0,0,0,1,1,10.0,3.0,0,1,1,1,9.0,4.0,0,1,1,1,2.0,4.0,1,1,1,1,1.0,4.0,1,1,1,1,4.0,4.0,1,1,1,1,4.0,4.0,1,1,1,1,5.0,4.0,1,1,1,1
809,578,578,2024,5,1,3.0,3.0,False,5,BONGI,36.0,4.0,0,0,0,0,38.0,4.0,0,0,0,0,47.0,4.0,0,0,0,0,28.0,3.0,0,0,0,0,27.0,4.0,0,0,0,0,82.0,3.0,0,0,0,0,61.0,2.0,0,0,0,0,82.0,3.0,0,0,0,0,82.0,3.0,0,0,0,0,61.0,2.0,0,0,0,0,82.0,3.0,0,0,0,0
809,585,586,2024,12,2,10.0,6.0,False,5,BONGI,21.0,1.0,0,0,0,0,13.0,3.0,0,0,1,1,5.0,2.0,1,1,1,1,7.0,3.0,0,1,1,1,12.0,3.0,0,0,1,1,37.0,3.0,0,0,0,0,18.0,4.0,0,0,0,1,41.0,3.0,0,0,0,0,14.0,3.0,0,0,1,1,20.0,4.0,0,0,0,1,41.0,3.0,0,0,0,0
809,588,589,2024,15,2,13.0,7.0,False,5,BONGI,3.0,1.0,1,1,1,1,2.0,1.0,1,1,1,1,8.0,1.0,0,1,1,1,3.0,1.0,1,1,1,1,9.0,1.0,0,1,1,1,31.0,3.0,0,0,0,0,19.0,3.0,0,0,0,1,16.0,2.0,0,0,0,1,9.0,3.0,0,1,1,1,8.0,3.0,0,1,1,1,14.0,2.0,0,0,1,1
809,606,606,2024,33,1,2.0,2.0,False,5,BONGI,17.0,2.0,0,0,0,1,12.0,2.0,0,0,1,1,15.0,2.0,0,0,1,1,12.0,2.0,0,0,1,1,12.0,2.0,0,0,1,1,44.0,3.0,0,0,0,0,15.0,3.0,0,0,1,1,33.0,3.0,0,0,0,0,19.0,3.0,0,0,0,1,10.0,3.0,0,1,1,1,21.0,3.0,0,0,0,0
809,608,608,2024,35,1,3.0,3.0,False,5,BONGI,4.0,1.0,1,1,1,1,7.0,1.0,0,1,1,1,2.0,1.0,1,1,1,1,7.0,1.0,0,1,1,1,10.0,1.0,0,1,1,1,28.0,2.0,0,0,0,0,8.0,2.0,0,1,1,1,3.0,2.0,1,1,1,1,7.0,2.0,0,1,1,1,2.0,2.0,1,1,1,1,3.0,2.0,1,1,1,1
809,615,615,2024,42,1,2.0,2.0,False,5,BONGI,17.0,4.0,0,0,0,1,19.0,4.0,0,0,0,1,34.0,4.0,0,0,0,0,24.0,4.0,0,0,0,0,23.0,4.0,0,0,0,0,16.0,1.0,0,0,0,1,22.0,2.0,0,0,0,0,18.0,1.0,0,0,0,1,5.0,1.0,1,1,1,1,12.0,2.0,0,0,1,1,18.0,1.0,0,0,0,1
809,617,617,2024,44,1,1.0,1.0,False,5,BONGI,8.0,1.0,0,1,1,1,4.0,1.0,1,1,1,1,6.0,1.0,0,1,1,1,12.0,2.0,0,0,1,1,12.0,2.0,0,0,1,1,16.0,3.0,0,0,0,1,22.0,4.0,0,0,0,0,11.0,2.0,0,0,1,1,5.0,3.0,1,1,1,1,12.0,4.0,0,0,1,1,12.0,2.0,0,0,1,1
809,619,619,2024,46,1,2.0,2.0,True,5,BONGI,7.0,1.0,0,1,1,1,4.0,3.0,1,1,1,1,6.0,3.0,0,1,1,1,12.0,4.0,0,0,1,1,11.0,2.0,0,0,1,1,23.0,4.0,0,0,0,0,22.0,2.0,0,0,0,0,11.0,4.0,0,0,1,1,5.0,4.0,1,1,1,1,15.0,2.0,0,0,1,1,12.0,4.0,0,0,1,1
809,621,621,2024,48,1,1.0,1.0,True,5,BONGI,7.0,3.0,0,1,1,1,5.0,1.0,1,1,1,1,8.0,1.0,0,1,1,1,12.0,1.0,0,0,1,1,9.0,1.0,0,1,1,1,18.0,2.0,0,0,0,1,13.0,2.0,0,0,1,1,6.0,2.0,0,1,1,1,6.0,2.0,0,1,1,1,7.0,2.0,0,1,1,1,5.0,2.0,1,1,1,1
809,627,627,2025,2,1,2.0,2.0,False,5,BONGI,21.0,2.0,0,0,0,0,26.0,2.0,0,0,0,0,18.0,2.0,0,0,0,1,34.0,2.0,0,0,0,0,18.0,2.0,0,0,0,1,30.0,2.0,0,0,0,0,13.0,2.0,0,0,1,1,18.0,2.0,0,0,0,1,10.0,2.0,0,1,1,1,5.0,2.0,1,1,1,1,12.0,2.0,0,0,1,1
809,630,630,2025,5,1,3.0,3.0,False,5,BONGI,16.0,3.0,0,0,0,1,17.0,3.0,0,0,0,1,11.0,2.0,0,0,1,1,2.0,2.0,1,1,1,1,2.0,2.0,1,1,1,1,22.0,3.0,0,0,0,0,12.0,3.0,0,0,1,1,11.0,3.0,0,0,1,1,2.0,3.0,1,1,1,1,2.0,3.0,1,1,1,1,8.0,3.0,0,1,1,1
809,659,659,2025,34,1,2.0,2.0,False,5,BONGI,36.0,3.0,0,0,0,0,33.0,3.0,0,0,0,0,37.0,3.0,0,0,0,0,36.0,3.0,0,0,0,0,35.0,3.0,0,0,0,0,61.0,4.0,0,0,0,0,16.0,4.0,0,0,0,1,55.0,4.0,0,0,0,0,38.0,4.0,0,0,0,0,17.0,4.0,0,0,0,1,38.0,4.0,0,0,0,0
809,661,661,2025,36,1,6.0,6.0,False,5,BONGI,22.0,1.0,0,0,0,0,39.0,1.0,0,0,0,0,17.0,1.0,0,0,0,1,39.0,1.0,0,0,0,0,31.0,1.0,0,0,0,0,48.0,2.0,0,0,0,0,5.0,2.0,1,1,1,1,42.0,2.0,0,0,0,0,28.0,2.0,0,0,0,0,7.0,2.0,0,1,1,1,32.0,2.0,0,0,0,0
809,667,667,2025,42,1,3.0,3.0,False,5,BONGI,19.0,4.0,0,0,0,1,14.0,4.0,0,0,1,1,20.0,4.0,0,0,0,1,24.0,4.0,0,0,0,0,38.0,4.0,0,0,0,0,38.0,2.0,0,0,0,0,3.0,2.0,1,1,1,1,35.0,2.0,0,0,0,0,13.0,2.0,0,0,1,1,5.0,2.0,1,1,1,1,37.0,2.0,0,0,0,0
817,556,556,2023,35,1,4.0,4.0,False,5,SAN MARTIN,4.0,2.0,1,1,1,1,4.0,2.0,1,1,1,1,1.0,2.0,1,1,1,1,1.0,2.0,1,1,1,1,1.0,2.0,1,1,1,1,10.0,3.0,0,1,1,1,20.0,3.0,0,0,0,1,8.0,3.0,0,1,1,1,16.0,3.0,0,0,0,1,19.0,3.0,0,0,0,1,10.0,3.0,0,1,1,1
817,558,559,2023,37,2,6.0,3.0,False,5,SAN MARTIN,4.0,4.0,1,1,1,1,4.0,4.0,1,1,1,1,1.0,4.0,1,1,1,1,1.0,4.0,1,1,1,1,1.0,4.0,1,1,1,1,5.0,2.0,1,1,1,1,1.0,2.0,1,1,1,1,5.0,2.0,1,1,1,1,5.0,2.0,1,1,1,1,4.0,2.0,1,1,1,1,4.0,2.0,1,1,1,1
817,562,564,2023,41,3,13.0,6.0,True,5,SAN MARTIN,12.0,3.0,0,0,1,1,4.0,3.0,1,1,1,1,4.0,2.0,1,1,1,1,6.0,2.0,0,1,1,1,5.0,2.0,1,1,1,1,7.0,3.0,0,1,1,1,5.0,4.0,1,1,1,1,6.0,3.0,0,1,1,1,11.0,3.0,0,0,1,1,11.0,4.0,0,0,1,1,7.0,3.0,0,1,1,1
817,567,567,2023,46,1,3.0,3.0,True,5,SAN MARTIN,5.0,3.0,1,1,1,1,1.0,4.0,1,1,1,1,3.0,2.0,1,1,1,1,6.0,2.0,0,1,1,1,1.0,4.0,1,1,1,1,5.0,3.0,1,1,1,1,62.0,2.0,0,0,0,0,3.0,3.0,1,1,1,1,6.0,3.0,0,1,1,1,62.0,2.0,0,0,0,0,3.0,3.0,1,1,1,1
817,581,581,2024,8,1,11.0,11.0,False,5,SAN MARTIN,37.0,2.0,0,0,0,0,38.0,2.0,0,0,0,0,35.0,2.0,0,0,0,0,38.0,2.0,0,0,0,0,46.0,2.0,0,0,0,0,26.0,2.0,0,0,0,0,10.0,2.0,0,1,1,1,15.0,2.0,0,0,1,1,38.0,2.0,0,0,0,0,25.0,2.0,0,0,0,0,15.0,2.0,0,0,1,1
817,583,583,2024,10,1,18.0,18.0,False,5,SAN MARTIN,23.0,1.0,0,0,0,0,38.0,4.0,0,0,0,0,13.0,1.0,0,0,1,1,38.0,4.0,0,0,0,0,38.0,1.0,0,0,0,0,10.0,2.0,0,1,1,1,10.0,4.0,0,1,1,1,15.0,4.0,0,0,1,1,22.0,2.0,0,0,0,0,24.0,2.0,0,0,0,0,15.0,4.0,0,0,1,1
817,585,585,2024,12,1,11.0,11.0,True,5,SAN MARTIN,12.0,1.0,0,0,1,1,13.0,1.0,0,0,1,1,8.0,1.0,0,1,1,1,17.0,1.0,0,0,0,1,17.0,1.0,0,0,0,1,9.0,2.0,0,1,1,1,6.0,2.0,0,1,1,1,7.0,2.0,0,1,1,1,7.0,2.0,0,1,1,1,6.0,2.0,0,1,1,1,10.0,2.0,0,1,1,1
817,587,587,2024,14,1,8.0,8.0,True,5,SAN MARTIN,8.0,1.0,0,1,1,1,11.0,1.0,0,0,1,1,5.0,1.0,1,1,1,1,4.0,1.0,1,1,1,1,5.0,1.0,1,1,1,1,9.0,4.0,0,1,1,1,6.0,4.0,0,1,1,1,7.0,4.0,0,1,1,1,7.0,4.0,0,1,1,1,6.0,4.0,0,1,1,1,10.0,4.0,0,1,1,1
817,597,597,2024,24,1,8.0,8.0,False,5,SAN MARTIN,50.0,4.0,0,0,0,0,51.0,4.0,0,0,0,0,13.0,4.0,0,0,1,1,29.0,4.0,0,0,0,0,22.0,4.0,0,0,0,0,25.0,4.0,0,0,0,0,3.0,1.0,1,1,1,1,34.0,1.0,0,0,0,0,34.0,1.0,0,0,0,0,17.0,1.0,0,0,0,1,36.0,1.0,0,0,0,0
817,627,629,2025,2,3,13.0,6.0,False,5,SAN MARTIN,15.0,2.0,0,0,1,1,14.0,2.0,0,0,1,1,10.0,1.0,0,1,1,1,13.0,2.0,0,0,1,1,9.0,2.0,0,1,1,1,7.0,2.0,0,1,1,1,7.0,3.0,0,1,1,1,10.0,2.0,0,1,1,1,13.0,2.0,0,0,1,1,16.0,2.0,0,0,0,1,17.0,2.0,0,0,0,1
817,631,631,2025,6,1,7.0,7.0,True,5,SAN MARTIN,2.0,3.0,1,1,1,1,4.0,3.0,1,1,1,1,3.0,1.0,1,1,1,1,3.0,3.0,1,1,1,1,2.0,1.0,1,1,1,1,5.0,4.0,1,1,1,1,6.0,4.0,0,1,1,1,2.0,4.0,1,1,1,1,4.0,4.0,1,1,1,1,5.0,4.0,1,1,1,1,3.0,4.0,1,1,1,1
817,658,665,2025,33,8,43.0,7.0,False,5,SAN MARTIN,25.0,4.0,0,0,0,0,22.0,4.0,0,0,0,0,18.0,3.0,0,0,0,1,16.0,3.0,0,0,0,1,11.0,4.0,0,0,1,1,39.0,4.0,0,0,0,0,60.0,4.0,0,0,0,0,29.0,4.0,0,0,0,0,50.0,4.0,0,0,0,0,60.0,4.0,0,0,0,0,28.0,4.0,0,0,0,0
817,672,672,2025,47,1,3.0,3.0,False,5,SAN MARTIN,15.0,1.0,0,0,1,1,20.0,1.0,0,0,0,1,17.0,3.0,0,0,0,1,25.0,4.0,0,0,0,0,18.0,4.0,0,0,0,1,25.0,2.0,0,0,0,0,24.0,2.0,0,0,0,0,24.0,2.0,0,0,0,0,32.0,2.0,0,0,0,0,25.0,2.0,0,0,0,0,28.0,2.0,0,0,0,0
825,568,568,2023,47,1,2.0,2.0,False,5,JIQUIA,10.0,3.0,0,1,1,1,9.0,3.0,0,1,1,1,7.0,3.0,0,1,1,1,3.0,3.0,1,1,1,1,3.0,3.0,1,1,1,1,29.0,3.0,0,0,0,0,18.0,3.0,0,0,0,1,7.0,3.0,0,1,1,1,17.0,3.0,0,0,0,1,12.0,3.0,0,0,1,1,8.0,3.0,0,1,1,1
825,579,579,2024,6,1,2.0,2.0,False,5,JIQUIA,10.0,3.0,0,1,1,1,3.0,4.0,1,1,1,1,1.0,3.0,1,1,1,1,2.0,3.0,1,1,1,1,1.0,3.0,1,1,1,1,28.0,3.0,0,0,0,0,15.0,3.0,0,0,1,1,7.0,3.0,0,1,1,1,12.0,3.0,0,0,1,1,9.0,3.0,0,1,1,1,4.0,3.0,1,1,1,1
825,581,582,2024,8,2,10.0,6.0,False,5,JIQUIA,2.0,1.0,1,1,1,1,2.0,2.0,1,1,1,1,6.0,1.0,0,1,1,1,2.0,1.0,1,1,1,1,2.0,1.0,1,1,1,1,27.0,2.0,0,0,0,0,11.0,2.0,0,0,1,1,6.0,2.0,0,1,1,1,12.0,2.0,0,0,1,1,7.0,2.0,0,1,1,1,8.0,2.0,0,1,1,1
825,603,603,2024,30,1,3.0,3.0,False,5,JIQUIA,57.0,1.0,0,0,0,0,55.0,1.0,0,0,0,0,76.0,1.0,0,0,0,0,67.0,1.0,0,0,0,0,64.0,1.0,0,0,0,0,22.0,1.0,0,0,0,0,4.0,1.0,1,1,1,1,11.0,1.0,0,0,1,1,17.0,1.0,0,0,0,1,7.0,1.0,0,1,1,1,13.0,1.0,0,0,1,1
825,605,605,2024,32,1,3.0,3.0,False,5,JIQUIA,18.0,1.0,0,0,0,1,14.0,1.0,0,0,1,1,35.0,1.0,0,0,0,0,37.0,1.0,0,0,0,0,39.0,1.0,0,0,0,0,21.0,2.0,0,0,0,0,4.0,3.0,1,1,1,1,8.0,2.0,0,1,1,1,9.0,2.0,0,1,1,1,7.0,3.0,0,1,1,1,4.0,2.0,1,1,1,1
825,609,609,2024,36,1,2.0,2.0,True,5,JIQUIA,35.0,4.0,0,0,0,0,24.0,1.0,0,0,0,0,17.0,3.0,0,0,0,1,14.0,1.0,0,0,1,1,16.0,1.0,0,0,0,1,13.0,4.0,0,0,1,1,18.0,4.0,0,0,0,1,4.0,4.0,1,1,1,1,6.0,4.0,0,1,1,1,3.0,4.0,1,1,1,1,2.0,4.0,1,1,1,1
825,630,630,2025,5,1,2.0,2.0,False,5,JIQUIA,4.0,1.0,1,1,1,1,6.0,1.0,0,1,1,1,3.0,2.0,1,1,1,1,4.0,3.0,1,1,1,1,3.0,3.0,1,1,1,1,37.0,1.0,0,0,0,0,26.0,3.0,0,0,0,0,14.0,1.0,0,0,1,1,27.0,1.0,0,0,0,0,25.0,3.0,0,0,0,0,11.0,1.0,0,0,1,1
825,647,647,2025,22,1,3.0,3.0,False,5,JIQUIA,15.0,1.0,0,0,1,1,8.0,1.0,0,1,1,1,10.0,1.0,0,1,1,1,8.0,1.0,0,1,1,1,13.0,1.0,0,0,1,1,28.0,1.0,0,0,0,0,28.0,1.0,0,0,0,0,6.0,1.0,0,1,1,1,12.0,1.0,0,0,1,1,20.0,1.0,0,0,0,1,9.0,1.0,0,1,1,1
825,658,658,2025,33,1,3.0,3.0,False,5,JIQUIA,62.0,2.0,0,0,0,0,67.0,2.0,0,0,0,0,61.0,4.0,0,0,0,0,66.0,2.0,0,0,0,0,70.0,2.0,0,0,0,0,62.0,3.0,0,0,0,0,17.0,3.0,0,0,0,1,56.0,3.0,0,0,0,0,51.0,3.0,0,0,0,0,20.0,3.0,0,0,0,1,53.0,3.0,0,0,0,0
825,664,665,2025,39,2,5.0,3.0,False,5,JIQUIA,13.0,3.0,0,0,1,1,11.0,3.0,0,0,1,1,8.0,3.0,0,1,1,1,12.0,3.0,0,0,1,1,7.0,3.0,0,1,1,1,57.0,4.0,0,0,0,0,26.0,4.0,0,0,0,0,51.0,4.0,0,0,0,0,48.0,4.0,0,0,0,0,26.0,4.0,0,0,0,0,42.0,4.0,0,0,0,0
825,667,667,2025,42,1,2.0,2.0,False,5,JIQUIA,45.0,1.0,0,0,0,0,50.0,1.0,0,0,0,0,49.0,1.0,0,0,0,0,52.0,1.0,0,0,0,0,51.0,1.0,0,0,0,0,27.0,2.0,0,0,0,0,7.0,3.0,0,1,1,1,4.0,2.0,1,1,1,1,18.0,2.0,0,0,0,1,17.0,2.0,0,0,0,1,10.0,2.0,0,1,1,1
825,671,671,2025,46,1,2.0,2.0,True,5,JIQUIA,7.0,2.0,0,1,1,1,6.0,2.0,0,1,1,1,15.0,3.0,0,0,1,1,7.0,2.0,0,1,1,1,5.0,2.0,1,1,1,1,48.0,4.0,0,0,0,0,12.0,4.0,0,0,1,1,33.0,4.0,0,0,0,0,43.0,1.0,0,0,0,0,21.0,4.0,0,0,0,0,27.0,4.0,0,0,0,0
825,674,675,2025,49,2,6.0,4.0,False,5,JIQUIA,26.0,4.0,0,0,0,0,20.0,2.0,0,0,0,1,26.0,4.0,0,0,0,0,28.0,4.0,0,0,0,0,26.0,4.0,0,0,0,0,32.0,3.0,0,0,0,0,18.0,3.0,0,0,0,1,10.0,3.0,0,1,1,1,18.0,3.0,0,0,0,1,16.0,3.0,0,0,0,1,6.0,3.0,0,1,1,1
833,567,567,2023,46,1,3.0,3.0,False,5,ESTANCIA,63.0,3.0,0,0,0,0,56.0,3.0,0,0,0,0,42.0,2.0,0,0,0,0,48.0,2.0,0,0,0,0,36.0,3.0,0,0,0,0,15.0,3.0,0,0,1,1,14.0,3.0,0,0,1,1,11.0,3.0,0,0,1,1,2.0,3.0,1,1,1,1,3.0,3.0,1,1,1,1,8.0,3.0,0,1,1,1
833,574,574,2024,1,1,2.0,2.0,False,5,ESTANCIA,10.0,3.0,0,1,1,1,6.0,3.0,0,1,1,1,5.0,3.0,1,1,1,1,24.0,3.0,0,0,0,0,7.0,3.0,0,1,1,1,10.0,4.0,0,1,1,1,5.0,4.0,1,1,1,1,10.0,4.0,0,1,1,1,3.0,4.0,1,1,1,1,3.0,4.0,1,1,1,1,10.0,4.0,0,1,1,1
833,609,610,2024,36,2,6.0,3.0,False,5,ESTANCIA,15.0,4.0,0,0,1,1,22.0,4.0,0,0,0,0,19.0,4.0,0,0,0,1,25.0,1.0,0,0,0,0,17.0,1.0,0,0,0,1,22.0,4.0,0,0,0,0,21.0,1.0,0,0,0,0,20.0,4.0,0,0,0,1,5.0,4.0,1,1,1,1,15.0,1.0,0,0,1,1,13.0,4.0,0,0,1,1
833,614,614,2024,41,1,3.0,3.0,True,5,ESTANCIA,7.0,2.0,0,1,1,1,1.0,2.0,1,1,1,1,8.0,2.0,0,1,1,1,6.0,2.0,0,1,1,1,5.0,2.0,1,1,1,1,11.0,4.0,0,0,1,1,59.0,4.0,0,0,0,0,2.0,4.0,1,1,1,1,2.0,4.0,1,1,1,1,59.0,4.0,0,0,0,0,2.0,4.0,1,1,1,1
833,655,655,2025,30,1,3.0,3.0,False,5,ESTANCIA,74.0,2.0,0,0,0,0,74.0,4.0,0,0,0,0,62.0,4.0,0,0,0,0,69.0,4.0,0,0,0,0,59.0,4.0,0,0,0,0,56.0,3.0,0,0,0,0,29.0,3.0,0,0,0,0,52.0,3.0,0,0,0,0,29.0,2.0,0,0,0,0,18.0,3.0,0,0,0,1,40.0,2.0,0,0,0,0
833,659,659,2025,34,1,3.0,3.0,True,5,ESTANCIA,57.0,3.0,0,0,0,0,49.0,3.0,0,0,0,0,23.0,3.0,0,0,0,0,23.0,3.0,0,0,0,0,20.0,3.0,0,0,0,1,26.0,4.0,0,0,0,0,2.0,4.0,1,1,1,1,15.0,4.0,0,0,1,1,10.0,4.0,0,1,1,1,2.0,4.0,1,1,1,1,12.0,4.0,0,0,1,1
833,663,664,2025,38,2,9.0,7.0,True,5,ESTANCIA,14.0,3.0,0,0,1,1,4.0,3.0,1,1,1,1,10.0,3.0,0,1,1,1,8.0,3.0,0,1,1,1,10.0,3.0,0,1,1,1,35.0,4.0,0,0,0,0,14.0,1.0,0,0,1,1,29.0,4.0,0,0,0,0,17.0,4.0,0,0,0,1,12.0,1.0,0,0,1,1,21.0,4.0,0,0,0,0
833,666,666,2025,41,1,3.0,3.0,False,5,ESTANCIA,14.0,1.0,0,0,1,1,10.0,1.0,0,1,1,1,14.0,1.0,0,0,1,1,5.0,1.0,1,1,1,1,2.0,1.0,1,1,1,1,14.0,2.0,0,0,1,1,9.0,2.0,0,1,1,1,6.0,2.0,0,1,1,1,3.0,2.0,1,1,1,1,5.0,2.0,1,1,1,1,10.0,2.0,0,1,1,1
833,670,670,2025,45,1,3.0,3.0,True,5,ESTANCIA,15.0,3.0,0,0,1,1,5.0,3.0,1,1,1,1,16.0,3.0,0,0,0,1,8.0,3.0,0,1,1,1,7.0,3.0,0,1,1,1,25.0,4.0,0,0,0,0,16.0,4.0,0,0,0,1,16.0,4.0,0,0,0,1,3.0,4.0,1,1,1,1,5.0,4.0,1,1,1,1,10.0,4.0,0,1,1,1
841,533,534,2023,12,2,4.0,2.0,False,5,CACOTE,8.0,1.0,0,1,1,1,9.0,1.0,0,1,1,1,4.0,2.0,1,1,1,1,4.0,2.0,1,1,1,1,7.0,2.0,0,1,1,1,16.0,4.0,0,0,0,1,10.0,4.0,0,1,1,1,5.0,4.0,1,1,1,1,5.0,4.0,1,1,1,1,5.0,4.0,1,1,1,1,4.0,3.0,1,1,1,1
841,541,541,2023,20,1,2.0,2.0,False,5,CACOTE,1.0,3.0,1,1,1,1,7.0,3.0,0,1,1,1,3.0,4.0,1,1,1,1,4.0,3.0,1,1,1,1,10.0,3.0,0,1,1,1,86.0,2.0,0,0,0,0,51.0,2.0,0,0,0,0,86.0,2.0,0,0,0,0,86.0,2.0,0,0,0,0,51.0,2.0,0,0,0,0,86.0,2.0,0,0,0,0
841,548,548,2023,27,1,1.0,1.0,False,5,CACOTE,5.0,4.0,1,1,1,1,7.0,3.0,0,1,1,1,6.0,3.0,0,1,1,1,6.0,2.0,0,1,1,1,7.0,2.0,0,1,1,1,85.0,4.0,0,0,0,0,67.0,4.0,0,0,0,0,85.0,4.0,0,0,0,0,85.0,4.0,0,0,0,0,67.0,4.0,0,0,0,0,85.0,4.0,0,0,0,0
841,554,554,2023,33,1,1.0,1.0,False,5,CACOTE,3.0,1.0,1,1,1,1,11.0,3.0,0,0,1,1,5.0,1.0,1,1,1,1,3.0,1.0,1,1,1,1,8.0,3.0,0,1,1,1,27.0,3.0,0,0,0,0,12.0,3.0,0,0,1,1,4.0,3.0,1,1,1,1,6.0,3.0,0,1,1,1,4.0,3.0,1,1,1,1,2.0,3.0,1,1,1,1
841,558,558,2023,37,1,2.0,2.0,True,5,CACOTE,7.0,3.0,0,1,1,1,23.0,3.0,0,0,0,0,6.0,4.0,0,1,1,1,3.0,4.0,1,1,1,1,25.0,4.0,0,0,0,0,36.0,4.0,0,0,0,0,18.0,4.0,0,0,0,1,18.0,4.0,0,0,0,1,19.0,4.0,0,0,0,1,12.0,4.0,0,0,1,1,14.0,4.0,0,0,1,1
841,560,560,2023,39,1,1.0,1.0,False,5,CACOTE,3.0,1.0,1,1,1,1,14.0,1.0,0,0,1,1,3.0,1.0,1,1,1,1,6.0,1.0,0,1,1,1,16.0,1.0,0,0,0,1,18.0,2.0,0,0,0,1,9.0,2.0,0,1,1,1,5.0,2.0,1,1,1,1,4.0,2.0,1,1,1,1,4.0,2.0,1,1,1,1,2.0,2.0,1,1,1,1
841,566,566,2023,45,1,1.0,1.0,False,5,CACOTE,2.0,4.0,1,1,1,1,16.0,4.0,0,0,0,1,15.0,4.0,0,0,1,1,4.0,4.0,1,1,1,1,15.0,4.0,0,0,1,1,87.0,1.0,0,0,0,0,59.0,2.0,0,0,0,0,87.0,1.0,0,0,0,0,87.0,1.0,0,0,0,0,59.0,2.0,0,0,0,0,87.0,1.0,0,0,0,0
841,570,570,2023,49,1,1.0,1.0,True,5,CACOTE,2.0,3.0,1,1,1,1,10.0,3.0,0,1,1,1,3.0,3.0,1,1,1,1,4.0,3.0,1,1,1,1,7.0,3.0,0,1,1,1,37.0,4.0,0,0,0,0,19.0,4.0,0,0,0,1,2.0,4.0,1,1,1,1,12.0,4.0,0,0,1,1,10.0,4.0,0,1,1,1,1.0,4.0,1,1,1,1
841,575,575,2024,2,1,1.0,1.0,False,5,CACOTE,4.0,4.0,1,1,1,1,11.0,4.0,0,0,1,1,1.0,4.0,1,1,1,1,2.0,4.0,1,1,1,1,6.0,4.0,0,1,1,1,86.0,1.0,0,0,0,0,61.0,2.0,0,0,0,0,86.0,1.0,0,0,0,0,86.0,1.0,0,0,0,0,61.0,2.0,0,0,0,0,86.0,1.0,0,0,0,0
841,578,579,2024,5,2,5.0,3.0,False,5,CACOTE,5.0,2.0,1,1,1,1,2.0,2.0,1,1,1,1,10.0,3.0,0,1,1,1,4.0,2.0,1,1,1,1,3.0,2.0,1,1,1,1,30.0,3.0,0,0,0,0,20.0,3.0,0,0,0,1,7.0,3.0,0,1,1,1,8.0,3.0,0,1,1,1,7.0,3.0,0,1,1,1,3.0,3.0,1,1,1,1
841,586,587,2024,13,2,6.0,3.0,False,5,CACOTE,12.0,4.0,0,0,1,1,21.0,1.0,0,0,0,0,8.0,1.0,0,1,1,1,13.0,1.0,0,0,1,1,20.0,1.0,0,0,0,1,61.0,3.0,0,0,0,0,25.0,3.0,0,0,0,0,52.0,2.0,0,0,0,0,61.0,3.0,0,0,0,0,27.0,3.0,0,0,0,0,42.0,2.0,0,0,0,0
841,589,591,2024,16,3,7.0,4.0,False,5,CACOTE,5.0,1.0,1,1,1,1,9.0,1.0,0,1,1,1,8.0,4.0,0,1,1,1,6.0,1.0,0,1,1,1,9.0,1.0,0,1,1,1,42.0,3.0,0,0,0,0,8.0,3.0,0,1,1,1,17.0,3.0,0,0,0,1,25.0,3.0,0,0,0,0,12.0,3.0,0,0,1,1,13.0,3.0,0,0,1,1
841,596,598,2024,23,3,7.0,4.0,False,5,CACOTE,5.0,2.0,1,1,1,1,10.0,4.0,0,1,1,1,4.0,4.0,1,1,1,1,2.0,3.0,1,1,1,1,8.0,3.0,0,1,1,1,56.0,3.0,0,0,0,0,14.0,3.0,0,0,1,1,17.0,3.0,0,0,0,1,45.0,3.0,0,0,0,0,15.0,3.0,0,0,1,1,16.0,3.0,0,0,0,1
841,607,607,2024,34,1,1.0,1.0,False,5,CACOTE,7.0,2.0,0,1,1,1,7.0,2.0,0,1,1,1,4.0,2.0,1,1,1,1,3.0,2.0,1,1,1,1,5.0,2.0,1,1,1,1,43.0,1.0,0,0,0,0,16.0,3.0,0,0,0,1,19.0,3.0,0,0,0,1,21.0,3.0,0,0,0,0,12.0,3.0,0,0,1,1,10.0,3.0,0,1,1,1
841,614,614,2024,41,1,1.0,1.0,False,5,CACOTE,12.0,3.0,0,0,1,1,13.0,3.0,0,0,1,1,18.0,1.0,0,0,0,1,20.0,3.0,0,0,0,1,24.0,3.0,0,0,0,0,87.0,1.0,0,0,0,0,60.0,4.0,0,0,0,0,87.0,1.0,0,0,0,0,87.0,1.0,0,0,0,0,60.0,4.0,0,0,0,0,87.0,1.0,0,0,0,0
841,617,620,2024,44,4,5.0,2.0,False,5,CACOTE,11.0,3.0,0,0,1,1,13.0,3.0,0,0,1,1,12.0,3.0,0,0,1,1,5.0,3.0,1,1,1,1,7.0,3.0,0,1,1,1,40.0,3.0,0,0,0,0,19.0,3.0,0,0,0,1,19.0,3.0,0,0,0,1,18.0,3.0,0,0,0,1,14.0,3.0,0,0,1,1,12.0,3.0,0,0,1,1
841,638,639,2025,13,2,6.0,3.0,False,5,CACOTE,20.0,1.0,0,0,0,1,15.0,1.0,0,0,1,1,10.0,1.0,0,1,1,1,20.0,1.0,0,0,0,1,18.0,1.0,0,0,0,1,31.0,3.0,0,0,0,0,6.0,4.0,0,1,1,1,10.0,3.0,0,1,1,1,7.0,3.0,0,1,1,1,7.0,4.0,0,1,1,1,8.0,1.0,0,1,1,1
841,642,642,2025,17,1,2.0,2.0,True,5,CACOTE,1.0,2.0,1,1,1,1,2.0,2.0,1,1,1,1,1.0,2.0,1,1,1,1,1.0,1.0,1,1,1,1,1.0,1.0,1,1,1,1,22.0,3.0,0,0,0,0,33.0,4.0,0,0,0,0,2.0,4.0,1,1,1,1,5.0,3.0,1,1,1,1,20.0,4.0,0,0,0,1,1.0,4.0,1,1,1,1
841,649,649,2025,24,1,1.0,1.0,False,5,CACOTE,1.0,3.0,1,1,1,1,1.0,3.0,1,1,1,1,1.0,4.0,1,1,1,1,1.0,4.0,1,1,1,1,1.0,3.0,1,1,1,1,44.0,4.0,0,0,0,0,51.0,4.0,0,0,0,0,7.0,4.0,0,1,1,1,16.0,4.0,0,0,0,1,51.0,4.0,0,0,0,0,3.0,4.0,1,1,1,1
841,655,656,2025,30,2,6.0,3.0,False,5,CACOTE,42.0,4.0,0,0,0,0,37.0,4.0,0,0,0,0,39.0,2.0,0,0,0,0,42.0,2.0,0,0,0,0,36.0,2.0,0,0,0,0,59.0,2.0,0,0,0,0,18.0,2.0,0,0,0,1,26.0,2.0,0,0,0,0,38.0,2.0,0,0,0,0,18.0,2.0,0,0,0,1,18.0,2.0,0,0,0,1
841,659,659,2025,34,1,1.0,1.0,True,5,CACOTE,6.0,2.0,0,1,1,1,9.0,2.0,0,1,1,1,6.0,2.0,0,1,1,1,3.0,2.0,1,1,1,1,5.0,2.0,1,1,1,1,27.0,4.0,0,0,0,0,3.0,4.0,1,1,1,1,4.0,3.0,1,1,1,1,11.0,3.0,0,0,1,1,5.0,4.0,1,1,1,1,3.0,3.0,1,1,1,1
841,661,661,2025,36,1,1.0,1.0,False,5,CACOTE,6.0,4.0,0,1,1,1,9.0,4.0,0,1,1,1,6.0,4.0,0,1,1,1,3.0,4.0,1,1,1,1,5.0,4.0,1,1,1,1,64.0,2.0,0,0,0,0,15.0,2.0,0,0,1,1,54.0,2.0,0,0,0,0,52.0,2.0,0,0,0,0,20.0,2.0,0,0,0,1,38.0,2.0,0,0,0,0
841,663,663,2025,38,1,1.0,1.0,True,5,CACOTE,12.0,3.0,0,0,1,1,13.0,3.0,0,0,1,1,8.0,3.0,0,1,1,1,18.0,3.0,0,0,0,1,20.0,2.0,0,0,0,1,61.0,2.0,0,0,0,0,15.0,4.0,0,0,1,1,54.0,4.0,0,0,0,0,48.0,2.0,0,0,0,0,20.0,4.0,0,0,0,1,36.0,2.0,0,0,0,0
841,665,669,2025,40,5,8.0,2.0,True,5,CACOTE,7.0,1.0,0,1,1,1,11.0,1.0,0,0,1,1,13.0,1.0,0,0,1,1,5.0,1.0,1,1,1,1,7.0,1.0,0,1,1,1,60.0,2.0,0,0,0,0,18.0,2.0,0,0,0,1,47.0,2.0,0,0,0,0,44.0,2.0,0,0,0,0,24.0,2.0,0,0,0,0,36.0,4.0,0,0,0,0
841,674,675,2025,49,2,2.0,1.0,False,5,CACOTE,3.0,2.0,1,1,1,1,1.0,1.0,1,1,1,1,1.0,2.0,1,1,1,1,1.0,1.0,1,1,1,1,3.0,3.0,1,1,1,1,49.0,3.0,0,0,0,0,15.0,3.0,0,0,1,1,35.0,3.0,0,0,0,0,32.0,3.0,0,0,0,0,10.0,3.0,0,1,1,1,25.0,3.0,0,0,0,0
850,554,554,2023,33,1,9.0,9.0,False,5,AREIAS,3.0,2.0,1,1,1,1,2.0,2.0,1,1,1,1,1.0,2.0,1,1,1,1,2.0,2.0,1,1,1,1,2.0,2.0,1,1,1,1,2.0,3.0,1,1,1,1,14.0,3.0,0,0,1,1,3.0,3.0,1,1,1,1,3.0,3.0,1,1,1,1,9.0,3.0,0,1,1,1,4.0,3.0,1,1,1,1
850,560,560,2023,39,1,7.0,7.0,False,5,AREIAS,1.0,4.0,1,1,1,1,1.0,4.0,1,1,1,1,1.0,4.0,1,1,1,1,1.0,4.0,1,1,1,1,1.0,4.0,1,1,1,1,5.0,3.0,1,1,1,1,17.0,1.0,0,0,0,1,14.0,4.0,0,0,1,1,9.0,4.0,0,1,1,1,14.0,1.0,0,0,1,1,15.0,4.0,0,0,1,1
850,570,570,2023,49,1,4.0,4.0,False,5,AREIAS,32.0,4.0,0,0,0,0,30.0,4.0,0,0,0,0,31.0,4.0,0,0,0,0,32.0,4.0,0,0,0,0,23.0,4.0,0,0,0,0,19.0,4.0,0,0,0,1,22.0,4.0,0,0,0,0,17.0,4.0,0,0,0,1,20.0,4.0,0,0,0,1,22.0,4.0,0,0,0,0,18.0,4.0,0,0,0,1
850,573,573,2023,52,1,4.0,4.0,False,5,AREIAS,12.0,1.0,0,0,1,1,22.0,2.0,0,0,0,0,14.0,2.0,0,0,1,1,16.0,2.0,0,0,0,1,11.0,2.0,0,0,1,1,1.0,3.0,1,1,1,1,1.0,3.0,1,1,1,1,7.0,3.0,0,1,1,1,7.0,3.0,0,1,1,1,5.0,3.0,1,1,1,1,6.0,3.0,0,1,1,1
850,589,589,2024,16,1,16.0,16.0,False,5,AREIAS,47.0,1.0,0,0,0,0,43.0,1.0,0,0,0,0,70.0,1.0,0,0,0,0,61.0,1.0,0,0,0,0,56.0,1.0,0,0,0,0,12.0,2.0,0,0,1,1,11.0,2.0,0,0,1,1,25.0,2.0,0,0,0,0,25.0,2.0,0,0,0,0,15.0,2.0,0,0,1,1,30.0,2.0,0,0,0,0
850,599,599,2024,26,1,12.0,12.0,False,5,AREIAS,9.0,2.0,0,1,1,1,4.0,2.0,1,1,1,1,12.0,4.0,0,0,1,1,4.0,2.0,1,1,1,1,7.0,2.0,0,1,1,1,17.0,3.0,0,0,0,1,24.0,3.0,0,0,0,0,22.0,3.0,0,0,0,0,28.0,3.0,0,0,0,0,29.0,3.0,0,0,0,0,22.0,3.0,0,0,0,0
850,601,601,2024,28,1,7.0,7.0,False,5,AREIAS,9.0,4.0,0,1,1,1,4.0,4.0,1,1,1,1,10.0,1.0,0,1,1,1,4.0,4.0,1,1,1,1,7.0,4.0,0,1,1,1,3.0,2.0,1,1,1,1,3.0,2.0,1,1,1,1,2.0,2.0,1,1,1,1,5.0,2.0,1,1,1,1,4.0,2.0,1,1,1,1,2.0,2.0,1,1,1,1
850,615,615,2024,42,1,4.0,4.0,False,5,AREIAS,28.0,4.0,0,0,0,0,42.0,4.0,0,0,0,0,22.0,4.0,0,0,0,0,55.0,2.0,0,0,0,0,46.0,4.0,0,0,0,0,38.0,3.0,0,0,0,0,18.0,3.0,0,0,0,1,36.0,3.0,0,0,0,0,37.0,3.0,0,0,0,0,22.0,3.0,0,0,0,0,34.0,3.0,0,0,0,0
850,657,658,2025,32,2,11.0,6.0,False,5,AREIAS,51.0,2.0,0,0,0,0,30.0,2.0,0,0,0,0,42.0,2.0,0,0,0,0,12.0,2.0,0,0,1,1,13.0,2.0,0,0,1,1,22.0,3.0,0,0,0,0,32.0,3.0,0,0,0,0,38.0,3.0,0,0,0,0,43.0,3.0,0,0,0,0,33.0,3.0,0,0,0,0,45.0,3.0,0,0,0,0
850,663,665,2025,38,3,25.0,9.0,False,5,AREIAS,64.0,2.0,0,0,0,0,53.0,2.0,0,0,0,0,36.0,1.0,0,0,0,0,46.0,1.0,0,0,0,0,41.0,1.0,0,0,0,0,31.0,2.0,0,0,0,0,6.0,2.0,0,1,1,1,45.0,2.0,0,0,0,0,42.0,2.0,0,0,0,0,15.0,2.0,0,0,1,1,51.0,2.0,0,0,0,0
850,667,667,2025,42,1,6.0,6.0,True,5,AREIAS,5.0,1.0,1,1,1,1,1.0,1.0,1,1,1,1,6.0,1.0,0,1,1,1,4.0,1.0,1,1,1,1,5.0,1.0,1,1,1,1,5.0,2.0,1,1,1,1,5.0,4.0,1,1,1,1,7.0,2.0,0,1,1,1,16.0,2.0,0,0,0,1,13.0,4.0,0,0,1,1,17.0,2.0,0,0,0,1
850,669,671,2025,44,3,14.0,5.0,True,5,AREIAS,5.0,3.0,1,1,1,1,1.0,3.0,1,1,1,1,4.0,1.0,1,1,1,1,4.0,3.0,1,1,1,1,5.0,3.0,1,1,1,1,5.0,4.0,1,1,1,1,15.0,2.0,0,0,1,1,7.0,4.0,0,1,1,1,16.0,4.0,0,0,0,1,27.0,2.0,0,0,0,0,17.0,4.0,0,0,0,1
86,553,553,2023,32,1,5.0,5.0,False,1,BOA VISTA,59.0,3.0,0,0,0,0,63.0,3.0,0,0,0,0,71.0,3.0,0,0,0,0,65.0,3.0,0,0,0,0,66.0,3.0,0,0,0,0,37.0,1.0,0,0,0,0,21.0,1.0,0,0,0,0,28.0,1.0,0,0,0,0,23.0,1.0,0,0,0,0,14.0,1.0,0,0,1,1,26.0,1.0,0,0,0,0
86,558,560,2023,37,3,6.0,3.0,False,1,BOA VISTA,25.0,2.0,0,0,0,0,35.0,2.0,0,0,0,0,24.0,3.0,0,0,0,0,25.0,2.0,0,0,0,0,13.0,1.0,0,0,1,1,36.0,1.0,0,0,0,0,22.0,1.0,0,0,0,0,24.0,1.0,0,0,0,0,23.0,1.0,0,0,0,0,19.0,1.0,0,0,0,1,20.0,1.0,0,0,0,1
86,562,564,2023,41,3,3.0,1.0,True,1,BOA VISTA,7.0,3.0,0,1,1,1,7.0,3.0,0,1,1,1,11.0,3.0,0,0,1,1,12.0,3.0,0,0,1,1,11.0,3.0,0,0,1,1,10.0,4.0,0,1,1,1,20.0,2.0,0,0,0,1,5.0,2.0,1,1,1,1,5.0,4.0,1,1,1,1,7.0,4.0,0,1,1,1,3.0,2.0,1,1,1,1
86,566,566,2023,45,1,2.0,2.0,True,1,BOA VISTA,2.0,2.0,1,1,1,1,3.0,2.0,1,1,1,1,5.0,2.0,1,1,1,1,2.0,3.0,1,1,1,1,7.0,3.0,0,1,1,1,30.0,4.0,0,0,0,0,14.0,4.0,0,0,1,1,8.0,4.0,0,1,1,1,16.0,2.0,0,0,0,1,14.0,4.0,0,0,1,1,5.0,4.0,1,1,1,1
86,582,582,2024,9,1,9.0,9.0,False,1,BOA VISTA,25.0,2.0,0,0,0,0,27.0,2.0,0,0,0,0,21.0,2.0,0,0,0,0,23.0,2.0,0,0,0,0,18.0,2.0,0,0,0,1,19.0,2.0,0,0,0,1,18.0,2.0,0,0,0,1,14.0,2.0,0,0,1,1,11.0,2.0,0,0,1,1,14.0,2.0,0,0,1,1,16.0,2.0,0,0,0,1
86,588,588,2024,15,1,5.0,5.0,False,1,BOA VISTA,3.0,2.0,1,1,1,1,4.0,2.0,1,1,1,1,11.0,2.0,0,0,1,1,6.0,2.0,0,1,1,1,18.0,4.0,0,0,0,1,49.0,1.0,0,0,0,0,37.0,1.0,0,0,0,0,37.0,1.0,0,0,0,0,49.0,1.0,0,0,0,0,41.0,1.0,0,0,0,0,36.0,1.0,0,0,0,0
86,607,607,2024,34,1,3.0,3.0,False,1,BOA VISTA,28.0,4.0,0,0,0,0,29.0,4.0,0,0,0,0,34.0,3.0,0,0,0,0,30.0,4.0,0,0,0,0,30.0,4.0,0,0,0,0,41.0,2.0,0,0,0,0,19.0,2.0,0,0,0,1,34.0,2.0,0,0,0,0,28.0,2.0,0,0,0,0,16.0,2.0,0,0,0,1,34.0,2.0,0,0,0,0
86,609,609,2024,36,1,2.0,2.0,False,1,BOA VISTA,9.0,1.0,0,1,1,1,11.0,1.0,0,0,1,1,9.0,1.0,0,1,1,1,13.0,1.0,0,0,1,1,9.0,1.0,0,1,1,1,18.0,2.0,0,0,0,1,3.0,2.0,1,1,1,1,12.0,2.0,0,0,1,1,7.0,2.0,0,1,1,1,5.0,2.0,1,1,1,1,11.0,2.0,0,0,1,1
86,613,613,2024,40,1,2.0,2.0,True,1,BOA VISTA,10.0,2.0,0,1,1,1,9.0,3.0,0,1,1,1,8.0,2.0,0,1,1,1,6.0,2.0,0,1,1,1,8.0,3.0,0,1,1,1,26.0,4.0,0,0,0,0,19.0,4.0,0,0,0,1,10.0,4.0,0,1,1,1,14.0,4.0,0,0,1,1,15.0,4.0,0,0,1,1,8.0,4.0,0,1,1,1
86,615,616,2024,42,2,5.0,3.0,False,1,BOA VISTA,10.0,4.0,0,1,1,1,11.0,4.0,0,0,1,1,8.0,4.0,0,1,1,1,6.0,4.0,0,1,1,1,10.0,4.0,0,1,1,1,23.0,2.0,0,0,0,0,8.0,2.0,0,1,1,1,6.0,2.0,0,1,1,1,14.0,2.0,0,0,1,1,10.0,2.0,0,1,1,1,4.0,2.0,1,1,1,1
86,620,620,2024,47,1,2.0,2.0,True,1,BOA VISTA,13.0,4.0,0,0,1,1,8.0,1.0,0,1,1,1,14.0,4.0,0,0,1,1,4.0,2.0,1,1,1,1,7.0,4.0,0,1,1,1,18.0,4.0,0,0,0,1,29.0,2.0,0,0,0,0,7.0,4.0,0,1,1,1,10.0,4.0,0,1,1,1,27.0,2.0,0,0,0,0,4.0,4.0,1,1,1,1
86,624,624,2024,51,1,3.0,3.0,True,1,BOA VISTA,29.0,4.0,0,0,0,0,18.0,4.0,0,0,0,1,28.0,3.0,0,0,0,0,21.0,1.0,0,0,0,0,26.0,1.0,0,0,0,0,23.0,4.0,0,0,0,0,22.0,2.0,0,0,0,0,12.0,4.0,0,0,1,1,17.0,4.0,0,0,0,1,20.0,4.0,0,0,0,1,12.0,4.0,0,0,1,1
86,649,649,2025,24,1,6.0,6.0,False,1,BOA VISTA,20.0,2.0,0,0,0,1,20.0,2.0,0,0,0,1,4.0,2.0,1,1,1,1,5.0,2.0,1,1,1,1,5.0,2.0,1,1,1,1,29.0,3.0,0,0,0,0,8.0,3.0,0,1,1,1,20.0,3.0,0,0,0,1,13.0,3.0,0,0,1,1,8.0,3.0,0,1,1,1,19.0,3.0,0,0,0,1
86,652,653,2025,27,2,9.0,5.0,False,1,BOA VISTA,17.0,2.0,0,0,0,1,17.0,2.0,0,0,0,1,27.0,2.0,0,0,0,0,8.0,2.0,0,1,1,1,8.0,2.0,0,1,1,1,11.0,3.0,0,0,1,1,7.0,3.0,0,1,1,1,6.0,3.0,0,1,1,1,7.0,3.0,0,1,1,1,8.0,3.0,0,1,1,1,4.0,3.0,1,1,1,1
86,658,662,2025,33,5,17.0,5.0,False,1,BOA VISTA,3.0,4.0,1,1,1,1,2.0,4.0,1,1,1,1,5.0,3.0,1,1,1,1,3.0,2.0,1,1,1,1,2.0,2.0,1,1,1,1,23.0,4.0,0,0,0,0,72.0,1.0,0,0,0,0,15.0,4.0,0,0,1,1,25.0,4.0,0,0,0,0,70.0,2.0,0,0,0,0,22.0,4.0,0,0,0,0
86,666,669,2025,41,4,17.0,7.0,True,1,BOA VISTA,7.0,4.0,0,1,1,1,12.0,3.0,0,0,1,1,17.0,3.0,0,0,0,1,16.0,2.0,0,0,0,1,15.0,3.0,0,0,1,1,38.0,4.0,0,0,0,0,26.0,2.0,0,0,0,0,34.0,4.0,0,0,0,0,34.0,4.0,0,0,0,0,32.0,2.0,0,0,0,0,28.0,4.0,0,0,0,0
86,672,673,2025,47,2,5.0,3.0,True,1,BOA VISTA,5.0,4.0,1,1,1,1,5.0,2.0,1,1,1,1,3.0,2.0,1,1,1,1,2.0,2.0,1,1,1,1,2.0,2.0,1,1,1,1,40.0,4.0,0,0,0,0,68.0,3.0,0,0,0,0,30.0,3.0,0,0,0,0,28.0,4.0,0,0,0,0,66.0,1.0,0,0,0,0,22.0,4.0,0,0,0,0
868,568,568,2023,47,1,4.0,4.0,False,5,JARDIM SAO PAULO,28.0,3.0,0,0,0,0,35.0,3.0,0,0,0,0,15.0,1.0,0,0,1,1,14.0,1.0,0,0,1,1,20.0,1.0,0,0,0,1,12.0,3.0,0,0,1,1,14.0,1.0,0,0,1,1,11.0,1.0,0,0,1,1,17.0,1.0,0,0,0,1,14.0,1.0,0,0,1,1,10.0,1.0,0,1,1,1
868,583,589,2024,10,7,153.0,28.0,False,5,JARDIM SAO PAULO,19.0,4.0,0,0,0,1,20.0,3.0,0,0,0,1,10.0,2.0,0,1,1,1,10.0,3.0,0,1,1,1,19.0,3.0,0,0,0,1,6.0,3.0,0,1,1,1,2.0,4.0,1,1,1,1,4.0,3.0,1,1,1,1,16.0,3.0,0,0,0,1,16.0,4.0,0,0,0,1,9.0,3.0,0,1,1,1
868,597,598,2024,24,2,23.0,12.0,False,5,JARDIM SAO PAULO,23.0,1.0,0,0,0,0,32.0,1.0,0,0,0,0,20.0,4.0,0,0,0,1,40.0,1.0,0,0,0,0,39.0,1.0,0,0,0,0,7.0,1.0,0,1,1,1,14.0,1.0,0,0,1,1,10.0,1.0,0,1,1,1,12.0,1.0,0,0,1,1,13.0,1.0,0,0,1,1,14.0,1.0,0,0,1,1
868,601,601,2024,28,1,10.0,10.0,True,5,JARDIM SAO PAULO,7.0,2.0,0,1,1,1,8.0,2.0,0,1,1,1,2.0,2.0,1,1,1,1,7.0,2.0,0,1,1,1,4.0,2.0,1,1,1,1,4.0,4.0,1,1,1,1,32.0,4.0,0,0,0,0,3.0,4.0,1,1,1,1,6.0,4.0,0,1,1,1,24.0,4.0,0,0,0,0,8.0,4.0,0,1,1,1
868,611,611,2024,38,1,5.0,5.0,False,5,JARDIM SAO PAULO,1.0,2.0,1,1,1,1,1.0,4.0,1,1,1,1,6.0,3.0,0,1,1,1,3.0,2.0,1,1,1,1,1.0,2.0,1,1,1,1,10.0,4.0,0,1,1,1,24.0,2.0,0,0,0,0,13.0,4.0,0,0,1,1,17.0,4.0,0,0,0,1,21.0,2.0,0,0,0,0,17.0,1.0,0,0,0,1
868,613,613,2024,40,1,5.0,5.0,False,5,JARDIM SAO PAULO,1.0,4.0,1,1,1,1,6.0,4.0,0,1,1,1,5.0,1.0,1,1,1,1,3.0,4.0,1,1,1,1,1.0,4.0,1,1,1,1,2.0,2.0,1,1,1,1,15.0,2.0,0,0,1,1,4.0,2.0,1,1,1,1,5.0,2.0,1,1,1,1,13.0,2.0,0,0,1,1,5.0,2.0,1,1,1,1
868,617,617,2024,44,1,5.0,5.0,True,5,JARDIM SAO PAULO,1.0,3.0,1,1,1,1,3.0,3.0,1,1,1,1,1.0,3.0,1,1,1,1,1.0,3.0,1,1,1,1,1.0,3.0,1,1,1,1,5.0,4.0,1,1,1,1,9.0,4.0,0,1,1,1,9.0,4.0,0,1,1,1,12.0,4.0,0,0,1,1,14.0,4.0,0,0,1,1,15.0,4.0,0,0,1,1
868,620,620,2024,47,1,5.0,5.0,False,5,JARDIM SAO PAULO,14.0,1.0,0,0,1,1,15.0,1.0,0,0,1,1,4.0,4.0,1,1,1,1,9.0,1.0,0,1,1,1,13.0,1.0,0,0,1,1,2.0,3.0,1,1,1,1,10.0,3.0,0,1,1,1,7.0,3.0,0,1,1,1,18.0,3.0,0,0,0,1,17.0,3.0,0,0,0,1,9.0,3.0,0,1,1,1
868,623,623,2024,50,1,6.0,6.0,False,5,JARDIM SAO PAULO,13.0,2.0,0,0,1,1,15.0,4.0,0,0,1,1,14.0,2.0,0,0,1,1,9.0,4.0,0,1,1,1,13.0,4.0,0,0,1,1,5.0,3.0,1,1,1,1,7.0,3.0,0,1,1,1,7.0,3.0,0,1,1,1,13.0,3.0,0,0,1,1,10.0,3.0,0,1,1,1,8.0,3.0,0,1,1,1
868,626,626,2025,1,1,4.0,4.0,False,5,JARDIM SAO PAULO,13.0,1.0,0,0,1,1,9.0,1.0,0,1,1,1,27.0,2.0,0,0,0,0,8.0,1.0,0,1,1,1,7.0,1.0,0,1,1,1,3.0,3.0,1,1,1,1,3.0,3.0,1,1,1,1,3.0,3.0,1,1,1,1,6.0,3.0,0,1,1,1,4.0,3.0,1,1,1,1,7.0,3.0,0,1,1,1
868,628,629,2025,3,2,10.0,6.0,False,5,JARDIM SAO PAULO,5.0,1.0,1,1,1,1,1.0,1.0,1,1,1,1,4.0,1.0,1,1,1,1,2.0,1.0,1,1,1,1,1.0,1.0,1,1,1,1,7.0,2.0,0,1,1,1,18.0,3.0,0,0,0,1,2.0,2.0,1,1,1,1,9.0,2.0,0,1,1,1,12.0,2.0,0,0,1,1,2.0,2.0,1,1,1,1
868,657,657,2025,32,1,9.0,9.0,False,5,JARDIM SAO PAULO,73.0,1.0,0,0,0,0,77.0,1.0,0,0,0,0,52.0,1.0,0,0,0,0,52.0,1.0,0,0,0,0,43.0,1.0,0,0,0,0,25.0,4.0,0,0,0,0,2.0,4.0,1,1,1,1,43.0,1.0,0,0,0,0,42.0,4.0,0,0,0,0,19.0,4.0,0,0,0,1,47.0,1.0,0,0,0,0
868,664,664,2025,39,1,7.0,7.0,False,5,JARDIM SAO PAULO,27.0,2.0,0,0,0,0,34.0,1.0,0,0,0,0,23.0,4.0,0,0,0,0,28.0,1.0,0,0,0,0,31.0,1.0,0,0,0,0,31.0,1.0,0,0,0,0,1.0,3.0,1,1,1,1,48.0,1.0,0,0,0,0,47.0,1.0,0,0,0,0,17.0,3.0,0,0,0,1,53.0,1.0,0,0,0,0
868,667,667,2025,42,1,9.0,9.0,False,5,JARDIM SAO PAULO,35.0,4.0,0,0,0,0,34.0,4.0,0,0,0,0,52.0,4.0,0,0,0,0,28.0,4.0,0,0,0,0,31.0,4.0,0,0,0,0,15.0,3.0,0,0,1,1,19.0,4.0,0,0,0,1,20.0,3.0,0,0,0,1,34.0,3.0,0,0,0,0,24.0,1.0,0,0,0,0,33.0,3.0,0,0,0,0
868,670,670,2025,45,1,5.0,5.0,False,5,JARDIM SAO PAULO,11.0,2.0,0,0,1,1,12.0,2.0,0,0,1,1,25.0,2.0,0,0,0,0,35.0,2.0,0,0,0,0,22.0,2.0,0,0,0,0,8.0,3.0,0,1,1,1,6.0,3.0,0,1,1,1,11.0,3.0,0,0,1,1,21.0,3.0,0,0,0,0,17.0,3.0,0,0,0,1,19.0,3.0,0,0,0,1
876,561,561,2023,40,1,1.0,1.0,False,5,BARRO,10.0,1.0,0,1,1,1,14.0,1.0,0,0,1,1,21.0,2.0,0,0,0,0,23.0,2.0,0,0,0,0,20.0,2.0,0,0,0,1,33.0,2.0,0,0,0,0,18.0,2.0,0,0,0,1,23.0,2.0,0,0,0,0,31.0,2.0,0,0,0,0,21.0,2.0,0,0,0,0,22.0,2.0,0,0,0,0
876,563,564,2023,42,2,6.0,4.0,False,5,BARRO,10.0,3.0,0,1,1,1,11.0,2.0,0,0,1,1,21.0,4.0,0,0,0,0,23.0,4.0,0,0,0,0,20.0,4.0,0,0,0,1,33.0,4.0,0,0,0,0,16.0,2.0,0,0,0,1,12.0,2.0,0,0,1,1,29.0,2.0,0,0,0,0,18.0,2.0,0,0,0,1,8.0,2.0,0,1,1,1
876,568,568,2023,47,1,3.0,3.0,True,5,BARRO,8.0,4.0,0,1,1,1,10.0,4.0,0,1,1,1,11.0,4.0,0,0,1,1,10.0,4.0,0,1,1,1,10.0,4.0,0,1,1,1,16.0,4.0,0,0,0,1,62.0,1.0,0,0,0,0,4.0,4.0,1,1,1,1,20.0,4.0,0,0,0,1,62.0,1.0,0,0,0,0,6.0,4.0,0,1,1,1
876,572,572,2023,51,1,3.0,3.0,True,5,BARRO,9.0,3.0,0,1,1,1,11.0,3.0,0,0,1,1,7.0,3.0,0,1,1,1,9.0,4.0,0,1,1,1,13.0,3.0,0,0,1,1,8.0,4.0,0,1,1,1,3.0,4.0,1,1,1,1,2.0,4.0,1,1,1,1,16.0,4.0,0,0,0,1,10.0,4.0,0,1,1,1,3.0,4.0,1,1,1,1
876,581,584,2024,8,4,59.0,20.0,False,5,BARRO,21.0,2.0,0,0,0,0,28.0,2.0,0,0,0,0,18.0,2.0,0,0,0,1,24.0,2.0,0,0,0,0,16.0,2.0,0,0,0,1,18.0,2.0,0,0,0,1,6.0,2.0,0,1,1,1,10.0,2.0,0,1,1,1,35.0,2.0,0,0,0,0,23.0,2.0,0,0,0,0,11.0,2.0,0,0,1,1
876,588,589,2024,15,2,21.0,12.0,True,5,BARRO,32.0,3.0,0,0,0,0,33.0,3.0,0,0,0,0,39.0,2.0,0,0,0,0,41.0,3.0,0,0,0,0,35.0,3.0,0,0,0,0,22.0,4.0,0,0,0,0,13.0,1.0,0,0,1,1,19.0,4.0,0,0,0,1,52.0,4.0,0,0,0,0,34.0,1.0,0,0,0,0,23.0,4.0,0,0,0,0
876,596,596,2024,23,1,8.0,8.0,False,5,BARRO,5.0,3.0,1,1,1,1,3.0,3.0,1,1,1,1,8.0,3.0,0,1,1,1,6.0,3.0,0,1,1,1,1.0,2.0,1,1,1,1,17.0,4.0,0,0,0,1,21.0,4.0,0,0,0,0,12.0,4.0,0,0,1,1,36.0,4.0,0,0,0,0,22.0,4.0,0,0,0,0,17.0,4.0,0,0,0,1
876,599,599,2024,26,1,6.0,6.0,False,5,BARRO,3.0,2.0,1,1,1,1,3.0,2.0,1,1,1,1,6.0,2.0,0,1,1,1,6.0,2.0,0,1,1,1,3.0,2.0,1,1,1,1,8.0,3.0,0,1,1,1,1.0,3.0,1,1,1,1,1.0,3.0,1,1,1,1,13.0,3.0,0,0,1,1,8.0,3.0,0,1,1,1,4.0,3.0,1,1,1,1
876,601,601,2024,28,1,10.0,10.0,False,5,BARRO,1.0,1.0,1,1,1,1,1.0,1.0,1,1,1,1,2.0,1.0,1,1,1,1,6.0,4.0,0,1,1,1,2.0,1.0,1,1,1,1,11.0,2.0,0,0,1,1,5.0,2.0,1,1,1,1,4.0,2.0,1,1,1,1,21.0,2.0,0,0,0,0,15.0,2.0,0,0,1,1,4.0,2.0,1,1,1,1
876,606,610,2024,33,5,22.0,9.0,False,5,BARRO,8.0,1.0,0,1,1,1,12.0,1.0,0,0,1,1,20.0,1.0,0,0,0,1,12.0,1.0,0,0,1,1,10.0,1.0,0,1,1,1,11.0,2.0,0,0,1,1,2.0,2.0,1,1,1,1,8.0,2.0,0,1,1,1,18.0,2.0,0,0,0,1,11.0,2.0,0,0,1,1,12.0,2.0,0,0,1,1
876,614,614,2024,41,1,2.0,2.0,True,5,BARRO,1.0,4.0,1,1,1,1,2.0,3.0,1,1,1,1,3.0,3.0,1,1,1,1,1.0,3.0,1,1,1,1,1.0,3.0,1,1,1,1,23.0,4.0,0,0,0,0,70.0,3.0,0,0,0,0,7.0,4.0,0,1,1,1,28.0,4.0,0,0,0,0,67.0,3.0,0,0,0,0,9.0,4.0,0,1,1,1
876,618,618,2024,45,1,2.0,2.0,True,5,BARRO,19.0,3.0,0,0,0,1,11.0,3.0,0,0,1,1,17.0,4.0,0,0,0,1,8.0,3.0,0,1,1,1,5.0,4.0,1,1,1,1,17.0,4.0,0,0,0,1,4.0,4.0,1,1,1,1,10.0,4.0,0,1,1,1,31.0,4.0,0,0,0,0,20.0,4.0,0,0,0,1,11.0,4.0,0,0,1,1
876,620,621,2024,47,2,4.0,2.0,False,5,BARRO,53.0,2.0,0,0,0,0,52.0,1.0,0,0,0,0,42.0,1.0,0,0,0,0,46.0,2.0,0,0,0,0,44.0,2.0,0,0,0,0,34.0,2.0,0,0,0,0,13.0,2.0,0,0,1,1,23.0,2.0,0,0,0,0,47.0,2.0,0,0,0,0,31.0,2.0,0,0,0,0,26.0,2.0,0,0,0,0
876,657,658,2025,32,2,11.0,6.0,False,5,BARRO,11.0,3.0,0,0,1,1,6.0,3.0,0,1,1,1,19.0,3.0,0,0,0,1,12.0,3.0,0,0,1,1,10.0,3.0,0,1,1,1,26.0,4.0,0,0,0,0,16.0,1.0,0,0,0,1,23.0,4.0,0,0,0,0,43.0,4.0,0,0,0,0,24.0,1.0,0,0,0,0,23.0,4.0,0,0,0,0
876,660,660,2025,35,1,4.0,4.0,False,5,BARRO,13.0,1.0,0,0,1,1,10.0,1.0,0,1,1,1,5.0,1.0,1,1,1,1,12.0,1.0,0,0,1,1,3.0,1.0,1,1,1,1,16.0,3.0,0,0,0,1,16.0,4.0,0,0,0,1,21.0,3.0,0,0,0,0,37.0,3.0,0,0,0,0,24.0,4.0,0,0,0,0,22.0,3.0,0,0,0,0
876,663,663,2025,38,1,2.0,2.0,False,5,BARRO,5.0,2.0,1,1,1,1,6.0,2.0,0,1,1,1,5.0,4.0,1,1,1,1,4.0,2.0,1,1,1,1,3.0,4.0,1,1,1,1,29.0,3.0,0,0,0,0,31.0,3.0,0,0,0,0,35.0,1.0,0,0,0,0,53.0,1.0,0,0,0,0,34.0,3.0,0,0,0,0,36.0,3.0,0,0,0,0
876,665,665,2025,40,1,3.0,3.0,False,5,BARRO,3.0,1.0,1,1,1,1,6.0,4.0,0,1,1,1,9.0,4.0,0,1,1,1,3.0,1.0,1,1,1,1,4.0,4.0,1,1,1,1,39.0,3.0,0,0,0,0,49.0,3.0,0,0,0,0,35.0,3.0,0,0,0,0,53.0,3.0,0,0,0,0,49.0,3.0,0,0,0,0,38.0,3.0,0,0,0,0
876,667,667,2025,42,1,2.0,2.0,True,5,BARRO,3.0,3.0,1,1,1,1,6.0,4.0,0,1,1,1,10.0,3.0,0,1,1,1,3.0,3.0,1,1,1,1,4.0,3.0,1,1,1,1,28.0,2.0,0,0,0,0,14.0,2.0,0,0,1,1,5.0,2.0,1,1,1,1,52.0,2.0,0,0,0,0,19.0,2.0,0,0,0,1,12.0,2.0,0,0,1,1
876,669,669,2025,44,1,4.0,4.0,True,5,BARRO,38.0,3.0,0,0,0,0,38.0,3.0,0,0,0,0,43.0,3.0,0,0,0,0,26.0,2.0,0,0,0,0,34.0,2.0,0,0,0,0,28.0,4.0,0,0,0,0,13.0,2.0,0,0,1,1,5.0,4.0,1,1,1,1,52.0,4.0,0,0,0,0,19.0,4.0,0,0,0,1,12.0,4.0,0,0,1,1
884,612,612,2024,39,1,8.0,8.0,False,6,COHAB,55.0,1.0,0,0,0,0,51.0,1.0,0,0,0,0,21.0,1.0,0,0,0,0,47.0,1.0,0,0,0,0,14.0,1.0,0,0,1,1,1.0,1.0,1,1,1,1,16.0,3.0,0,0,0,1,5.0,1.0,1,1,1,1,15.0,1.0,0,0,1,1,16.0,2.0,0,0,0,1,10.0,1.0,0,1,1,1
884,658,659,2025,33,2,41.0,24.0,False,6,COHAB,88.0,1.0,0,0,0,0,92.0,4.0,0,0,0,0,86.0,4.0,0,0,0,0,81.0,1.0,0,0,0,0,79.0,1.0,0,0,0,0,3.0,1.0,1,1,1,1,26.0,1.0,0,0,0,0,30.0,3.0,0,0,0,0,29.0,3.0,0,0,0,0,28.0,3.0,0,0,0,0,36.0,3.0,0,0,0,0
884,661,675,2025,36,15,188.0,20.0,False,6,COHAB,86.0,3.0,0,0,0,0,91.0,3.0,0,0,0,0,85.0,1.0,0,0,0,0,81.0,4.0,0,0,0,0,78.0,3.0,0,0,0,0,1.0,3.0,1,1,1,1,26.0,4.0,0,0,0,0,16.0,2.0,0,0,0,1,22.0,3.0,0,0,0,0,28.0,4.0,0,0,0,0,24.0,2.0,0,0,0,0
892,554,554,2023,33,1,3.0,3.0,False,5,TEJIPIO,17.0,2.0,0,0,0,1,13.0,2.0,0,0,1,1,16.0,1.0,0,0,0,1,14.0,1.0,0,0,1,1,13.0,1.0,0,0,1,1,38.0,2.0,0,0,0,0,22.0,2.0,0,0,0,0,19.0,2.0,0,0,0,1,11.0,2.0,0,0,1,1,9.0,2.0,0,1,1,1,18.0,2.0,0,0,0,1
892,564,564,2023,43,1,2.0,2.0,False,5,TEJIPIO,4.0,1.0,1,1,1,1,5.0,4.0,1,1,1,1,4.0,1.0,1,1,1,1,8.0,1.0,0,1,1,1,4.0,1.0,1,1,1,1,33.0,2.0,0,0,0,0,15.0,2.0,0,0,1,1,12.0,2.0,0,0,1,1,11.0,2.0,0,0,1,1,8.0,2.0,0,1,1,1,9.0,2.0,0,1,1,1
892,569,569,2023,48,1,3.0,3.0,False,5,TEJIPIO,4.0,4.0,1,1,1,1,1.0,2.0,1,1,1,1,1.0,4.0,1,1,1,1,3.0,2.0,1,1,1,1,2.0,2.0,1,1,1,1,32.0,4.0,0,0,0,0,64.0,2.0,0,0,0,0,8.0,4.0,0,1,1,1,12.0,4.0,0,0,1,1,64.0,2.0,0,0,0,0,6.0,4.0,0,1,1,1
892,576,576,2024,3,1,2.0,2.0,False,5,TEJIPIO,3.0,2.0,1,1,1,1,2.0,2.0,1,1,1,1,3.0,2.0,1,1,1,1,3.0,2.0,1,1,1,1,2.0,2.0,1,1,1,1,24.0,2.0,0,0,0,0,13.0,2.0,0,0,1,1,8.0,2.0,0,1,1,1,7.0,2.0,0,1,1,1,6.0,2.0,0,1,1,1,7.0,2.0,0,1,1,1
892,582,584,2024,9,3,20.0,9.0,False,5,TEJIPIO,15.0,1.0,0,0,1,1,6.0,1.0,0,1,1,1,20.0,4.0,0,0,0,1,9.0,2.0,0,1,1,1,9.0,2.0,0,1,1,1,31.0,2.0,0,0,0,0,20.0,4.0,0,0,0,1,11.0,2.0,0,0,1,1,15.0,2.0,0,0,1,1,12.0,4.0,0,0,1,1,12.0,2.0,0,0,1,1
892,586,588,2024,13,3,19.0,7.0,True,5,TEJIPIO,3.0,1.0,1,1,1,1,3.0,1.0,1,1,1,1,57.0,4.0,0,0,0,0,17.0,1.0,0,0,0,1,31.0,1.0,0,0,0,0,27.0,2.0,0,0,0,0,26.0,4.0,0,0,0,0,6.0,2.0,0,1,1,1,8.0,2.0,0,1,1,1,13.0,2.0,0,0,1,1,8.0,2.0,0,1,1,1
892,593,594,2024,20,2,8.0,4.0,False,5,TEJIPIO,11.0,3.0,0,0,1,1,8.0,3.0,0,1,1,1,40.0,3.0,0,0,0,0,39.0,1.0,0,0,0,0,27.0,1.0,0,0,0,0,25.0,1.0,0,0,0,0,47.0,1.0,0,0,0,0,10.0,1.0,0,1,1,1,13.0,1.0,0,0,1,1,47.0,1.0,0,0,0,0,11.0,1.0,0,0,1,1
892,596,596,2024,23,1,3.0,3.0,False,5,TEJIPIO,3.0,1.0,1,1,1,1,2.0,1.0,1,1,1,1,5.0,1.0,1,1,1,1,4.0,1.0,1,1,1,1,2.0,1.0,1,1,1,1,17.0,3.0,0,0,0,1,29.0,3.0,0,0,0,0,5.0,3.0,1,1,1,1,7.0,3.0,0,1,1,1,17.0,3.0,0,0,0,1,6.0,3.0,0,1,1,1
892,598,599,2024,25,2,10.0,6.0,True,5,TEJIPIO,1.0,1.0,1,1,1,1,2.0,3.0,1,1,1,1,2.0,1.0,1,1,1,1,2.0,1.0,1,1,1,1,2.0,3.0,1,1,1,1,24.0,4.0,0,0,0,0,31.0,2.0,0,0,0,0,6.0,2.0,0,1,1,1,9.0,2.0,0,1,1,1,22.0,2.0,0,0,0,0,6.0,2.0,0,1,1,1
892,601,601,2024,28,1,3.0,3.0,False,5,TEJIPIO,1.0,4.0,1,1,1,1,2.0,4.0,1,1,1,1,2.0,4.0,1,1,1,1,2.0,4.0,1,1,1,1,2.0,4.0,1,1,1,1,11.0,3.0,0,0,1,1,4.0,3.0,1,1,1,1,2.0,3.0,1,1,1,1,7.0,3.0,0,1,1,1,4.0,3.0,1,1,1,1,3.0,2.0,1,1,1,1
892,605,605,2024,32,1,4.0,4.0,True,5,TEJIPIO,1.0,3.0,1,1,1,1,2.0,3.0,1,1,1,1,4.0,3.0,1,1,1,1,7.0,3.0,0,1,1,1,2.0,3.0,1,1,1,1,25.0,3.0,0,0,0,0,5.0,4.0,1,1,1,1,12.0,4.0,0,0,1,1,12.0,3.0,0,0,1,1,9.0,4.0,0,1,1,1,10.0,4.0,0,1,1,1
892,617,617,2024,44,1,2.0,2.0,False,5,TEJIPIO,14.0,4.0,0,0,1,1,13.0,2.0,0,0,1,1,14.0,4.0,0,0,1,1,16.0,2.0,0,0,0,1,17.0,2.0,0,0,0,1,50.0,2.0,0,0,0,0,24.0,2.0,0,0,0,0,22.0,2.0,0,0,0,0,26.0,2.0,0,0,0,0,17.0,2.0,0,0,0,1,16.0,2.0,0,0,0,1
892,658,658,2025,33,1,3.0,3.0,False,5,TEJIPIO,22.0,4.0,0,0,0,0,11.0,4.0,0,0,1,1,10.0,4.0,0,1,1,1,24.0,4.0,0,0,0,0,13.0,4.0,0,0,1,1,63.0,4.0,0,0,0,0,21.0,1.0,0,0,0,0,51.0,4.0,0,0,0,0,44.0,4.0,0,0,0,0,26.0,1.0,0,0,0,0,48.0,4.0,0,0,0,0
892,660,660,2025,35,1,3.0,3.0,False,5,TEJIPIO,26.0,1.0,0,0,0,0,17.0,1.0,0,0,0,1,10.0,1.0,0,1,1,1,23.0,1.0,0,0,0,0,14.0,1.0,0,0,1,1,47.0,2.0,0,0,0,0,21.0,3.0,0,0,0,0,33.0,2.0,0,0,0,0,30.0,2.0,0,0,0,0,20.0,2.0,0,0,0,1,29.0,2.0,0,0,0,0
892,664,664,2025,39,1,2.0,2.0,True,5,TEJIPIO,30.0,3.0,0,0,0,0,26.0,3.0,0,0,0,0,28.0,3.0,0,0,0,0,26.0,2.0,0,0,0,0,20.0,2.0,0,0,0,1,43.0,4.0,0,0,0,0,15.0,2.0,0,0,1,1,15.0,4.0,0,0,1,1,28.0,4.0,0,0,0,0,14.0,4.0,0,0,1,1,13.0,4.0,0,0,1,1
892,672,672,2025,47,1,2.0,2.0,False,5,TEJIPIO,20.0,1.0,0,0,0,1,10.0,1.0,0,1,1,1,20.0,3.0,0,0,0,1,16.0,1.0,0,0,0,1,12.0,1.0,0,0,1,1,62.0,4.0,0,0,0,0,45.0,4.0,0,0,0,0,43.0,4.0,0,0,0,0,39.0,4.0,0,0,0,0,45.0,4.0,0,0,0,0,37.0,3.0,0,0,0,0
906,554,554,2023,33,1,2.0,2.0,False,5,SANCHO,11.0,3.0,0,0,1,1,6.0,1.0,0,1,1,1,10.0,1.0,0,1,1,1,12.0,1.0,0,0,1,1,9.0,1.0,0,1,1,1,29.0,4.0,0,0,0,0,12.0,4.0,0,0,1,1,6.0,4.0,0,1,1,1,13.0,4.0,0,0,1,1,8.0,4.0,0,1,1,1,6.0,4.0,0,1,1,1
906,556,557,2023,35,2,4.0,2.0,False,5,SANCHO,3.0,1.0,1,1,1,1,1.0,1.0,1,1,1,1,2.0,1.0,1,1,1,1,5.0,1.0,1,1,1,1,3.0,1.0,1,1,1,1,21.0,2.0,0,0,0,0,22.0,3.0,0,0,0,0,6.0,2.0,0,1,1,1,12.0,2.0,0,0,1,1,20.0,3.0,0,0,0,1,11.0,2.0,0,0,1,1
906,559,559,2023,38,1,2.0,2.0,False,5,SANCHO,1.0,1.0,1,1,1,1,1.0,4.0,1,1,1,1,1.0,1.0,1,1,1,1,1.0,1.0,1,1,1,1,1.0,1.0,1,1,1,1,14.0,2.0,0,0,1,1,18.0,3.0,0,0,0,1,3.0,2.0,1,1,1,1,7.0,3.0,0,1,1,1,12.0,3.0,0,0,1,1,4.0,2.0,1,1,1,1
906,563,563,2023,42,1,3.0,3.0,True,5,SANCHO,3.0,3.0,1,1,1,1,2.0,3.0,1,1,1,1,1.0,3.0,1,1,1,1,3.0,4.0,1,1,1,1,1.0,3.0,1,1,1,1,15.0,4.0,0,0,1,1,20.0,4.0,0,0,0,1,3.0,4.0,1,1,1,1,7.0,4.0,0,1,1,1,13.0,4.0,0,0,1,1,4.0,4.0,1,1,1,1
906,574,574,2024,1,1,1.0,1.0,False,5,SANCHO,1.0,4.0,1,1,1,1,1.0,4.0,1,1,1,1,1.0,4.0,1,1,1,1,1.0,4.0,1,1,1,1,1.0,4.0,1,1,1,1,89.0,2.0,0,0,0,0,63.0,1.0,0,0,0,0,89.0,2.0,0,0,0,0,89.0,2.0,0,0,0,0,63.0,1.0,0,0,0,0,89.0,2.0,0,0,0,0
906,587,587,2024,14,1,5.0,5.0,False,5,SANCHO,42.0,4.0,0,0,0,0,48.0,2.0,0,0,0,0,27.0,1.0,0,0,0,0,22.0,1.0,0,0,0,0,22.0,2.0,0,0,0,0,61.0,1.0,0,0,0,0,5.0,2.0,1,1,1,1,27.0,1.0,0,0,0,0,52.0,1.0,0,0,0,0,16.0,2.0,0,0,0,1,37.0,1.0,0,0,0,0
906,589,589,2024,16,1,7.0,7.0,False,5,SANCHO,19.0,1.0,0,0,0,1,14.0,1.0,0,0,1,1,1.0,1.0,1,1,1,1,2.0,1.0,1,1,1,1,1.0,1.0,1,1,1,1,33.0,2.0,0,0,0,0,5.0,4.0,1,1,1,1,7.0,2.0,0,1,1,1,30.0,2.0,0,0,0,0,16.0,4.0,0,0,0,1,11.0,2.0,0,0,1,1
906,594,594,2024,21,1,6.0,6.0,False,5,SANCHO,1.0,4.0,1,1,1,1,3.0,4.0,1,1,1,1,1.0,4.0,1,1,1,1,1.0,4.0,1,1,1,1,1.0,4.0,1,1,1,1,34.0,2.0,0,0,0,0,16.0,2.0,0,0,0,1,9.0,2.0,0,1,1,1,30.0,2.0,0,0,0,0,18.0,2.0,0,0,0,1,14.0,2.0,0,0,1,1
906,597,597,2024,24,1,2.0,2.0,False,5,SANCHO,1.0,2.0,1,1,1,1,1.0,2.0,1,1,1,1,1.0,2.0,1,1,1,1,1.0,2.0,1,1,1,1,1.0,2.0,1,1,1,1,14.0,3.0,0,0,1,1,1.0,3.0,1,1,1,1,1.0,3.0,1,1,1,1,9.0,3.0,0,1,1,1,5.0,3.0,1,1,1,1,2.0,3.0,1,1,1,1
906,601,601,2024,28,1,4.0,4.0,True,5,SANCHO,5.0,3.0,1,1,1,1,10.0,4.0,0,1,1,1,9.0,3.0,0,1,1,1,12.0,4.0,0,0,1,1,8.0,3.0,0,1,1,1,37.0,4.0,0,0,0,0,31.0,4.0,0,0,0,0,7.0,4.0,0,1,1,1,29.0,4.0,0,0,0,0,28.0,4.0,0,0,0,0,9.0,4.0,0,1,1,1
906,604,604,2024,31,1,2.0,2.0,False,5,SANCHO,15.0,2.0,0,0,1,1,17.0,2.0,0,0,0,1,13.0,2.0,0,0,1,1,23.0,2.0,0,0,0,0,8.0,2.0,0,1,1,1,22.0,3.0,0,0,0,0,2.0,3.0,1,1,1,1,4.0,3.0,1,1,1,1,15.0,3.0,0,0,1,1,8.0,3.0,0,1,1,1,5.0,3.0,1,1,1,1
906,608,608,2024,35,1,3.0,3.0,True,5,SANCHO,3.0,3.0,1,1,1,1,4.0,2.0,1,1,1,1,3.0,2.0,1,1,1,1,8.0,2.0,0,1,1,1,5.0,2.0,1,1,1,1,29.0,4.0,0,0,0,0,10.0,4.0,0,1,1,1,3.0,4.0,1,1,1,1,15.0,4.0,0,0,1,1,9.0,4.0,0,1,1,1,4.0,4.0,1,1,1,1
906,612,612,2024,39,1,2.0,2.0,True,5,SANCHO,6.0,3.0,0,1,1,1,7.0,3.0,0,1,1,1,3.0,3.0,1,1,1,1,12.0,3.0,0,0,1,1,3.0,3.0,1,1,1,1,21.0,4.0,0,0,0,0,5.0,4.0,1,1,1,1,14.0,4.0,0,0,1,1,13.0,4.0,0,0,1,1,7.0,4.0,0,1,1,1,12.0,4.0,0,0,1,1
906,618,618,2024,45,1,2.0,2.0,False,5,SANCHO,2.0,2.0,1,1,1,1,5.0,3.0,1,1,1,1,11.0,3.0,0,0,1,1,6.0,3.0,0,1,1,1,4.0,3.0,1,1,1,1,51.0,3.0,0,0,0,0,25.0,3.0,0,0,0,0,23.0,3.0,0,0,0,0,33.0,3.0,0,0,0,0,20.0,3.0,0,0,0,1,25.0,3.0,0,0,0,0
906,622,622,2024,49,1,1.0,1.0,True,5,SANCHO,23.0,3.0,0,0,0,0,22.0,3.0,0,0,0,0,27.0,3.0,0,0,0,0,30.0,3.0,0,0,0,0,8.0,3.0,0,1,1,1,35.0,4.0,0,0,0,0,14.0,4.0,0,0,1,1,13.0,4.0,0,0,1,1,21.0,4.0,0,0,0,0,11.0,4.0,0,0,1,1,16.0,4.0,0,0,0,1
906,624,624,2024,51,1,1.0,1.0,False,5,SANCHO,18.0,2.0,0,0,0,1,9.0,2.0,0,1,1,1,7.0,2.0,0,1,1,1,27.0,2.0,0,0,0,0,6.0,2.0,0,1,1,1,50.0,2.0,0,0,0,0,23.0,2.0,0,0,0,0,16.0,2.0,0,0,0,1,32.0,2.0,0,0,0,0,23.0,2.0,0,0,0,0,9.0,2.0,0,1,1,1
906,655,655,2025,30,1,2.0,2.0,False,5,SANCHO,31.0,4.0,0,0,0,0,45.0,1.0,0,0,0,0,56.0,3.0,0,0,0,0,54.0,4.0,0,0,0,0,44.0,4.0,0,0,0,0,64.0,1.0,0,0,0,0,20.0,1.0,0,0,0,1,30.0,1.0,0,0,0,0,53.0,1.0,0,0,0,0,29.0,1.0,0,0,0,0,32.0,1.0,0,0,0,0
906,670,670,2025,45,1,2.0,2.0,False,5,SANCHO,5.0,1.0,1,1,1,1,19.0,1.0,0,0,0,1,27.0,4.0,0,0,0,0,17.0,1.0,0,0,0,1,9.0,1.0,0,1,1,1,56.0,4.0,0,0,0,0,8.0,2.0,0,1,1,1,39.0,4.0,0,0,0,0,50.0,4.0,0,0,0,0,16.0,2.0,0,0,0,1,41.0,2.0,0,0,0,0
914,554,554,2023,33,1,1.0,1.0,False,5,TOTO,18.0,2.0,0,0,0,1,13.0,4.0,0,0,1,1,20.0,3.0,0,0,0,1,13.0,4.0,0,0,1,1,25.0,3.0,0,0,0,0,90.0,2.0,0,0,0,0,60.0,4.0,0,0,0,0,90.0,2.0,0,0,0,0,90.0,2.0,0,0,0,0,60.0,4.0,0,0,0,0,90.0,2.0,0,0,0,0
914,573,573,2023,52,1,2.0,2.0,False,5,TOTO,10.0,1.0,0,1,1,1,7.0,1.0,0,1,1,1,31.0,1.0,0,0,0,0,41.0,3.0,0,0,0,0,30.0,4.0,0,0,0,0,90.0,4.0,0,0,0,0,66.0,4.0,0,0,0,0,90.0,4.0,0,0,0,0,90.0,4.0,0,0,0,0,66.0,4.0,0,0,0,0,90.0,4.0,0,0,0,0
914,584,584,2024,11,1,2.0,2.0,False,5,TOTO,13.0,1.0,0,0,1,1,23.0,1.0,0,0,0,0,8.0,4.0,0,1,1,1,12.0,4.0,0,0,1,1,15.0,4.0,0,0,1,1,78.0,1.0,0,0,0,0,22.0,2.0,0,0,0,0,69.0,1.0,0,0,0,0,27.0,1.0,0,0,0,0,12.0,2.0,0,0,1,1,61.0,2.0,0,0,0,0
914,586,588,2024,13,3,7.0,3.0,False,5,TOTO,9.0,2.0,0,1,1,1,8.0,2.0,0,1,1,1,3.0,1.0,1,1,1,1,7.0,2.0,0,1,1,1,7.0,2.0,0,1,1,1,69.0,2.0,0,0,0,0,22.0,4.0,0,0,0,0,44.0,2.0,0,0,0,0,7.0,2.0,0,1,1,1,10.0,2.0,0,1,1,1,30.0,2.0,0,0,0,0
914,593,595,2024,20,3,5.0,3.0,False,5,TOTO,3.0,4.0,1,1,1,1,2.0,4.0,1,1,1,1,7.0,4.0,0,1,1,1,4.0,4.0,1,1,1,1,8.0,4.0,0,1,1,1,65.0,2.0,0,0,0,0,13.0,2.0,0,0,1,1,49.0,2.0,0,0,0,0,6.0,2.0,0,1,1,1,3.0,2.0,1,1,1,1,36.0,2.0,0,0,0,0
914,598,600,2024,25,3,3.0,1.0,True,5,TOTO,6.0,2.0,0,1,1,1,2.0,4.0,1,1,1,1,7.0,1.0,0,1,1,1,13.0,2.0,0,0,1,1,6.0,4.0,0,1,1,1,26.0,3.0,0,0,0,0,17.0,3.0,0,0,0,1,1.0,3.0,1,1,1,1,3.0,3.0,1,1,1,1,3.0,3.0,1,1,1,1,2.0,3.0,1,1,1,1
914,604,604,2024,31,1,1.0,1.0,True,5,TOTO,4.0,3.0,1,1,1,1,3.0,3.0,1,1,1,1,2.0,3.0,1,1,1,1,5.0,2.0,1,1,1,1,3.0,3.0,1,1,1,1,57.0,4.0,0,0,0,0,44.0,2.0,0,0,0,0,30.0,4.0,0,0,0,0,2.0,4.0,1,1,1,1,44.0,2.0,0,0,0,0,8.0,4.0,0,1,1,1
914,610,610,2024,37,1,1.0,1.0,False,5,TOTO,7.0,4.0,0,1,1,1,6.0,4.0,0,1,1,1,4.0,4.0,1,1,1,1,9.0,4.0,0,1,1,1,16.0,4.0,0,0,0,1,45.0,1.0,0,0,0,0,13.0,1.0,0,0,1,1,23.0,1.0,0,0,0,0,2.0,1.0,1,1,1,1,2.0,1.0,1,1,1,1,12.0,1.0,0,0,1,1
914,616,618,2024,43,3,3.0,1.0,False,5,TOTO,4.0,4.0,1,1,1,1,5.0,4.0,1,1,1,1,3.0,4.0,1,1,1,1,11.0,4.0,0,0,1,1,10.0,4.0,0,1,1,1,91.0,3.0,0,0,0,0,65.0,2.0,0,0,0,0,91.0,3.0,0,0,0,0,91.0,3.0,0,0,0,0,65.0,2.0,0,0,0,0,91.0,3.0,0,0,0,0
914,624,625,2024,51,2,2.0,1.0,False,5,TOTO,1.0,2.0,1,1,1,1,2.0,2.0,1,1,1,1,1.0,2.0,1,1,1,1,1.0,2.0,1,1,1,1,3.0,2.0,1,1,1,1,90.0,3.0,0,0,0,0,61.0,1.0,0,0,0,0,90.0,3.0,0,0,0,0,90.0,3.0,0,0,0,0,61.0,1.0,0,0,0,0,90.0,3.0,0,0,0,0
914,652,652,2025,27,1,1.0,1.0,False,5,TOTO,9.0,3.0,0,1,1,1,9.0,3.0,0,1,1,1,20.0,2.0,0,0,0,1,13.0,4.0,0,0,1,1,21.0,3.0,0,0,0,0,62.0,3.0,0,0,0,0,28.0,3.0,0,0,0,0,30.0,3.0,0,0,0,0,6.0,3.0,0,1,1,1,6.0,3.0,0,1,1,1,19.0,3.0,0,0,0,1
914,654,657,2025,29,4,4.0,1.0,False,5,TOTO,14.0,4.0,0,0,1,1,8.0,1.0,0,1,1,1,3.0,1.0,1,1,1,1,12.0,1.0,0,0,1,1,13.0,1.0,0,0,1,1,58.0,2.0,0,0,0,0,30.0,2.0,0,0,0,0,23.0,2.0,0,0,0,0,3.0,2.0,1,1,1,1,3.0,2.0,1,1,1,1,8.0,2.0,0,1,1,1
914,663,663,2025,38,1,1.0,1.0,False,5,TOTO,21.0,4.0,0,0,0,0,18.0,4.0,0,0,0,1,15.0,3.0,0,0,1,1,21.0,4.0,0,0,0,0,22.0,4.0,0,0,0,0,92.0,3.0,0,0,0,0,51.0,1.0,0,0,0,0,92.0,3.0,0,0,0,0,92.0,3.0,0,0,0,0,51.0,1.0,0,0,0,0,92.0,3.0,0,0,0,0
914,670,670,2025,45,1,2.0,2.0,False,5,TOTO,35.0,1.0,0,0,0,0,37.0,1.0,0,0,0,0,33.0,4.0,0,0,0,0,29.0,1.0,0,0,0,0,41.0,4.0,0,0,0,0,91.0,1.0,0,0,0,0,46.0,2.0,0,0,0,0,91.0,1.0,0,0,0,0,91.0,1.0,0,0,0,0,46.0,2.0,0,0,0,0,91.0,1.0,0,0,0,0
914,673,675,2025,48,3,3.0,1.0,False,5,TOTO,6.0,2.0,0,1,1,1,6.0,2.0,0,1,1,1,3.0,2.0,1,1,1,1,7.0,2.0,0,1,1,1,10.0,2.0,0,1,1,1,37.0,3.0,0,0,0,0,7.0,3.0,0,1,1,1,16.0,3.0,0,0,0,1,2.0,3.0,1,1,1,1,2.0,3.0,1,1,1,1,4.0,3.0,1,1,1,1
922,545,545,2023,24,1,2.0,2.0,False,5,COQUEIRAL,1.0,3.0,1,1,1,1,2.0,4.0,1,1,1,1,2.0,4.0,1,1,1,1,3.0,4.0,1,1,1,1,2.0,4.0,1,1,1,1,41.0,4.0,0,0,0,0,27.0,4.0,0,0,0,0,6.0,4.0,0,1,1,1,16.0,4.0,0,0,0,1,12.0,4.0,0,0,1,1,4.0,4.0,1,1,1,1
922,547,547,2023,26,1,2.0,2.0,False,5,COQUEIRAL,3.0,2.0,1,1,1,1,2.0,2.0,1,1,1,1,2.0,2.0,1,1,1,1,4.0,1.0,1,1,1,1,4.0,1.0,1,1,1,1,12.0,2.0,0,0,1,1,3.0,2.0,1,1,1,1,1.0,2.0,1,1,1,1,1.0,2.0,1,1,1,1,1.0,2.0,1,1,1,1,1.0,2.0,1,1,1,1
922,549,550,2023,28,2,2.0,1.0,True,5,COQUEIRAL,1.0,2.0,1,1,1,1,1.0,2.0,1,1,1,1,1.0,1.0,1,1,1,1,3.0,2.0,1,1,1,1,4.0,3.0,1,1,1,1,12.0,4.0,0,0,1,1,3.0,4.0,1,1,1,1,1.0,4.0,1,1,1,1,1.0,4.0,1,1,1,1,1.0,4.0,1,1,1,1,1.0,4.0,1,1,1,1
922,554,554,2023,33,1,2.0,2.0,True,5,COQUEIRAL,1.0,4.0,1,1,1,1,1.0,4.0,1,1,1,1,1.0,4.0,1,1,1,1,1.0,4.0,1,1,1,1,1.0,4.0,1,1,1,1,30.0,4.0,0,0,0,0,23.0,1.0,0,0,0,0,7.0,4.0,0,1,1,1,8.0,4.0,0,1,1,1,17.0,1.0,0,0,0,1,2.0,4.0,1,1,1,1
922,562,563,2023,41,2,2.0,1.0,False,5,COQUEIRAL,6.0,2.0,0,1,1,1,11.0,2.0,0,0,1,1,17.0,2.0,0,0,0,1,17.0,4.0,0,0,0,1,15.0,4.0,0,0,1,1,91.0,4.0,0,0,0,0,64.0,2.0,0,0,0,0,91.0,4.0,0,0,0,0,91.0,4.0,0,0,0,0,64.0,2.0,0,0,0,0,91.0,4.0,0,0,0,0
922,566,567,2023,45,2,5.0,3.0,True,5,COQUEIRAL,1.0,3.0,1,1,1,1,3.0,3.0,1,1,1,1,12.0,3.0,0,0,1,1,6.0,3.0,0,1,1,1,9.0,3.0,0,1,1,1,34.0,4.0,0,0,0,0,16.0,4.0,0,0,0,1,9.0,4.0,0,1,1,1,9.0,4.0,0,1,1,1,7.0,4.0,0,1,1,1,4.0,4.0,1,1,1,1
922,581,581,2024,8,1,3.0,3.0,False,5,COQUEIRAL,32.0,2.0,0,0,0,0,24.0,2.0,0,0,0,0,21.0,3.0,0,0,0,0,23.0,2.0,0,0,0,0,30.0,2.0,0,0,0,0,52.0,2.0,0,0,0,0,27.0,2.0,0,0,0,0,18.0,2.0,0,0,0,1,31.0,2.0,0,0,0,0,22.0,2.0,0,0,0,0,13.0,2.0,0,0,1,1
922,585,590,2024,12,6,41.0,9.0,True,5,COQUEIRAL,17.0,3.0,0,0,0,1,9.0,3.0,0,1,1,1,1.0,2.0,1,1,1,1,4.0,3.0,1,1,1,1,24.0,3.0,0,0,0,0,47.0,3.0,0,0,0,0,20.0,4.0,0,0,0,1,27.0,4.0,0,0,0,0,39.0,4.0,0,0,0,0,29.0,4.0,0,0,0,0,23.0,4.0,0,0,0,0
922,593,595,2024,20,3,7.0,3.0,True,5,COQUEIRAL,1.0,2.0,1,1,1,1,1.0,2.0,1,1,1,1,1.0,2.0,1,1,1,1,1.0,2.0,1,1,1,1,3.0,2.0,1,1,1,1,22.0,4.0,0,0,0,0,17.0,1.0,0,0,0,1,2.0,3.0,1,1,1,1,5.0,3.0,1,1,1,1,13.0,4.0,0,0,1,1,2.0,3.0,1,1,1,1
922,597,603,2024,24,7,22.0,5.0,True,5,COQUEIRAL,1.0,3.0,1,1,1,1,1.0,3.0,1,1,1,1,1.0,3.0,1,1,1,1,1.0,3.0,1,1,1,1,3.0,3.0,1,1,1,1,26.0,4.0,0,0,0,0,28.0,4.0,0,0,0,0,6.0,4.0,0,1,1,1,11.0,4.0,0,0,1,1,16.0,4.0,0,0,0,1,4.0,4.0,1,1,1,1
922,606,607,2024,33,2,8.0,6.0,True,5,COQUEIRAL,1.0,2.0,1,1,1,1,1.0,2.0,1,1,1,1,1.0,2.0,1,1,1,1,1.0,2.0,1,1,1,1,1.0,2.0,1,1,1,1,26.0,4.0,0,0,0,0,60.0,1.0,0,0,0,0,7.0,4.0,0,1,1,1,10.0,4.0,0,1,1,1,60.0,1.0,0,0,0,0,2.0,4.0,1,1,1,1
922,609,615,2024,36,7,12.0,3.0,False,5,COQUEIRAL,1.0,4.0,1,1,1,1,1.0,1.0,1,1,1,1,1.0,4.0,1,1,1,1,1.0,1.0,1,1,1,1,1.0,1.0,1,1,1,1,6.0,2.0,0,1,1,1,8.0,2.0,0,1,1,1,1.0,2.0,1,1,1,1,1.0,2.0,1,1,1,1,2.0,2.0,1,1,1,1,4.0,3.0,1,1,1,1
922,622,622,2024,49,1,3.0,3.0,False,5,COQUEIRAL,7.0,1.0,0,1,1,1,5.0,4.0,1,1,1,1,8.0,1.0,0,1,1,1,9.0,1.0,0,1,1,1,11.0,4.0,0,0,1,1,43.0,3.0,0,0,0,0,30.0,4.0,0,0,0,0,31.0,3.0,0,0,0,0,20.0,3.0,0,0,0,1,20.0,4.0,0,0,0,1,28.0,3.0,0,0,0,0
922,631,631,2025,6,1,3.0,3.0,False,5,COQUEIRAL,26.0,1.0,0,0,0,0,19.0,1.0,0,0,0,1,14.0,1.0,0,0,1,1,15.0,1.0,0,0,1,1,27.0,1.0,0,0,0,0,40.0,2.0,0,0,0,0,12.0,2.0,0,0,1,1,17.0,1.0,0,0,0,1,18.0,2.0,0,0,0,1,5.0,2.0,1,1,1,1,12.0,1.0,0,0,1,1
922,647,647,2025,22,1,4.0,4.0,False,5,COQUEIRAL,3.0,1.0,1,1,1,1,4.0,1.0,1,1,1,1,1.0,1.0,1,1,1,1,3.0,1.0,1,1,1,1,9.0,1.0,0,1,1,1,45.0,2.0,0,0,0,0,28.0,3.0,0,0,0,0,15.0,2.0,0,0,1,1,18.0,2.0,0,0,0,1,24.0,3.0,0,0,0,0,10.0,2.0,0,1,1,1
922,655,655,2025,30,1,2.0,2.0,False,5,COQUEIRAL,1.0,1.0,1,1,1,1,3.0,3.0,1,1,1,1,2.0,3.0,1,1,1,1,2.0,3.0,1,1,1,1,6.0,3.0,0,1,1,1,49.0,4.0,0,0,0,0,12.0,4.0,0,0,1,1,27.0,4.0,0,0,0,0,26.0,4.0,0,0,0,0,8.0,4.0,0,1,1,1,22.0,4.0,0,0,0,0
922,657,658,2025,32,2,5.0,3.0,False,5,COQUEIRAL,1.0,3.0,1,1,1,1,5.0,3.0,1,1,1,1,6.0,1.0,0,1,1,1,6.0,3.0,0,1,1,1,13.0,1.0,0,0,1,1,46.0,2.0,0,0,0,0,8.0,2.0,0,1,1,1,13.0,2.0,0,0,1,1,27.0,2.0,0,0,0,0,14.0,2.0,0,0,1,1,8.0,2.0,0,1,1,1
922,664,665,2025,39,2,5.0,3.0,False,5,COQUEIRAL,9.0,1.0,0,1,1,1,11.0,1.0,0,0,1,1,1.0,4.0,1,1,1,1,6.0,4.0,0,1,1,1,9.0,4.0,0,1,1,1,59.0,2.0,0,0,0,0,16.0,2.0,0,0,0,1,44.0,2.0,0,0,0,0,44.0,2.0,0,0,0,0,15.0,2.0,0,0,1,1,34.0,2.0,0,0,0,0
930,607,607,2024,34,1,1.0,1.0,False,2,PONTO DE PARADA,78.0,1.0,0,0,0,0,69.0,2.0,0,0,0,0,66.0,2.0,0,0,0,0,73.0,1.0,0,0,0,0,75.0,2.0,0,0,0,0,92.0,3.0,0,0,0,0,61.0,2.0,0,0,0,0,92.0,3.0,0,0,0,0,92.0,3.0,0,0,0,0,61.0,2.0,0,0,0,0,92.0,3.0,0,0,0,0
930,659,661,2025,34,3,3.0,1.0,False,2,PONTO DE PARADA,80.0,2.0,0,0,0,0,79.0,2.0,0,0,0,0,81.0,2.0,0,0,0,0,83.0,4.0,0,0,0,0,83.0,2.0,0,0,0,0,93.0,4.0,0,0,0,0,57.0,3.0,0,0,0,0,93.0,4.0,0,0,0,0,93.0,4.0,0,0,0,0,57.0,3.0,0,0,0,0,93.0,4.0,0,0,0,0
930,668,668,2025,43,1,1.0,1.0,False,2,PONTO DE PARADA,53.0,4.0,0,0,0,0,29.0,4.0,0,0,0,0,47.0,4.0,0,0,0,0,50.0,4.0,0,0,0,0,28.0,4.0,0,0,0,0,93.0,4.0,0,0,0,0,49.0,3.0,0,0,0,0,93.0,4.0,0,0,0,0,93.0,4.0,0,0,0,0,49.0,3.0,0,0,0,0,93.0,4.0,0,0,0,0
94,533,533,2023,12,1,1.0,1.0,False,1,PAISSANDU,4.0,2.0,1,1,1,1,5.0,4.0,1,1,1,1,5.0,2.0,1,1,1,1,5.0,1.0,1,1,1,1,5.0,2.0,1,1,1,1,49.0,1.0,0,0,0,0,27.0,1.0,0,0,0,0,6.0,1.0,0,1,1,1,1.0,1.0,1,1,1,1,1.0,1.0,1,1,1,1,4.0,1.0,1,1,1,1
94,537,537,2023,16,1,1.0,1.0,True,1,PAISSANDU,1.0,2.0,1,1,1,1,1.0,2.0,1,1,1,1,4.0,2.0,1,1,1,1,2.0,2.0,1,1,1,1,1.0,2.0,1,1,1,1,49.0,4.0,0,0,0,0,46.0,2.0,0,0,0,0,1.0,4.0,1,1,1,1,1.0,4.0,1,1,1,1,46.0,2.0,0,0,0,0,1.0,4.0,1,1,1,1
94,553,554,2023,32,2,2.0,1.0,False,1,PAISSANDU,46.0,2.0,0,0,0,0,49.0,3.0,0,0,0,0,28.0,2.0,0,0,0,0,30.0,2.0,0,0,0,0,41.0,3.0,0,0,0,0,93.0,4.0,0,0,0,0,63.0,3.0,0,0,0,0,93.0,4.0,0,0,0,0,93.0,4.0,0,0,0,0,63.0,3.0,0,0,0,0,93.0,4.0,0,0,0,0
94,556,556,2023,35,1,2.0,2.0,False,1,PAISSANDU,6.0,2.0,0,1,1,1,8.0,2.0,0,1,1,1,5.0,1.0,1,1,1,1,12.0,1.0,0,0,1,1,11.0,1.0,0,0,1,1,38.0,2.0,0,0,0,0,24.0,3.0,0,0,0,0,7.0,3.0,0,1,1,1,1.0,2.0,1,1,1,1,2.0,3.0,1,1,1,1,1.0,2.0,1,1,1,1
94,562,562,2023,41,1,1.0,1.0,False,1,PAISSANDU,4.0,4.0,1,1,1,1,5.0,4.0,1,1,1,1,4.0,4.0,1,1,1,1,2.0,2.0,1,1,1,1,5.0,4.0,1,1,1,1,93.0,4.0,0,0,0,0,66.0,2.0,0,0,0,0,93.0,4.0,0,0,0,0,93.0,4.0,0,0,0,0,66.0,2.0,0,0,0,0,93.0,4.0,0,0,0,0
94,567,567,2023,46,1,1.0,1.0,False,1,PAISSANDU,2.0,4.0,1,1,1,1,5.0,4.0,1,1,1,1,1.0,4.0,1,1,1,1,1.0,4.0,1,1,1,1,3.0,4.0,1,1,1,1,93.0,4.0,0,0,0,0,64.0,3.0,0,0,0,0,93.0,4.0,0,0,0,0,93.0,4.0,0,0,0,0,64.0,3.0,0,0,0,0,93.0,4.0,0,0,0,0
94,570,571,2023,49,2,2.0,1.0,False,1,PAISSANDU,3.0,1.0,1,1,1,1,4.0,2.0,1,1,1,1,1.0,2.0,1,1,1,1,4.0,2.0,1,1,1,1,4.0,2.0,1,1,1,1,28.0,3.0,0,0,0,0,11.0,3.0,0,0,1,1,2.0,3.0,1,1,1,1,1.0,3.0,1,1,1,1,1.0,3.0,1,1,1,1,1.0,3.0,1,1,1,1
94,581,581,2024,8,1,1.0,1.0,False,1,PAISSANDU,15.0,1.0,0,0,1,1,11.0,3.0,0,0,1,1,7.0,3.0,0,1,1,1,7.0,3.0,0,1,1,1,5.0,3.0,1,1,1,1,93.0,4.0,0,0,0,0,65.0,3.0,0,0,0,0,93.0,4.0,0,0,0,0,93.0,4.0,0,0,0,0,65.0,3.0,0,0,0,0,93.0,4.0,0,0,0,0
94,583,583,2024,10,1,1.0,1.0,False,1,PAISSANDU,3.0,2.0,1,1,1,1,10.0,2.0,0,1,1,1,2.0,2.0,1,1,1,1,10.0,2.0,0,1,1,1,8.0,2.0,0,1,1,1,77.0,2.0,0,0,0,0,60.0,2.0,0,0,0,0,16.0,2.0,0,0,0,1,2.0,2.0,1,1,1,1,2.0,2.0,1,1,1,1,1.0,2.0,1,1,1,1
94,592,592,2024,19,1,1.0,1.0,False,1,PAISSANDU,18.0,4.0,0,0,0,1,22.0,4.0,0,0,0,0,33.0,4.0,0,0,0,0,25.0,4.0,0,0,0,0,19.0,4.0,0,0,0,1,93.0,2.0,0,0,0,0,42.0,3.0,0,0,0,0,93.0,2.0,0,0,0,0,93.0,2.0,0,0,0,0,42.0,3.0,0,0,0,0,93.0,2.0,0,0,0,0
94,595,595,2024,22,1,1.0,1.0,False,1,PAISSANDU,52.0,3.0,0,0,0,0,57.0,3.0,0,0,0,0,33.0,1.0,0,0,0,0,49.0,4.0,0,0,0,0,59.0,4.0,0,0,0,0,61.0,3.0,0,0,0,0,13.0,3.0,0,0,1,1,3.0,3.0,1,1,1,1,1.0,3.0,1,1,1,1,1.0,3.0,1,1,1,1,1.0,3.0,1,1,1,1
94,598,598,2024,25,1,1.0,1.0,False,1,PAISSANDU,36.0,2.0,0,0,0,0,39.0,2.0,0,0,0,0,29.0,3.0,0,0,0,0,32.0,2.0,0,0,0,0,24.0,2.0,0,0,0,0,53.0,3.0,0,0,0,0,18.0,3.0,0,0,0,1,5.0,3.0,1,1,1,1,2.0,3.0,1,1,1,1,2.0,3.0,1,1,1,1,1.0,3.0,1,1,1,1
94,612,612,2024,39,1,1.0,1.0,False,1,PAISSANDU,67.0,1.0,0,0,0,0,66.0,1.0,0,0,0,0,69.0,1.0,0,0,0,0,66.0,1.0,0,0,0,0,70.0,1.0,0,0,0,0,93.0,3.0,0,0,0,0,58.0,3.0,0,0,0,0,93.0,3.0,0,0,0,0,93.0,3.0,0,0,0,0,58.0,3.0,0,0,0,0,93.0,3.0,0,0,0,0
94,614,614,2024,41,1,1.0,1.0,False,1,PAISSANDU,21.0,1.0,0,0,0,0,26.0,1.0,0,0,0,0,12.0,1.0,0,0,1,1,27.0,1.0,0,0,0,0,26.0,1.0,0,0,0,0,41.0,2.0,0,0,0,0,21.0,2.0,0,0,0,0,6.0,2.0,0,1,1,1,2.0,2.0,1,1,1,1,2.0,2.0,1,1,1,1,1.0,2.0,1,1,1,1
94,631,632,2025,6,2,2.0,1.0,False,1,PAISSANDU,44.0,1.0,0,0,0,0,41.0,1.0,0,0,0,0,42.0,3.0,0,0,0,0,38.0,3.0,0,0,0,0,47.0,1.0,0,0,0,0,93.0,4.0,0,0,0,0,55.0,2.0,0,0,0,0,93.0,4.0,0,0,0,0,93.0,4.0,0,0,0,0,55.0,2.0,0,0,0,0,93.0,4.0,0,0,0,0
94,663,663,2025,38,1,1.0,1.0,False,1,PAISSANDU,83.0,1.0,0,0,0,0,85.0,1.0,0,0,0,0,86.0,3.0,0,0,0,0,86.0,4.0,0,0,0,0,88.0,3.0,0,0,0,0,93.0,3.0,0,0,0,0,52.0,1.0,0,0,0,0,93.0,3.0,0,0,0,0,93.0,3.0,0,0,0,0,52.0,1.0,0,0,0,0,93.0,3.0,0,0,0,0
949,522,523,2023,1,2,2.0,1.0,False,2,ALTO SANTA TEREZINHA,,,0,0,0,0,,,0,0,0,0,,,0,0,0,0,,,0,0,0,0,,,0,0,0,0,,,0,0,0,0,,,0,0,0,0,,,0,0,0,0,,,0,0,0,0,,,0,0,0,0,,,0,0,0,0
949,542,542,2023,21,1,2.0,2.0,False,2,ALTO SANTA TEREZINHA,6.0,1.0,0,1,1,1,4.0,1.0,1,1,1,1,6.0,1.0,0,1,1,1,6.0,2.0,0,1,1,1,4.0,2.0,1,1,1,1,31.0,2.0,0,0,0,0,16.0,2.0,0,0,0,1,10.0,4.0,0,1,1,1,8.0,2.0,0,1,1,1,5.0,2.0,1,1,1,1,3.0,2.0,1,1,1,1
949,557,557,2023,36,1,1.0,1.0,False,2,ALTO SANTA TEREZINHA,9.0,3.0,0,1,1,1,6.0,3.0,0,1,1,1,14.0,3.0,0,0,1,1,11.0,3.0,0,0,1,1,13.0,3.0,0,0,1,1,49.0,4.0,0,0,0,0,25.0,4.0,0,0,0,0,24.0,4.0,0,0,0,0,13.0,4.0,0,0,1,1,11.0,4.0,0,0,1,1,20.0,4.0,0,0,0,1
949,559,559,2023,38,1,1.0,1.0,False,2,ALTO SANTA TEREZINHA,20.0,2.0,0,0,0,1,15.0,2.0,0,0,1,1,21.0,1.0,0,0,0,0,20.0,1.0,0,0,0,1,22.0,2.0,0,0,0,0,37.0,2.0,0,0,0,0,23.0,2.0,0,0,0,0,15.0,2.0,0,0,1,1,9.0,2.0,0,1,1,1,6.0,2.0,0,1,1,1,6.0,2.0,0,1,1,1
949,561,561,2023,40,1,2.0,2.0,True,2,ALTO SANTA TEREZINHA,20.0,4.0,0,0,0,1,15.0,4.0,0,0,1,1,9.0,1.0,0,1,1,1,20.0,3.0,0,0,0,1,22.0,4.0,0,0,0,0,36.0,2.0,0,0,0,0,19.0,2.0,0,0,0,1,15.0,4.0,0,0,1,1,9.0,4.0,0,1,1,1,6.0,4.0,0,1,1,1,5.0,2.0,1,1,1,1
949,566,566,2023,45,1,1.0,1.0,False,2,ALTO SANTA TEREZINHA,12.0,1.0,0,0,1,1,12.0,1.0,0,0,1,1,5.0,3.0,1,1,1,1,7.0,1.0,0,1,1,1,11.0,4.0,0,0,1,1,94.0,4.0,0,0,0,0,65.0,2.0,0,0,0,0,94.0,4.0,0,0,0,0,94.0,4.0,0,0,0,0,65.0,2.0,0,0,0,0,94.0,4.0,0,0,0,0
949,573,573,2023,52,1,2.0,2.0,False,2,ALTO SANTA TEREZINHA,33.0,3.0,0,0,0,0,32.0,4.0,0,0,0,0,21.0,3.0,0,0,0,0,34.0,3.0,0,0,0,0,41.0,3.0,0,0,0,0,94.0,4.0,0,0,0,0,69.0,4.0,0,0,0,0,94.0,4.0,0,0,0,0,94.0,4.0,0,0,0,0,69.0,4.0,0,0,0,0,94.0,4.0,0,0,0,0
949,581,581,2024,8,1,3.0,3.0,False,2,ALTO SANTA TEREZINHA,6.0,2.0,0,1,1,1,15.0,1.0,0,0,1,1,10.0,1.0,0,1,1,1,14.0,1.0,0,0,1,1,17.0,1.0,0,0,0,1,53.0,2.0,0,0,0,0,28.0,2.0,0,0,0,0,19.0,2.0,0,0,0,1,17.0,2.0,0,0,0,1,12.0,2.0,0,0,1,1,12.0,2.0,0,0,1,1
949,583,583,2024,10,1,6.0,6.0,False,2,ALTO SANTA TEREZINHA,6.0,4.0,0,1,1,1,15.0,3.0,0,0,1,1,4.0,2.0,1,1,1,1,14.0,3.0,0,0,1,1,13.0,2.0,0,0,1,1,51.0,2.0,0,0,0,0,21.0,2.0,0,0,0,0,17.0,2.0,0,0,0,1,17.0,4.0,0,0,0,1,12.0,4.0,0,0,1,1,9.0,2.0,0,1,1,1
949,585,585,2024,12,1,3.0,3.0,True,2,ALTO SANTA TEREZINHA,1.0,1.0,1,1,1,1,1.0,1.0,1,1,1,1,4.0,4.0,1,1,1,1,3.0,1.0,1,1,1,1,9.0,1.0,0,1,1,1,31.0,2.0,0,0,0,0,1.0,2.0,1,1,1,1,4.0,2.0,1,1,1,1,4.0,2.0,1,1,1,1,2.0,2.0,1,1,1,1,6.0,2.0,0,1,1,1
949,587,588,2024,14,2,8.0,5.0,True,2,ALTO SANTA TEREZINHA,1.0,3.0,1,1,1,1,1.0,3.0,1,1,1,1,3.0,1.0,1,1,1,1,2.0,1.0,1,1,1,1,3.0,1.0,1,1,1,1,31.0,4.0,0,0,0,0,1.0,4.0,1,1,1,1,4.0,4.0,1,1,1,1,4.0,4.0,1,1,1,1,2.0,4.0,1,1,1,1,6.0,4.0,0,1,1,1
949,592,592,2024,19,1,2.0,2.0,True,2,ALTO SANTA TEREZINHA,4.0,3.0,1,1,1,1,4.0,3.0,1,1,1,1,1.0,3.0,1,1,1,1,5.0,3.0,1,1,1,1,5.0,3.0,1,1,1,1,54.0,4.0,0,0,0,0,14.0,1.0,0,0,1,1,12.0,4.0,0,0,1,1,30.0,4.0,0,0,0,0,12.0,1.0,0,0,1,1,7.0,4.0,0,1,1,1
949,597,597,2024,24,1,5.0,5.0,False,2,ALTO SANTA TEREZINHA,7.0,4.0,0,1,1,1,4.0,4.0,1,1,1,1,2.0,4.0,1,1,1,1,7.0,4.0,0,1,1,1,2.0,4.0,1,1,1,1,94.0,4.0,0,0,0,0,52.0,2.0,0,0,0,0,94.0,4.0,0,0,0,0,94.0,4.0,0,0,0,0,52.0,2.0,0,0,0,0,94.0,4.0,0,0,0,0
949,608,608,2024,35,1,1.0,1.0,False,2,ALTO SANTA TEREZINHA,11.0,4.0,0,0,1,1,6.0,4.0,0,1,1,1,18.0,4.0,0,0,0,1,23.0,4.0,0,0,0,0,25.0,4.0,0,0,0,0,52.0,1.0,0,0,0,0,21.0,1.0,0,0,0,0,30.0,1.0,0,0,0,0,22.0,1.0,0,0,0,0,9.0,1.0,0,1,1,1,17.0,1.0,0,0,0,1
949,611,612,2024,38,2,2.0,1.0,False,2,ALTO SANTA TEREZINHA,20.0,2.0,0,0,0,1,13.0,2.0,0,0,1,1,21.0,2.0,0,0,0,0,24.0,2.0,0,0,0,0,23.0,2.0,0,0,0,0,52.0,4.0,0,0,0,0,21.0,4.0,0,0,0,0,30.0,4.0,0,0,0,0,22.0,4.0,0,0,0,0,9.0,4.0,0,1,1,1,17.0,4.0,0,0,0,1
949,614,614,2024,41,1,1.0,1.0,False,2,ALTO SANTA TEREZINHA,18.0,2.0,0,0,0,1,14.0,2.0,0,0,1,1,12.0,2.0,0,0,1,1,16.0,2.0,0,0,0,1,25.0,2.0,0,0,0,0,38.0,3.0,0,0,0,0,14.0,3.0,0,0,1,1,13.0,3.0,0,0,1,1,8.0,3.0,0,1,1,1,6.0,3.0,0,1,1,1,4.0,3.0,1,1,1,1
949,618,619,2024,45,2,6.0,5.0,True,2,ALTO SANTA TEREZINHA,9.0,3.0,0,1,1,1,6.0,3.0,0,1,1,1,2.0,3.0,1,1,1,1,2.0,3.0,1,1,1,1,6.0,3.0,0,1,1,1,43.0,4.0,0,0,0,0,21.0,4.0,0,0,0,0,20.0,4.0,0,0,0,1,14.0,4.0,0,0,1,1,9.0,4.0,0,1,1,1,13.0,4.0,0,0,1,1
949,622,622,2024,49,1,2.0,2.0,True,2,ALTO SANTA TEREZINHA,4.0,3.0,1,1,1,1,2.0,3.0,1,1,1,1,6.0,2.0,0,1,1,1,5.0,2.0,1,1,1,1,4.0,2.0,1,1,1,1,11.0,4.0,0,0,1,1,15.0,4.0,0,0,1,1,1.0,4.0,1,1,1,1,1.0,4.0,1,1,1,1,1.0,4.0,1,1,1,1,2.0,4.0,1,1,1,1
949,653,655,2025,28,3,7.0,3.0,False,2,ALTO SANTA TEREZINHA,51.0,1.0,0,0,0,0,45.0,1.0,0,0,0,0,72.0,2.0,0,0,0,0,47.0,1.0,0,0,0,0,57.0,1.0,0,0,0,0,60.0,1.0,0,0,0,0,31.0,1.0,0,0,0,0,40.0,1.0,0,0,0,0,25.0,1.0,0,0,0,0,14.0,1.0,0,0,1,1,26.0,1.0,0,0,0,0
949,657,659,2025,32,3,10.0,5.0,True,2,ALTO SANTA TEREZINHA,2.0,1.0,1,1,1,1,5.0,1.0,1,1,1,1,1.0,1.0,1,1,1,1,5.0,1.0,1,1,1,1,4.0,1.0,1,1,1,1,28.0,2.0,0,0,0,0,27.0,4.0,0,0,0,0,14.0,2.0,0,0,1,1,8.0,2.0,0,1,1,1,10.0,4.0,0,1,1,1,10.0,2.0,0,1,1,1
949,661,663,2025,36,3,6.0,2.0,True,2,ALTO SANTA TEREZINHA,3.0,1.0,1,1,1,1,2.0,1.0,1,1,1,1,7.0,1.0,0,1,1,1,5.0,1.0,1,1,1,1,7.0,1.0,0,1,1,1,25.0,3.0,0,0,0,0,24.0,3.0,0,0,0,0,2.0,3.0,1,1,1,1,9.0,3.0,0,1,1,1,6.0,3.0,0,1,1,1,3.0,3.0,1,1,1,1
949,666,668,2025,41,3,7.0,4.0,True,2,ALTO SANTA TEREZINHA,14.0,2.0,0,0,1,1,16.0,2.0,0,0,0,1,2.0,2.0,1,1,1,1,10.0,2.0,0,1,1,1,12.0,2.0,0,0,1,1,40.0,4.0,0,0,0,0,51.0,1.0,0,0,0,0,21.0,4.0,0,0,0,0,13.0,4.0,0,0,1,1,51.0,1.0,0,0,0,0,12.0,4.0,0,0,1,1
949,670,670,2025,45,1,2.0,2.0,True,2,ALTO SANTA TEREZINHA,1.0,1.0,1,1,1,1,2.0,1.0,1,1,1,1,1.0,1.0,1,1,1,1,1.0,1.0,1,1,1,1,1.0,1.0,1,1,1,1,17.0,2.0,0,0,0,1,12.0,2.0,0,0,1,1,2.0,2.0,1,1,1,1,4.0,2.0,1,1,1,1,6.0,2.0,0,1,1,1,4.0,2.0,1,1,1,1
949,673,673,2025,48,1,2.0,2.0,False,2,ALTO SANTA TEREZINHA,1.0,4.0,1,1,1,1,2.0,4.0,1,1,1,1,1.0,4.0,1,1,1,1,1.0,4.0,1,1,1,1,1.0,4.0,1,1,1,1,38.0,3.0,0,0,0,0,8.0,3.0,0,1,1,1,17.0,3.0,0,0,0,1,16.0,3.0,0,0,0,1,8.0,3.0,0,1,1,1,7.0,3.0,0,1,1,1
