identificador,tipo,entidade,ano,coluna,quantidade_valores_unicos,dtype_inferido
chikungunya_2025,fato,chikungunya,2025.0,NU_NOTIFIC,1942,inteiro
chikungunya_2025,fato,chikungunya,2025.0,TP_NOT,1,inteiro
chikungunya_2025,fato,chikungunya,2025.0,ID_AGRAVO,1,texto
chikungunya_2025,fato,chikungunya,2025.0,DT_NOTIFIC,308,data
chikungunya_2025,fato,chikungunya,2025.0,SEM_NOT,53,inteiro
chikungunya_2025,fato,chikungunya,2025.0,NU_ANO,1,inteiro
chikungunya_2025,fato,chikungunya,2025.0,SG_UF_NOT,2,inteiro
chikungunya_2025,fato,chikungunya,2025.0,ID_MUNICIP,11,inteiro
chikungunya_2025,fato,chikungunya,2025.0,ID_REGIONA,4,inteiro
chikungunya_2025,fato,chikungunya,2025.0,ID_UNIDADE,147,inteiro
chikungunya_2025,fato,chikungunya,2025.0,DT_SIN_PRI,386,data
chikungunya_2025,fato,chikungunya,2025.0,SEM_PRI,77,inteiro
chikungunya_2025,fato,chikungunya,2025.0,DT_NASC,1819,data
chikungunya_2025,fato,chikungunya,2025.0,NU_IDADE_N,98,inteiro
chikungunya_2025,fato,chikungunya,2025.0,CS_SEXO,3,texto
chikungunya_2025,fato,chikungunya,2025.0,CS_GESTANT,7,inteiro
chikungunya_2025,fato,chikungunya,2025.0,CS_RACA,6,inteiro
chikungunya_2025,fato,chikungunya,2025.0,CS_ESCOL_N,11,inteiro
chikungunya_2025,fato,chikungunya,2025.0,SG_UF,1,inteiro
chikungunya_2025,fato,chikungunya,2025.0,ID_MN_RESI,1,inteiro
chikungunya_2025,fato,chikungunya,2025.0,ID_RG_RESI,1,inteiro
chikungunya_2025,fato,chikungunya,2025.0,ID_DISTRIT,8,inteiro
chikungunya_2025,fato,chikungunya,2025.0,ID_BAIRRO,84,inteiro
chikungunya_2025,fato,chikungunya,2025.0,NM_BAIRRO,85,texto
chikungunya_2025,fato,chikungunya,2025.0,ID_LOGRADO,0,vazio
chikungunya_2025,fato,chikungunya,2025.0,NM_LOGRADO,1624,texto
chikungunya_2025,fato,chikungunya,2025.0,NU_CEP,718,inteiro
chikungunya_2025,fato,chikungunya,2025.0,ID_PAIS,1,inteiro
chikungunya_2025,fato,chikungunya,2025.0,DT_INVEST,307,inteiro
chikungunya_2025,fato,chikungunya,2025.0,ID_OCUPA_N,28,inteiro
chikungunya_2025,fato,chikungunya,2025.0,FEBRE,2,inteiro
chikungunya_2025,fato,chikungunya,2025.0,MIALGIA,2,inteiro
chikungunya_2025,fato,chikungunya,2025.0,CEFALEIA,2,inteiro
chikungunya_2025,fato,chikungunya,2025.0,EXANTEMA,2,inteiro
chikungunya_2025,fato,chikungunya,2025.0,VOMITO,2,inteiro
chikungunya_2025,fato,chikungunya,2025.0,NAUSEA,2,inteiro
chikungunya_2025,fato,chikungunya,2025.0,DOR_COSTAS,2,inteiro
chikungunya_2025,fato,chikungunya,2025.0,CONJUNTVIT,2,inteiro
chikungunya_2025,fato,chikungunya,2025.0,ARTRITE,2,inteiro
chikungunya_2025,fato,chikungunya,2025.0,ARTRALGIA,2,inteiro
chikungunya_2025,fato,chikungunya,2025.0,PETEQUIA_N,2,inteiro
chikungunya_2025,fato,chikungunya,2025.0,LEUCOPENIA,2,inteiro
chikungunya_2025,fato,chikungunya,2025.0,LACO,2,inteiro
chikungunya_2025,fato,chikungunya,2025.0,DOR_RETRO,2,inteiro
chikungunya_2025,fato,chikungunya,2025.0,DIABETES,2,inteiro
chikungunya_2025,fato,chikungunya,2025.0,HEMATOLOG,2,inteiro
chikungunya_2025,fato,chikungunya,2025.0,HEPATOPAT,2,inteiro
chikungunya_2025,fato,chikungunya,2025.0,RENAL,2,inteiro
chikungunya_2025,fato,chikungunya,2025.0,HIPERTENSA,2,inteiro
chikungunya_2025,fato,chikungunya,2025.0,ACIDO_PEPT,2,inteiro
chikungunya_2025,fato,chikungunya,2025.0,AUTO_IMUNE,2,inteiro
chikungunya_2025,fato,chikungunya,2025.0,DT_CHIK_S1,164,inteiro
chikungunya_2025,fato,chikungunya,2025.0,DT_CHIK_S2,3,inteiro
chikungunya_2025,fato,chikungunya,2025.0,DT_PRNT,17,inteiro
chikungunya_2025,fato,chikungunya,2025.0,RES_CHIKS1,4,inteiro
chikungunya_2025,fato,chikungunya,2025.0,RES_CHIKS2,3,inteiro
chikungunya_2025,fato,chikungunya,2025.0,RESUL_PRNT,2,inteiro
chikungunya_2025,fato,chikungunya,2025.0,DT_SORO,1,inteiro
chikungunya_2025,fato,chikungunya,2025.0,RESUL_SORO,2,inteiro
chikungunya_2025,fato,chikungunya,2025.0,DT_NS1,0,vazio
chikungunya_2025,fato,chikungunya,2025.0,RESUL_NS1,1,inteiro
chikungunya_2025,fato,chikungunya,2025.0,DT_VIRAL,1,inteiro
chikungunya_2025,fato,chikungunya,2025.0,RESUL_VI_N,3,inteiro
chikungunya_2025,fato,chikungunya,2025.0,DT_PCR,132,inteiro
chikungunya_2025,fato,chikungunya,2025.0,RESUL_PCR_,3,inteiro
chikungunya_2025,fato,chikungunya,2025.0,SOROTIPO,0,vazio
chikungunya_2025,fato,chikungunya,2025.0,HISTOPA_N,1,inteiro
chikungunya_2025,fato,chikungunya,2025.0,IMUNOH_N,1,inteiro
chikungunya_2025,fato,chikungunya,2025.0,HOSPITALIZ,3,inteiro
chikungunya_2025,fato,chikungunya,2025.0,DT_INTERNA,142,inteiro
chikungunya_2025,fato,chikungunya,2025.0,UF,1,inteiro
chikungunya_2025,fato,chikungunya,2025.0,MUNICIPIO,5,inteiro
chikungunya_2025,fato,chikungunya,2025.0,HOSPITAL,26,inteiro
chikungunya_2025,fato,chikungunya,2025.0,DDD_HOSP,2,inteiro
chikungunya_2025,fato,chikungunya,2025.0,TEL_HOSP,26,inteiro
chikungunya_2025,fato,chikungunya,2025.0,TPAUTOCTO,3,inteiro
chikungunya_2025,fato,chikungunya,2025.0,COUFINF,1,inteiro
chikungunya_2025,fato,chikungunya,2025.0,COPAISINF,1,inteiro
chikungunya_2025,fato,chikungunya,2025.0,COMUNINF,1,inteiro
chikungunya_2025,fato,chikungunya,2025.0,CODISINF,3,inteiro
chikungunya_2025,fato,chikungunya,2025.0,CO_BAINF,15,inteiro
chikungunya_2025,fato,chikungunya,2025.0,NOBAIINF,15,texto
chikungunya_2025,fato,chikungunya,2025.0,CLASSI_FIN,2,inteiro
chikungunya_2025,fato,chikungunya,2025.0,CRITERIO,3,inteiro
chikungunya_2025,fato,chikungunya,2025.0,DOENCA_TRA,0,vazio
chikungunya_2025,fato,chikungunya,2025.0,CLINC_CHIK,2,inteiro
chikungunya_2025,fato,chikungunya,2025.0,EVOLUCAO,5,inteiro
chikungunya_2025,fato,chikungunya,2025.0,DT_OBITO,21,inteiro
chikungunya_2025,fato,chikungunya,2025.0,DT_ENCERRA,213,inteiro
chikungunya_2025,fato,chikungunya,2025.0,ALRM_HIPOT,0,vazio
chikungunya_2025,fato,chikungunya,2025.0,ALRM_PLAQ,0,vazio
chikungunya_2025,fato,chikungunya,2025.0,ALRM_VOM,0,vazio
chikungunya_2025,fato,chikungunya,2025.0,ALRM_SANG,0,vazio
chikungunya_2025,fato,chikungunya,2025.0,ALRM_HEMAT,0,vazio
chikungunya_2025,fato,chikungunya,2025.0,ALRM_ABDOM,0,vazio
chikungunya_2025,fato,chikungunya,2025.0,ALRM_LETAR,0,vazio
chikungunya_2025,fato,chikungunya,2025.0,ALRM_HEPAT,0,vazio
chikungunya_2025,fato,chikungunya,2025.0,ALRM_LIQ,0,vazio
chikungunya_2025,fato,chikungunya,2025.0,DT_ALRM,0,vazio
chikungunya_2025,fato,chikungunya,2025.0,GRAV_PULSO,0,vazio
chikungunya_2025,fato,chikungunya,2025.0,GRAV_CONV,0,vazio
chikungunya_2025,fato,chikungunya,2025.0,GRAV_ENCH,0,vazio
chikungunya_2025,fato,chikungunya,2025.0,GRAV_INSUF,0,vazio
chikungunya_2025,fato,chikungunya,2025.0,GRAV_TAQUI,0,vazio
chikungunya_2025,fato,chikungunya,2025.0,GRAV_EXTRE,0,vazio
chikungunya_2025,fato,chikungunya,2025.0,GRAV_HIPOT,0,vazio
chikungunya_2025,fato,chikungunya,2025.0,GRAV_HEMAT,0,vazio
chikungunya_2025,fato,chikungunya,2025.0,GRAV_MELEN,0,vazio
chikungunya_2025,fato,chikungunya,2025.0,GRAV_METRO,0,vazio
chikungunya_2025,fato,chikungunya,2025.0,GRAV_SANG,0,vazio
chikungunya_2025,fato,chikungunya,2025.0,GRAV_AST,0,vazio
chikungunya_2025,fato,chikungunya,2025.0,GRAV_MIOC,0,vazio
chikungunya_2025,fato,chikungunya,2025.0,GRAV_CONSC,0,vazio
chikungunya_2025,fato,chikungunya,2025.0,GRAV_ORGAO,0,vazio
chikungunya_2025,fato,chikungunya,2025.0,DT_GRAV,0,vazio
chikungunya_2025,fato,chikungunya,2025.0,MANI_HEMOR,0,vazio
chikungunya_2025,fato,chikungunya,2025.0,EPISTAXE,0,vazio
chikungunya_2025,fato,chikungunya,2025.0,GENGIVO,0,vazio
chikungunya_2025,fato,chikungunya,2025.0,METRO,0,vazio
chikungunya_2025,fato,chikungunya,2025.0,PETEQUIAS,0,vazio
chikungunya_2025,fato,chikungunya,2025.0,HEMATURA,0,vazio
chikungunya_2025,fato,chikungunya,2025.0,SANGRAM,0,vazio
chikungunya_2025,fato,chikungunya,2025.0,LACO_N,0,vazio
chikungunya_2025,fato,chikungunya,2025.0,PLASMATICO,0,vazio
chikungunya_2025,fato,chikungunya,2025.0,EVIDENCIA,0,vazio
chikungunya_2025,fato,chikungunya,2025.0,PLAQ_MENOR,0,vazio
chikungunya_2025,fato,chikungunya,2025.0,CON_FHD,0,vazio
chikungunya_2025,fato,chikungunya,2025.0,COMPLICA,0,vazio
chikungunya_2025,fato,chikungunya,2025.0,NU_LOTE_I,0,vazio
chikungunya_2025,fato,chikungunya,2025.0,DS_OBS,525,texto
chikungunya_2024,fato,chikungunya,2024.0,NU_NOTIFIC,2478,inteiro
chikungunya_2024,fato,chikungunya,2024.0,TP_NOT,1,inteiro
chikungunya_2024,fato,chikungunya,2024.0,ID_AGRAVO,1,texto
chikungunya_2024,fato,chikungunya,2024.0,DT_NOTIFIC,302,texto
chikungunya_2024,fato,chikungunya,2024.0,SEM_NOT,53,inteiro
chikungunya_2024,fato,chikungunya,2024.0,NU_ANO,1,inteiro
chikungunya_2024,fato,chikungunya,2024.0,SG_UF_NOT,3,inteiro
chikungunya_2024,fato,chikungunya,2024.0,ID_MUNICIP,11,inteiro
chikungunya_2024,fato,chikungunya,2024.0,ID_REGIONA,4,inteiro
chikungunya_2024,fato,chikungunya,2024.0,ID_UNIDADE,120,inteiro
chikungunya_2024,fato,chikungunya,2024.0,DT_SIN_PRI,376,texto
chikungunya_2024,fato,chikungunya,2024.0,SEM_PRI,71,inteiro
chikungunya_2024,fato,chikungunya,2024.0,DT_NASC,2307,texto
chikungunya_2024,fato,chikungunya,2024.0,NU_IDADE_N,103,inteiro
chikungunya_2024,fato,chikungunya,2024.0,CS_SEXO,3,texto
chikungunya_2024,fato,chikungunya,2024.0,CS_GESTANT,7,inteiro
chikungunya_2024,fato,chikungunya,2024.0,CS_RACA,6,inteiro
chikungunya_2024,fato,chikungunya,2024.0,CS_ESCOL_N,11,inteiro
chikungunya_2024,fato,chikungunya,2024.0,SG_UF,1,inteiro
chikungunya_2024,fato,chikungunya,2024.0,ID_MN_RESI,1,inteiro
chikungunya_2024,fato,chikungunya,2024.0,ID_RG_RESI,1,inteiro
chikungunya_2024,fato,chikungunya,2024.0,ID_DISTRIT,8,inteiro
chikungunya_2024,fato,chikungunya,2024.0,ID_BAIRRO,88,inteiro
chikungunya_2024,fato,chikungunya,2024.0,NM_BAIRRO,88,texto
chikungunya_2024,fato,chikungunya,2024.0,ID_LOGRADO,0,vazio
chikungunya_2024,fato,chikungunya,2024.0,NM_LOGRADO,1983,texto
chikungunya_2024,fato,chikungunya,2024.0,NU_CEP,837,inteiro
chikungunya_2024,fato,chikungunya,2024.0,CS_ZONA,4,inteiro
chikungunya_2024,fato,chikungunya,2024.0,ID_PAIS,1,inteiro
chikungunya_2024,fato,chikungunya,2024.0,DT_INVEST,292,texto
chikungunya_2024,fato,chikungunya,2024.0,ID_OCUPA_N,49,inteiro
chikungunya_2024,fato,chikungunya,2024.0,FEBRE,2,inteiro
chikungunya_2024,fato,chikungunya,2024.0,MIALGIA,2,inteiro
chikungunya_2024,fato,chikungunya,2024.0,CEFALEIA,2,inteiro
chikungunya_2024,fato,chikungunya,2024.0,EXANTEMA,2,inteiro
chikungunya_2024,fato,chikungunya,2024.0,VOMITO,2,inteiro
chikungunya_2024,fato,chikungunya,2024.0,NAUSEA,2,inteiro
chikungunya_2024,fato,chikungunya,2024.0,DOR_COSTAS,2,inteiro
chikungunya_2024,fato,chikungunya,2024.0,CONJUNTVIT,2,inteiro
chikungunya_2024,fato,chikungunya,2024.0,ARTRITE,2,inteiro
chikungunya_2024,fato,chikungunya,2024.0,ARTRALGIA,2,inteiro
chikungunya_2024,fato,chikungunya,2024.0,PETEQUIA_N,2,inteiro
chikungunya_2024,fato,chikungunya,2024.0,LEUCOPENIA,2,inteiro
chikungunya_2024,fato,chikungunya,2024.0,LACO,2,inteiro
chikungunya_2024,fato,chikungunya,2024.0,DOR_RETRO,2,inteiro
chikungunya_2024,fato,chikungunya,2024.0,DIABETES,2,inteiro
chikungunya_2024,fato,chikungunya,2024.0,HEMATOLOG,2,inteiro
chikungunya_2024,fato,chikungunya,2024.0,HEPATOPAT,2,inteiro
chikungunya_2024,fato,chikungunya,2024.0,RENAL,2,inteiro
chikungunya_2024,fato,chikungunya,2024.0,HIPERTENSA,2,inteiro
chikungunya_2024,fato,chikungunya,2024.0,ACIDO_PEPT,2,inteiro
chikungunya_2024,fato,chikungunya,2024.0,AUTO_IMUNE,2,inteiro
chikungunya_2024,fato,chikungunya,2024.0,DT_CHIK_S1,175,texto
chikungunya_2024,fato,chikungunya,2024.0,DT_CHIK_S2,8,texto
chikungunya_2024,fato,chikungunya,2024.0,DT_PRNT,7,texto
chikungunya_2024,fato,chikungunya,2024.0,RES_CHIKS1,4,inteiro
chikungunya_2024,fato,chikungunya,2024.0,RES_CHIKS2,3,inteiro
chikungunya_2024,fato,chikungunya,2024.0,RESUL_PRNT,2,inteiro
chikungunya_2024,fato,chikungunya,2024.0,DT_SORO,0,vazio
chikungunya_2024,fato,chikungunya,2024.0,RESUL_SORO,1,inteiro
chikungunya_2024,fato,chikungunya,2024.0,DT_NS1,0,vazio
chikungunya_2024,fato,chikungunya,2024.0,RESUL_NS1,1,inteiro
chikungunya_2024,fato,chikungunya,2024.0,DT_VIRAL,0,vazio
chikungunya_2024,fato,chikungunya,2024.0,RESUL_VI_N,2,inteiro
chikungunya_2024,fato,chikungunya,2024.0,DT_PCR,73,texto
chikungunya_2024,fato,chikungunya,2024.0,RESUL_PCR_,3,inteiro
chikungunya_2024,fato,chikungunya,2024.0,SOROTIPO,0,vazio
chikungunya_2024,fato,chikungunya,2024.0,HISTOPA_N,1,inteiro
chikungunya_2024,fato,chikungunya,2024.0,IMUNOH_N,1,inteiro
chikungunya_2024,fato,chikungunya,2024.0,HOSPITALIZ,3,inteiro
chikungunya_2024,fato,chikungunya,2024.0,DT_INTERNA,109,texto
chikungunya_2024,fato,chikungunya,2024.0,UF,1,inteiro
chikungunya_2024,fato,chikungunya,2024.0,MUNICIPIO,2,inteiro
chikungunya_2024,fato,chikungunya,2024.0,TPAUTOCTO,3,inteiro
chikungunya_2024,fato,chikungunya,2024.0,COUFINF,1,inteiro
chikungunya_2024,fato,chikungunya,2024.0,COPAISINF,1,inteiro
chikungunya_2024,fato,chikungunya,2024.0,COMUNINF,1,inteiro
chikungunya_2024,fato,chikungunya,2024.0,CODISINF,4,inteiro
chikungunya_2024,fato,chikungunya,2024.0,CO_BAINF,14,inteiro
chikungunya_2024,fato,chikungunya,2024.0,NOBAIINF,14,texto
chikungunya_2024,fato,chikungunya,2024.0,CLASSI_FIN,2,inteiro
chikungunya_2024,fato,chikungunya,2024.0,CRITERIO,3,inteiro
chikungunya_2024,fato,chikungunya,2024.0,DOENCA_TRA,0,vazio
chikungunya_2024,fato,chikungunya,2024.0,CLINC_CHIK,2,inteiro
chikungunya_2024,fato,chikungunya,2024.0,EVOLUCAO,4,inteiro
chikungunya_2024,fato,chikungunya,2024.0,DT_OBITO,15,texto
chikungunya_2024,fato,chikungunya,2024.0,DT_ENCERRA,220,texto
chikungunya_2024,fato,chikungunya,2024.0,ALRM_HIPOT,0,vazio
chikungunya_2024,fato,chikungunya,2024.0,ALRM_PLAQ,0,vazio
chikungunya_2024,fato,chikungunya,2024.0,ALRM_VOM,0,vazio
chikungunya_2024,fato,chikungunya,2024.0,ALRM_SANG,0,vazio
chikungunya_2024,fato,chikungunya,2024.0,ALRM_HEMAT,0,vazio
chikungunya_2024,fato,chikungunya,2024.0,ALRM_ABDOM,0,vazio
chikungunya_2024,fato,chikungunya,2024.0,ALRM_LETAR,0,vazio
chikungunya_2024,fato,chikungunya,2024.0,ALRM_HEPAT,0,vazio
chikungunya_2024,fato,chikungunya,2024.0,ALRM_LIQ,0,vazio
chikungunya_2024,fato,chikungunya,2024.0,DT_ALRM,0,vazio
chikungunya_2024,fato,chikungunya,2024.0,GRAV_PULSO,0,vazio
chikungunya_2024,fato,chikungunya,2024.0,GRAV_CONV,0,vazio
chikungunya_2024,fato,chikungunya,2024.0,GRAV_ENCH,0,vazio
chikungunya_2024,fato,chikungunya,2024.0,GRAV_INSUF,0,vazio
chikungunya_2024,fato,chikungunya,2024.0,GRAV_TAQUI,0,vazio
chikungunya_2024,fato,chikungunya,2024.0,GRAV_EXTRE,0,vazio
chikungunya_2024,fato,chikungunya,2024.0,GRAV_HIPOT,0,vazio
chikungunya_2024,fato,chikungunya,2024.0,GRAV_HEMAT,0,vazio
chikungunya_2024,fato,chikungunya,2024.0,GRAV_MELEN,0,vazio
chikungunya_2024,fato,chikungunya,2024.0,GRAV_METRO,0,vazio
chikungunya_2024,fato,chikungunya,2024.0,GRAV_SANG,0,vazio
chikungunya_2024,fato,chikungunya,2024.0,GRAV_AST,0,vazio
chikungunya_2024,fato,chikungunya,2024.0,GRAV_MIOC,0,vazio
chikungunya_2024,fato,chikungunya,2024.0,GRAV_CONSC,0,vazio
chikungunya_2024,fato,chikungunya,2024.0,GRAV_ORGAO,0,vazio
chikungunya_2024,fato,chikungunya,2024.0,DT_GRAV,0,vazio
chikungunya_2024,fato,chikungunya,2024.0,MANI_HEMOR,0,vazio
chikungunya_2024,fato,chikungunya,2024.0,EPISTAXE,0,vazio
chikungunya_2024,fato,chikungunya,2024.0,GENGIVO,0,vazio
chikungunya_2024,fato,chikungunya,2024.0,METRO,0,vazio
chikungunya_2024,fato,chikungunya,2024.0,PETEQUIAS,0,vazio
chikungunya_2024,fato,chikungunya,2024.0,HEMATURA,0,vazio
chikungunya_2024,fato,chikungunya,2024.0,SANGRAM,0,vazio
chikungunya_2024,fato,chikungunya,2024.0,LACO_N,0,vazio
chikungunya_2024,fato,chikungunya,2024.0,PLASMATICO,0,vazio
chikungunya_2024,fato,chikungunya,2024.0,EVIDENCIA,0,vazio
chikungunya_2024,fato,chikungunya,2024.0,PLAQ_MENOR,0,vazio
chikungunya_2024,fato,chikungunya,2024.0,CON_FHD,0,vazio
chikungunya_2024,fato,chikungunya,2024.0,COMPLICA,0,vazio
chikungunya_2024,fato,chikungunya,2024.0,Unnamed: 126,0,vazio
chikungunya_2024,fato,chikungunya,2024.0,Unnamed: 127,0,vazio
chikungunya_2024,fato,chikungunya,2024.0,Unnamed: 128,0,vazio
chikungunya_2024,fato,chikungunya,2024.0,Unnamed: 129,0,vazio
chikungunya_2024,fato,chikungunya,2024.0,Unnamed: 130,0,vazio
chikungunya_2024,fato,chikungunya,2024.0,Unnamed: 131,0,vazio
chikungunya_2024,fato,chikungunya,2024.0,Unnamed: 132,0,vazio
chikungunya_2024,fato,chikungunya,2024.0,Unnamed: 133,0,vazio
chikungunya_2024,fato,chikungunya,2024.0,Unnamed: 134,0,vazio
chikungunya_2024,fato,chikungunya,2024.0,Unnamed: 135,0,vazio
chikungunya_2024,fato,chikungunya,2024.0,Unnamed: 136,0,vazio
chikungunya_2024,fato,chikungunya,2024.0,Unnamed: 137,0,vazio
chikungunya_2024,fato,chikungunya,2024.0,Unnamed: 138,0,vazio
chikungunya_2024,fato,chikungunya,2024.0,Unnamed: 139,0,vazio
chikungunya_2024,fato,chikungunya,2024.0,Unnamed: 140,0,vazio
chikungunya_2024,fato,chikungunya,2024.0,Unnamed: 141,0,vazio
chikungunya_2024,fato,chikungunya,2024.0,Unnamed: 142,0,vazio
chikungunya_2023,fato,chikungunya,2023.0,NU_NOTIFIC,1551,inteiro
chikungunya_2023,fato,chikungunya,2023.0,TP_NOT,1,inteiro
chikungunya_2023,fato,chikungunya,2023.0,ID_AGRAVO,1,texto
chikungunya_2023,fato,chikungunya,2023.0,DT_NOTIFIC,316,texto
chikungunya_2023,fato,chikungunya,2023.0,SEM_NOT,52,inteiro
chikungunya_2023,fato,chikungunya,2023.0,NU_ANO,1,inteiro
chikungunya_2023,fato,chikungunya,2023.0,SG_UF_NOT,2,inteiro
chikungunya_2023,fato,chikungunya,2023.0,ID_MUNICIP,12,inteiro
chikungunya_2023,fato,chikungunya,2023.0,ID_REGIONA,5,inteiro
chikungunya_2023,fato,chikungunya,2023.0,ID_UNIDADE,81,inteiro
chikungunya_2023,fato,chikungunya,2023.0,DT_SIN_PRI,390,texto
chikungunya_2023,fato,chikungunya,2023.0,SEM_PRI,71,inteiro
chikungunya_2023,fato,chikungunya,2023.0,DT_NASC,1469,texto
chikungunya_2023,fato,chikungunya,2023.0,NU_IDADE_N,96,inteiro
chikungunya_2023,fato,chikungunya,2023.0,CS_SEXO,3,texto
chikungunya_2023,fato,chikungunya,2023.0,CS_GESTANT,7,inteiro
chikungunya_2023,fato,chikungunya,2023.0,CS_RACA,6,inteiro
chikungunya_2023,fato,chikungunya,2023.0,CS_ESCOL_N,11,inteiro
chikungunya_2023,fato,chikungunya,2023.0,SG_UF,1,inteiro
chikungunya_2023,fato,chikungunya,2023.0,ID_MN_RESI,1,inteiro
chikungunya_2023,fato,chikungunya,2023.0,ID_RG_RESI,1,inteiro
chikungunya_2023,fato,chikungunya,2023.0,ID_DISTRIT,8,inteiro
chikungunya_2023,fato,chikungunya,2023.0,ID_BAIRRO,89,inteiro
chikungunya_2023,fato,chikungunya,2023.0,NM_BAIRRO,89,texto
chikungunya_2023,fato,chikungunya,2023.0,ID_LOGRADO,0,vazio
chikungunya_2023,fato,chikungunya,2023.0,NM_LOGRADO,1296,texto
chikungunya_2023,fato,chikungunya,2023.0,NU_CEP,700,inteiro
chikungunya_2023,fato,chikungunya,2023.0,CS_ZONA,3,inteiro
chikungunya_2023,fato,chikungunya,2023.0,ID_PAIS,1,inteiro
chikungunya_2023,fato,chikungunya,2023.0,DT_INVEST,319,texto
chikungunya_2023,fato,chikungunya,2023.0,ID_OCUPA_N,26,texto
chikungunya_2023,fato,chikungunya,2023.0,FEBRE,2,inteiro
chikungunya_2023,fato,chikungunya,2023.0,MIALGIA,2,inteiro
chikungunya_2023,fato,chikungunya,2023.0,CEFALEIA,2,inteiro
chikungunya_2023,fato,chikungunya,2023.0,EXANTEMA,2,inteiro
chikungunya_2023,fato,chikungunya,2023.0,VOMITO,2,inteiro
chikungunya_2023,fato,chikungunya,2023.0,NAUSEA,2,inteiro
chikungunya_2023,fato,chikungunya,2023.0,DOR_COSTAS,2,inteiro
chikungunya_2023,fato,chikungunya,2023.0,CONJUNTVIT,2,inteiro
chikungunya_2023,fato,chikungunya,2023.0,ARTRITE,2,inteiro
chikungunya_2023,fato,chikungunya,2023.0,ARTRALGIA,2,inteiro
chikungunya_2023,fato,chikungunya,2023.0,PETEQUIA_N,2,inteiro
chikungunya_2023,fato,chikungunya,2023.0,LEUCOPENIA,2,inteiro
chikungunya_2023,fato,chikungunya,2023.0,LACO,2,inteiro
chikungunya_2023,fato,chikungunya,2023.0,DOR_RETRO,2,inteiro
chikungunya_2023,fato,chikungunya,2023.0,DIABETES,2,inteiro
chikungunya_2023,fato,chikungunya,2023.0,HEMATOLOG,2,inteiro
chikungunya_2023,fato,chikungunya,2023.0,HEPATOPAT,2,inteiro
chikungunya_2023,fato,chikungunya,2023.0,RENAL,2,inteiro
chikungunya_2023,fato,chikungunya,2023.0,HIPERTENSA,2,inteiro
chikungunya_2023,fato,chikungunya,2023.0,ACIDO_PEPT,2,inteiro
chikungunya_2023,fato,chikungunya,2023.0,AUTO_IMUNE,2,inteiro
chikungunya_2023,fato,chikungunya,2023.0,DT_CHIK_S1,134,texto
chikungunya_2023,fato,chikungunya,2023.0,DT_CHIK_S2,3,texto
chikungunya_2023,fato,chikungunya,2023.0,DT_PRNT,2,texto
chikungunya_2023,fato,chikungunya,2023.0,RES_CHIKS1,4,inteiro
chikungunya_2023,fato,chikungunya,2023.0,RES_CHIKS2,3,inteiro
chikungunya_2023,fato,chikungunya,2023.0,RESUL_PRNT,2,inteiro
chikungunya_2023,fato,chikungunya,2023.0,DT_SORO,1,texto
chikungunya_2023,fato,chikungunya,2023.0,RESUL_SORO,2,inteiro
chikungunya_2023,fato,chikungunya,2023.0,DT_NS1,0,vazio
chikungunya_2023,fato,chikungunya,2023.0,RESUL_NS1,1,inteiro
chikungunya_2023,fato,chikungunya,2023.0,DT_VIRAL,1,texto
chikungunya_2023,fato,chikungunya,2023.0,RESUL_VI_N,3,inteiro
chikungunya_2023,fato,chikungunya,2023.0,DT_PCR,31,texto
chikungunya_2023,fato,chikungunya,2023.0,RESUL_PCR_,4,inteiro
chikungunya_2023,fato,chikungunya,2023.0,SOROTIPO,0,vazio
chikungunya_2023,fato,chikungunya,2023.0,HISTOPA_N,1,inteiro
chikungunya_2023,fato,chikungunya,2023.0,IMUNOH_N,1,inteiro
chikungunya_2023,fato,chikungunya,2023.0,HOSPITALIZ,3,inteiro
chikungunya_2023,fato,chikungunya,2023.0,DT_INTERNA,61,texto
chikungunya_2023,fato,chikungunya,2023.0,UF,1,inteiro
chikungunya_2023,fato,chikungunya,2023.0,MUNICIPIO,3,inteiro
chikungunya_2023,fato,chikungunya,2023.0,TPAUTOCTO,3,inteiro
chikungunya_2023,fato,chikungunya,2023.0,COUFINF,1,inteiro
chikungunya_2023,fato,chikungunya,2023.0,COPAISINF,1,inteiro
chikungunya_2023,fato,chikungunya,2023.0,COMUNINF,1,inteiro
chikungunya_2023,fato,chikungunya,2023.0,CODISINF,6,inteiro
chikungunya_2023,fato,chikungunya,2023.0,CO_BAINF,21,inteiro
chikungunya_2023,fato,chikungunya,2023.0,NOBAIINF,22,texto
chikungunya_2023,fato,chikungunya,2023.0,CLASSI_FIN,2,inteiro
chikungunya_2023,fato,chikungunya,2023.0,CRITERIO,2,inteiro
chikungunya_2023,fato,chikungunya,2023.0,DOENCA_TRA,0,vazio
chikungunya_2023,fato,chikungunya,2023.0,CLINC_CHIK,2,inteiro
chikungunya_2023,fato,chikungunya,2023.0,EVOLUCAO,4,inteiro
chikungunya_2023,fato,chikungunya,2023.0,DT_OBITO,11,texto
chikungunya_2023,fato,chikungunya,2023.0,DT_ENCERRA,326,texto
chikungunya_2023,fato,chikungunya,2023.0,ALRM_HIPOT,0,vazio
chikungunya_2023,fato,chikungunya,2023.0,ALRM_PLAQ,0,vazio
chikungunya_2023,fato,chikungunya,2023.0,ALRM_VOM,0,vazio
chikungunya_2023,fato,chikungunya,2023.0,ALRM_SANG,0,vazio
chikungunya_2023,fato,chikungunya,2023.0,ALRM_HEMAT,0,vazio
chikungunya_2023,fato,chikungunya,2023.0,ALRM_ABDOM,0,vazio
chikungunya_2023,fato,chikungunya,2023.0,ALRM_LETAR,0,vazio
chikungunya_2023,fato,chikungunya,2023.0,ALRM_HEPAT,0,vazio
chikungunya_2023,fato,chikungunya,2023.0,ALRM_LIQ,0,vazio
chikungunya_2023,fato,chikungunya,2023.0,DT_ALRM,0,vazio
chikungunya_2023,fato,chikungunya,2023.0,GRAV_PULSO,0,vazio
chikungunya_2023,fato,chikungunya,2023.0,GRAV_CONV,0,vazio
chikungunya_2023,fato,chikungunya,2023.0,GRAV_ENCH,0,vazio
chikungunya_2023,fato,chikungunya,2023.0,GRAV_INSUF,0,vazio
chikungunya_2023,fato,chikungunya,2023.0,GRAV_TAQUI,0,vazio
chikungunya_2023,fato,chikungunya,2023.0,GRAV_EXTRE,0,vazio
chikungunya_2023,fato,chikungunya,2023.0,GRAV_HIPOT,0,vazio
chikungunya_2023,fato,chikungunya,2023.0,GRAV_HEMAT,0,vazio
chikungunya_2023,fato,chikungunya,2023.0,GRAV_MELEN,0,vazio
chikungunya_2023,fato,chikungunya,2023.0,GRAV_METRO,0,vazio
chikungunya_2023,fato,chikungunya,2023.0,GRAV_SANG,0,vazio
chikungunya_2023,fato,chikungunya,2023.0,GRAV_AST,0,vazio
chikungunya_2023,fato,chikungunya,2023.0,GRAV_MIOC,0,vazio
chikungunya_2023,fato,chikungunya,2023.0,GRAV_CONSC,0,vazio
chikungunya_2023,fato,chikungunya,2023.0,GRAV_ORGAO,0,vazio
chikungunya_2023,fato,chikungunya,2023.0,DT_GRAV,0,vazio
chikungunya_2023,fato,chikungunya,2023.0,MANI_HEMOR,0,vazio
chikungunya_2023,fato,chikungunya,2023.0,EPISTAXE,0,vazio
chikungunya_2023,fato,chikungunya,2023.0,GENGIVO,0,vazio
chikungunya_2023,fato,chikungunya,2023.0,METRO,0,vazio
chikungunya_2023,fato,chikungunya,2023.0,PETEQUIAS,0,vazio
chikungunya_2023,fato,chikungunya,2023.0,HEMATURA,0,vazio
chikungunya_2023,fato,chikungunya,2023.0,SANGRAM,0,vazio
chikungunya_2023,fato,chikungunya,2023.0,LACO_N,0,vazio
chikungunya_2023,fato,chikungunya,2023.0,PLASMATICO,0,vazio
chikungunya_2023,fato,chikungunya,2023.0,EVIDENCIA,0,vazio
chikungunya_2023,fato,chikungunya,2023.0,PLAQ_MENOR,0,vazio
chikungunya_2023,fato,chikungunya,2023.0,CON_FHD,0,vazio
chikungunya_2022,fato,chikungunya,2022.0,NU_NOTIFIC,2107,inteiro
chikungunya_2022,fato,chikungunya,2022.0,TP_NOT,1,inteiro
chikungunya_2022,fato,chikungunya,2022.0,ID_AGRAVO,1,texto
chikungunya_2022,fato,chikungunya,2022.0,DT_NOTIFIC,287,texto
chikungunya_2022,fato,chikungunya,2022.0,SEM_NOT,52,inteiro
chikungunya_2022,fato,chikungunya,2022.0,NU_ANO,1,inteiro
chikungunya_2022,fato,chikungunya,2022.0,SG_UF_NOT,8,inteiro
chikungunya_2022,fato,chikungunya,2022.0,ID_MUNICIP,16,inteiro
chikungunya_2022,fato,chikungunya,2022.0,ID_REGIONA,9,inteiro
chikungunya_2022,fato,chikungunya,2022.0,ID_UNIDADE,104,inteiro
chikungunya_2022,fato,chikungunya,2022.0,DT_SIN_PRI,461,texto
chikungunya_2022,fato,chikungunya,2022.0,SEM_PRI,76,inteiro
chikungunya_2022,fato,chikungunya,2022.0,DT_NASC,1980,texto
chikungunya_2022,fato,chikungunya,2022.0,NU_IDADE_N,103,inteiro
chikungunya_2022,fato,chikungunya,2022.0,CS_SEXO,3,texto
chikungunya_2022,fato,chikungunya,2022.0,CS_GESTANT,7,inteiro
chikungunya_2022,fato,chikungunya,2022.0,CS_RACA,6,inteiro
chikungunya_2022,fato,chikungunya,2022.0,CS_ESCOL_N,11,inteiro
chikungunya_2022,fato,chikungunya,2022.0,SG_UF,1,inteiro
chikungunya_2022,fato,chikungunya,2022.0,ID_MN_RESI,1,inteiro
chikungunya_2022,fato,chikungunya,2022.0,ID_RG_RESI,1,inteiro
chikungunya_2022,fato,chikungunya,2022.0,ID_DISTRIT,8,inteiro
chikungunya_2022,fato,chikungunya,2022.0,ID_BAIRRO,92,inteiro
chikungunya_2022,fato,chikungunya,2022.0,NM_BAIRRO,92,texto
chikungunya_2022,fato,chikungunya,2022.0,ID_LOGRADO,0,vazio
chikungunya_2022,fato,chikungunya,2022.0,NM_LOGRADO,1696,texto
chikungunya_2022,fato,chikungunya,2022.0,NU_CEP,767,inteiro
chikungunya_2022,fato,chikungunya,2022.0,CS_ZONA,3,inteiro
chikungunya_2022,fato,chikungunya,2022.0,ID_PAIS,1,inteiro
chikungunya_2022,fato,chikungunya,2022.0,DT_INVEST,287,texto
chikungunya_2022,fato,chikungunya,2022.0,ID_OCUPA_N,31,texto
chikungunya_2022,fato,chikungunya,2022.0,FEBRE,2,inteiro
chikungunya_2022,fato,chikungunya,2022.0,MIALGIA,2,inteiro
chikungunya_2022,fato,chikungunya,2022.0,CEFALEIA,2,inteiro
chikungunya_2022,fato,chikungunya,2022.0,EXANTEMA,2,inteiro
chikungunya_2022,fato,chikungunya,2022.0,VOMITO,2,inteiro
chikungunya_2022,fato,chikungunya,2022.0,NAUSEA,2,inteiro
chikungunya_2022,fato,chikungunya,2022.0,DOR_COSTAS,2,inteiro
chikungunya_2022,fato,chikungunya,2022.0,CONJUNTVIT,2,inteiro
chikungunya_2022,fato,chikungunya,2022.0,ARTRITE,2,inteiro
chikungunya_2022,fato,chikungunya,2022.0,ARTRALGIA,2,inteiro
chikungunya_2022,fato,chikungunya,2022.0,PETEQUIA_N,2,inteiro
chikungunya_2022,fato,chikungunya,2022.0,LEUCOPENIA,2,inteiro
chikungunya_2022,fato,chikungunya,2022.0,LACO,2,inteiro
chikungunya_2022,fato,chikungunya,2022.0,DOR_RETRO,2,inteiro
chikungunya_2022,fato,chikungunya,2022.0,DIABETES,2,inteiro
chikungunya_2022,fato,chikungunya,2022.0,HEMATOLOG,2,inteiro
chikungunya_2022,fato,chikungunya,2022.0,HEPATOPAT,2,inteiro
chikungunya_2022,fato,chikungunya,2022.0,RENAL,2,inteiro
chikungunya_2022,fato,chikungunya,2022.0,HIPERTENSA,2,inteiro
chikungunya_2022,fato,chikungunya,2022.0,ACIDO_PEPT,2,inteiro
chikungunya_2022,fato,chikungunya,2022.0,AUTO_IMUNE,2,inteiro
chikungunya_2022,fato,chikungunya,2022.0,DT_CHIK_S1,164,texto
chikungunya_2022,fato,chikungunya,2022.0,DT_CHIK_S2,0,vazio
chikungunya_2022,fato,chikungunya,2022.0,DT_PRNT,16,texto
chikungunya_2022,fato,chikungunya,2022.0,RES_CHIKS1,4,inteiro
chikungunya_2022,fato,chikungunya,2022.0,RES_CHIKS2,2,inteiro
chikungunya_2022,fato,chikungunya,2022.0,RESUL_PRNT,3,inteiro
chikungunya_2022,fato,chikungunya,2022.0,DT_SORO,1,texto
chikungunya_2022,fato,chikungunya,2022.0,RESUL_SORO,0,vazio
chikungunya_2022,fato,chikungunya,2022.0,DT_NS1,0,vazio
chikungunya_2022,fato,chikungunya,2022.0,RESUL_NS1,0,vazio
chikungunya_2022,fato,chikungunya,2022.0,DT_VIRAL,8,texto
chikungunya_2022,fato,chikungunya,2022.0,RESUL_VI_N,1,inteiro
chikungunya_2022,fato,chikungunya,2022.0,DT_PCR,60,texto
chikungunya_2022,fato,chikungunya,2022.0,RESUL_PCR_,3,inteiro
chikungunya_2022,fato,chikungunya,2022.0,SOROTIPO,0,vazio
chikungunya_2022,fato,chikungunya,2022.0,HISTOPA_N,0,vazio
chikungunya_2022,fato,chikungunya,2022.0,IMUNOH_N,0,vazio
chikungunya_2022,fato,chikungunya,2022.0,HOSPITALIZ,3,inteiro
chikungunya_2022,fato,chikungunya,2022.0,DT_INTERNA,78,texto
chikungunya_2022,fato,chikungunya,2022.0,UF,2,inteiro
chikungunya_2022,fato,chikungunya,2022.0,MUNICIPIO,4,inteiro
chikungunya_2022,fato,chikungunya,2022.0,TPAUTOCTO,3,inteiro
chikungunya_2022,fato,chikungunya,2022.0,COUFINF,1,inteiro
chikungunya_2022,fato,chikungunya,2022.0,COPAISINF,1,inteiro
chikungunya_2022,fato,chikungunya,2022.0,COMUNINF,1,inteiro
chikungunya_2022,fato,chikungunya,2022.0,CODISINF,5,inteiro
chikungunya_2022,fato,chikungunya,2022.0,CO_BAINF,27,inteiro
chikungunya_2022,fato,chikungunya,2022.0,NOBAIINF,28,texto
chikungunya_2022,fato,chikungunya,2022.0,CLASSI_FIN,2,inteiro
chikungunya_2022,fato,chikungunya,2022.0,CRITERIO,3,inteiro
chikungunya_2022,fato,chikungunya,2022.0,DOENCA_TRA,0,vazio
chikungunya_2022,fato,chikungunya,2022.0,CLINC_CHIK,2,inteiro
chikungunya_2022,fato,chikungunya,2022.0,EVOLUCAO,2,inteiro
chikungunya_2022,fato,chikungunya,2022.0,DT_OBITO,6,texto
chikungunya_2022,fato,chikungunya,2022.0,DT_ENCERRA,285,texto
chikungunya_2022,fato,chikungunya,2022.0,ALRM_HIPOT,0,vazio
chikungunya_2022,fato,chikungunya,2022.0,ALRM_PLAQ,0,vazio
chikungunya_2022,fato,chikungunya,2022.0,ALRM_VOM,0,vazio
chikungunya_2022,fato,chikungunya,2022.0,ALRM_SANG,0,vazio
chikungunya_2022,fato,chikungunya,2022.0,ALRM_HEMAT,0,vazio
chikungunya_2022,fato,chikungunya,2022.0,ALRM_ABDOM,0,vazio
chikungunya_2022,fato,chikungunya,2022.0,ALRM_LETAR,0,vazio
chikungunya_2022,fato,chikungunya,2022.0,ALRM_HEPAT,0,vazio
chikungunya_2022,fato,chikungunya,2022.0,ALRM_LIQ,0,vazio
chikungunya_2022,fato,chikungunya,2022.0,DT_ALRM,0,vazio
chikungunya_2022,fato,chikungunya,2022.0,GRAV_PULSO,0,vazio
chikungunya_2022,fato,chikungunya,2022.0,GRAV_CONV,0,vazio
chikungunya_2022,fato,chikungunya,2022.0,GRAV_ENCH,0,vazio
chikungunya_2022,fato,chikungunya,2022.0,GRAV_INSUF,0,vazio
chikungunya_2022,fato,chikungunya,2022.0,GRAV_TAQUI,0,vazio
chikungunya_2022,fato,chikungunya,2022.0,GRAV_EXTRE,0,vazio
chikungunya_2022,fato,chikungunya,2022.0,GRAV_HIPOT,0,vazio
chikungunya_2022,fato,chikungunya,2022.0,GRAV_HEMAT,0,vazio
chikungunya_2022,fato,chikungunya,2022.0,GRAV_MELEN,0,vazio
chikungunya_2022,fato,chikungunya,2022.0,GRAV_METRO,0,vazio
chikungunya_2022,fato,chikungunya,2022.0,GRAV_SANG,0,vazio
chikungunya_2022,fato,chikungunya,2022.0,GRAV_AST,0,vazio
chikungunya_2022,fato,chikungunya,2022.0,GRAV_MIOC,0,vazio
chikungunya_2022,fato,chikungunya,2022.0,GRAV_CONSC,0,vazio
chikungunya_2022,fato,chikungunya,2022.0,GRAV_ORGAO,0,vazio
chikungunya_2022,fato,chikungunya,2022.0,DT_GRAV,0,vazio
chikungunya_2022,fato,chikungunya,2022.0,MANI_HEMOR,0,vazio
chikungunya_2022,fato,chikungunya,2022.0,EPISTAXE,0,vazio
chikungunya_2022,fato,chikungunya,2022.0,GENGIVO,0,vazio
chikungunya_2022,fato,chikungunya,2022.0,METRO,0,vazio
chikungunya_2022,fato,chikungunya,2022.0,PETEQUIAS,0,vazio
chikungunya_2022,fato,chikungunya,2022.0,HEMATURA,0,vazio
chikungunya_2022,fato,chikungunya,2022.0,SANGRAM,0,vazio
chikungunya_2022,fato,chikungunya,2022.0,LACO_N,0,vazio
chikungunya_2022,fato,chikungunya,2022.0,PLASMATICO,0,vazio
chikungunya_2022,fato,chikungunya,2022.0,EVIDENCIA,0,vazio
chikungunya_2022,fato,chikungunya,2022.0,PLAQ_MENOR,0,vazio
chikungunya_2022,fato,chikungunya,2022.0,CON_FHD,0,vazio
chikungunya_2021,fato,chikungunya,2021.0,NU_NOTIFIC,17622,inteiro
chikungunya_2021,fato,chikungunya,2021.0,TP_NOT,1,inteiro
chikungunya_2021,fato,chikungunya,2021.0,ID_AGRAVO,1,texto
chikungunya_2021,fato,chikungunya,2021.0,DT_NOTIFIC,332,data
chikungunya_2021,fato,chikungunya,2021.0,SEM_NOT,53,inteiro
chikungunya_2021,fato,chikungunya,2021.0,NU_ANO,1,inteiro
chikungunya_2021,fato,chikungunya,2021.0,SG_UF_NOT,5,inteiro
chikungunya_2021,fato,chikungunya,2021.0,ID_MUNICIP,21,inteiro
chikungunya_2021,fato,chikungunya,2021.0,ID_REGIONA,11,inteiro
chikungunya_2021,fato,chikungunya,2021.0,ID_UNIDADE,201,inteiro
chikungunya_2021,fato,chikungunya,2021.0,DT_SIN_PRI,399,texto
chikungunya_2021,fato,chikungunya,2021.0,SEM_PRI,70,inteiro
chikungunya_2021,fato,chikungunya,2021.0,DT_NASC,12321,texto
chikungunya_2021,fato,chikungunya,2021.0,NU_IDADE_N,132,inteiro
chikungunya_2021,fato,chikungunya,2021.0,CS_SEXO,3,texto
chikungunya_2021,fato,chikungunya,2021.0,CS_GESTANT,7,inteiro
chikungunya_2021,fato,chikungunya,2021.0,CS_RACA,6,inteiro
chikungunya_2021,fato,chikungunya,2021.0,CS_ESCOL_N,11,inteiro
chikungunya_2021,fato,chikungunya,2021.0,SG_UF,1,inteiro
chikungunya_2021,fato,chikungunya,2021.0,ID_MN_RESI,1,inteiro
chikungunya_2021,fato,chikungunya,2021.0,ID_RG_RESI,1,inteiro
chikungunya_2021,fato,chikungunya,2021.0,ID_DISTRIT,8,inteiro
chikungunya_2021,fato,chikungunya,2021.0,ID_BAIRRO,93,inteiro
chikungunya_2021,fato,chikungunya,2021.0,NM_BAIRRO,93,texto
chikungunya_2021,fato,chikungunya,2021.0,ID_LOGRADO,0,vazio
chikungunya_2021,fato,chikungunya,2021.0,NM_LOGRADO,8818,texto
chikungunya_2021,fato,chikungunya,2021.0,NU_CEP,2333,inteiro
chikungunya_2021,fato,chikungunya,2021.0,CS_ZONA,4,inteiro
chikungunya_2021,fato,chikungunya,2021.0,ID_PAIS,1,inteiro
chikungunya_2021,fato,chikungunya,2021.0,DT_INVEST,336,texto
chikungunya_2021,fato,chikungunya,2021.0,ID_OCUPA_N,140,texto
chikungunya_2021,fato,chikungunya,2021.0,FEBRE,2,inteiro
chikungunya_2021,fato,chikungunya,2021.0,MIALGIA,2,inteiro
chikungunya_2021,fato,chikungunya,2021.0,CEFALEIA,2,inteiro
chikungunya_2021,fato,chikungunya,2021.0,EXANTEMA,2,inteiro
chikungunya_2021,fato,chikungunya,2021.0,VOMITO,2,inteiro
chikungunya_2021,fato,chikungunya,2021.0,NAUSEA,2,inteiro
chikungunya_2021,fato,chikungunya,2021.0,DOR_COSTAS,2,inteiro
chikungunya_2021,fato,chikungunya,2021.0,CONJUNTVIT,2,inteiro
chikungunya_2021,fato,chikungunya,2021.0,ARTRITE,2,inteiro
chikungunya_2021,fato,chikungunya,2021.0,ARTRALGIA,2,inteiro
chikungunya_2021,fato,chikungunya,2021.0,PETEQUIA_N,2,inteiro
chikungunya_2021,fato,chikungunya,2021.0,LEUCOPENIA,2,inteiro
chikungunya_2021,fato,chikungunya,2021.0,LACO,2,inteiro
chikungunya_2021,fato,chikungunya,2021.0,DOR_RETRO,2,inteiro
chikungunya_2021,fato,chikungunya,2021.0,DIABETES,2,inteiro
chikungunya_2021,fato,chikungunya,2021.0,HEMATOLOG,2,inteiro
chikungunya_2021,fato,chikungunya,2021.0,HEPATOPAT,2,inteiro
chikungunya_2021,fato,chikungunya,2021.0,RENAL,2,inteiro
chikungunya_2021,fato,chikungunya,2021.0,HIPERTENSA,2,inteiro
chikungunya_2021,fato,chikungunya,2021.0,ACIDO_PEPT,2,inteiro
chikungunya_2021,fato,chikungunya,2021.0,AUTO_IMUNE,2,inteiro
chikungunya_2021,fato,chikungunya,2021.0,DT_CHIK_S1,231,texto
chikungunya_2021,fato,chikungunya,2021.0,DT_CHIK_S2,5,texto
chikungunya_2021,fato,chikungunya,2021.0,DT_PRNT,23,texto
chikungunya_2021,fato,chikungunya,2021.0,RES_CHIKS1,4,inteiro
chikungunya_2021,fato,chikungunya,2021.0,RES_CHIKS2,4,inteiro
chikungunya_2021,fato,chikungunya,2021.0,RESUL_PRNT,4,inteiro
chikungunya_2021,fato,chikungunya,2021.0,DT_SORO,0,vazio
chikungunya_2021,fato,chikungunya,2021.0,RESUL_SORO,1,inteiro
chikungunya_2021,fato,chikungunya,2021.0,DT_NS1,0,vazio
chikungunya_2021,fato,chikungunya,2021.0,RESUL_NS1,1,inteiro
chikungunya_2021,fato,chikungunya,2021.0,DT_VIRAL,12,texto
chikungunya_2021,fato,chikungunya,2021.0,RESUL_VI_N,3,inteiro
chikungunya_2021,fato,chikungunya,2021.0,DT_PCR,103,texto
chikungunya_2021,fato,chikungunya,2021.0,RESUL_PCR_,4,inteiro
chikungunya_2021,fato,chikungunya,2021.0,SOROTIPO,0,vazio
chikungunya_2021,fato,chikungunya,2021.0,HISTOPA_N,1,inteiro
chikungunya_2021,fato,chikungunya,2021.0,IMUNOH_N,1,inteiro
chikungunya_2021,fato,chikungunya,2021.0,HOSPITALIZ,3,inteiro
chikungunya_2021,fato,chikungunya,2021.0,DT_INTERNA,122,texto
chikungunya_2021,fato,chikungunya,2021.0,UF,1,inteiro
chikungunya_2021,fato,chikungunya,2021.0,MUNICIPIO,3,inteiro
chikungunya_2021,fato,chikungunya,2021.0,TPAUTOCTO,3,inteiro
chikungunya_2021,fato,chikungunya,2021.0,COUFINF,2,inteiro
chikungunya_2021,fato,chikungunya,2021.0,COPAISINF,1,inteiro
chikungunya_2021,fato,chikungunya,2021.0,COMUNINF,2,inteiro
chikungunya_2021,fato,chikungunya,2021.0,CODISINF,8,inteiro
chikungunya_2021,fato,chikungunya,2021.0,CO_BAINF,80,inteiro
chikungunya_2021,fato,chikungunya,2021.0,NOBAIINF,84,texto
chikungunya_2021,fato,chikungunya,2021.0,CLASSI_FIN,2,inteiro
chikungunya_2021,fato,chikungunya,2021.0,CRITERIO,2,inteiro
chikungunya_2021,fato,chikungunya,2021.0,DOENCA_TRA,0,vazio
chikungunya_2021,fato,chikungunya,2021.0,CLINC_CHIK,2,inteiro
chikungunya_2021,fato,chikungunya,2021.0,EVOLUCAO,4,inteiro
chikungunya_2021,fato,chikungunya,2021.0,DT_OBITO,10,texto
chikungunya_2021,fato,chikungunya,2021.0,DT_ENCERRA,349,texto
chikungunya_2021,fato,chikungunya,2021.0,ALRM_HIPOT,0,vazio
chikungunya_2021,fato,chikungunya,2021.0,ALRM_PLAQ,0,vazio
chikungunya_2021,fato,chikungunya,2021.0,ALRM_VOM,0,vazio
chikungunya_2021,fato,chikungunya,2021.0,ALRM_SANG,0,vazio
chikungunya_2021,fato,chikungunya,2021.0,ALRM_HEMAT,0,vazio
chikungunya_2021,fato,chikungunya,2021.0,ALRM_ABDOM,0,vazio
chikungunya_2021,fato,chikungunya,2021.0,ALRM_LETAR,0,vazio
chikungunya_2021,fato,chikungunya,2021.0,ALRM_HEPAT,0,vazio
chikungunya_2021,fato,chikungunya,2021.0,ALRM_LIQ,0,vazio
chikungunya_2021,fato,chikungunya,2021.0,DT_ALRM,0,vazio
chikungunya_2021,fato,chikungunya,2021.0,GRAV_PULSO,0,vazio
chikungunya_2021,fato,chikungunya,2021.0,GRAV_CONV,0,vazio
chikungunya_2021,fato,chikungunya,2021.0,GRAV_ENCH,0,vazio
chikungunya_2021,fato,chikungunya,2021.0,GRAV_INSUF,0,vazio
chikungunya_2021,fato,chikungunya,2021.0,GRAV_TAQUI,0,vazio
chikungunya_2021,fato,chikungunya,2021.0,GRAV_EXTRE,0,vazio
chikungunya_2021,fato,chikungunya,2021.0,GRAV_HIPOT,0,vazio
chikungunya_2021,fato,chikungunya,2021.0,GRAV_HEMAT,0,vazio
chikungunya_2021,fato,chikungunya,2021.0,GRAV_MELEN,0,vazio
chikungunya_2021,fato,chikungunya,2021.0,GRAV_METRO,0,vazio
chikungunya_2021,fato,chikungunya,2021.0,GRAV_SANG,0,vazio
chikungunya_2021,fato,chikungunya,2021.0,GRAV_AST,0,vazio
chikungunya_2021,fato,chikungunya,2021.0,GRAV_MIOC,0,vazio
chikungunya_2021,fato,chikungunya,2021.0,GRAV_CONSC,0,vazio
chikungunya_2021,fato,chikungunya,2021.0,GRAV_ORGAO,0,vazio
chikungunya_2021,fato,chikungunya,2021.0,DT_GRAV,0,vazio
chikungunya_2021,fato,chikungunya,2021.0,MANI_HEMOR,0,vazio
chikungunya_2021,fato,chikungunya,2021.0,EPISTAXE,0,vazio
chikungunya_2021,fato,chikungunya,2021.0,GENGIVO,0,vazio
chikungunya_2021,fato,chikungunya,2021.0,METRO,0,vazio
chikungunya_2021,fato,chikungunya,2021.0,PETEQUIAS,0,vazio
chikungunya_2021,fato,chikungunya,2021.0,HEMATURA,0,vazio
chikungunya_2021,fato,chikungunya,2021.0,SANGRAM,0,vazio
chikungunya_2021,fato,chikungunya,2021.0,LACO_N,0,vazio
chikungunya_2021,fato,chikungunya,2021.0,PLASMATICO,0,vazio
chikungunya_2021,fato,chikungunya,2021.0,EVIDENCIA,0,vazio
chikungunya_2021,fato,chikungunya,2021.0,PLAQ_MENOR,0,vazio
chikungunya_2021,fato,chikungunya,2021.0,CON_FHD,0,vazio
chikungunya_2021,fato,chikungunya,2021.0,COMPLICA,0,vazio
chikungunya_2020,fato,chikungunya,2020.0,nu_notificacao,2780,inteiro
chikungunya_2020,fato,chikungunya,2020.0,tp_notificacao,1,inteiro
chikungunya_2020,fato,chikungunya,2020.0,co_cid,1,texto
chikungunya_2020,fato,chikungunya,2020.0,dt_notificacao,272,texto
chikungunya_2020,fato,chikungunya,2020.0,ds_semana_notificacao,52,inteiro
chikungunya_2020,fato,chikungunya,2020.0,notificacao_ano,1,inteiro
chikungunya_2020,fato,chikungunya,2020.0,co_uf_notificacao,1,inteiro
chikungunya_2020,fato,chikungunya,2020.0,co_municipio_notificacao,10,inteiro
chikungunya_2020,fato,chikungunya,2020.0,id_regional,2,inteiro
chikungunya_2020,fato,chikungunya,2020.0,co_unidade_notificacao,110,inteiro
chikungunya_2020,fato,chikungunya,2020.0,dt_diagnostico_sintoma,321,texto
chikungunya_2020,fato,chikungunya,2020.0,ds_semana_sintoma,53,inteiro
chikungunya_2020,fato,chikungunya,2020.0,dt_nascimento,2478,texto
chikungunya_2020,fato,chikungunya,2020.0,nu_idade,114,inteiro
chikungunya_2020,fato,chikungunya,2020.0,tp_sexo,3,texto
chikungunya_2020,fato,chikungunya,2020.0,tp_gestante,7,inteiro
chikungunya_2020,fato,chikungunya,2020.0,tp_raca_cor,6,inteiro
chikungunya_2020,fato,chikungunya,2020.0,tp_escolaridade,11,inteiro
chikungunya_2020,fato,chikungunya,2020.0,co_uf_residencia,1,inteiro
chikungunya_2020,fato,chikungunya,2020.0,co_municipio_residencia,1,inteiro
chikungunya_2020,fato,chikungunya,2020.0,co_regional_residencia,1,inteiro
chikungunya_2020,fato,chikungunya,2020.0,co_distrito_residencia,8,inteiro
chikungunya_2020,fato,chikungunya,2020.0,co_bairro_residencia,84,inteiro
chikungunya_2020,fato,chikungunya,2020.0,no_bairro_residencia,84,texto
chikungunya_2020,fato,chikungunya,2020.0,co_logradouro_residencia,0,vazio
chikungunya_2020,fato,chikungunya,2020.0,nome_logradouro_residencia,1847,texto
chikungunya_2020,fato,chikungunya,2020.0,nu_cep_residencia,358,inteiro
chikungunya_2020,fato,chikungunya,2020.0,tp_zona_residencia,3,inteiro
chikungunya_2020,fato,chikungunya,2020.0,co_pais_residencia,1,inteiro
chikungunya_2020,fato,chikungunya,2020.0,dt_investigacao,268,texto
chikungunya_2020,fato,chikungunya,2020.0,co_cbo_ocupacao,44,inteiro
chikungunya_2020,fato,chikungunya,2020.0,febre,2,inteiro
chikungunya_2020,fato,chikungunya,2020.0,mialgia,2,inteiro
chikungunya_2020,fato,chikungunya,2020.0,cefaleia,2,inteiro
chikungunya_2020,fato,chikungunya,2020.0,exantema,2,inteiro
chikungunya_2020,fato,chikungunya,2020.0,vomito,2,inteiro
chikungunya_2020,fato,chikungunya,2020.0,nausea,2,inteiro
chikungunya_2020,fato,chikungunya,2020.0,dor_costas,2,inteiro
chikungunya_2020,fato,chikungunya,2020.0,conjutivite,2,inteiro
chikungunya_2020,fato,chikungunya,2020.0,artrite,2,inteiro
chikungunya_2020,fato,chikungunya,2020.0,artralgia,2,inteiro
chikungunya_2020,fato,chikungunya,2020.0,petequia_n,2,inteiro
chikungunya_2020,fato,chikungunya,2020.0,leucopenia,2,inteiro
chikungunya_2020,fato,chikungunya,2020.0,laco,2,inteiro
chikungunya_2020,fato,chikungunya,2020.0,dor_retro,2,inteiro
chikungunya_2020,fato,chikungunya,2020.0,diabetes,2,inteiro
chikungunya_2020,fato,chikungunya,2020.0,hematolog,2,inteiro
chikungunya_2020,fato,chikungunya,2020.0,hepatopat,2,inteiro
chikungunya_2020,fato,chikungunya,2020.0,renal,2,inteiro
chikungunya_2020,fato,chikungunya,2020.0,hipertensao,2,inteiro
chikungunya_2020,fato,chikungunya,2020.0,acido_pept,2,inteiro
chikungunya_2020,fato,chikungunya,2020.0,auto_imune,2,inteiro
chikungunya_2020,fato,chikungunya,2020.0,dt_chil_s1,116,texto
chikungunya_2020,fato,chikungunya,2020.0,dt_chil_s2,1,texto
chikungunya_2020,fato,chikungunya,2020.0,dt_prnt,13,texto
chikungunya_2020,fato,chikungunya,2020.0,res_chiks1,4,inteiro
chikungunya_2020,fato,chikungunya,2020.0,res_chiks2,3,inteiro
chikungunya_2020,fato,chikungunya,2020.0,resul_prnt,3,inteiro
chikungunya_2020,fato,chikungunya,2020.0,dt_coleta_exame,0,vazio
chikungunya_2020,fato,chikungunya,2020.0,tp_result_exame,1,inteiro
chikungunya_2020,fato,chikungunya,2020.0,dt_coleta_NS1,0,vazio
chikungunya_2020,fato,chikungunya,2020.0,Tp_result_NS1,1,inteiro
chikungunya_2020,fato,chikungunya,2020.0,dt_coleta_isolamento,3,texto
chikungunya_2020,fato,chikungunya,2020.0,tp_result_isolamento,2,inteiro
chikungunya_2020,fato,chikungunya,2020.0,dt_coleta_rtpcr,11,texto
chikungunya_2020,fato,chikungunya,2020.0,tp_result_rtpcr,3,inteiro
chikungunya_2020,fato,chikungunya,2020.0,tp_sorotipo,0,vazio
chikungunya_2020,fato,chikungunya,2020.0,tp_result_histopatologia,0,vazio
chikungunya_2020,fato,chikungunya,2020.0,tp_result_imunohistoquimica,0,vazio
chikungunya_2020,fato,chikungunya,2020.0,st_ocorreu_hospitalizacao,3,inteiro
chikungunya_2020,fato,chikungunya,2020.0,dt_internacao,36,texto
chikungunya_2020,fato,chikungunya,2020.0,co_uf_hospital,1,inteiro
chikungunya_2020,fato,chikungunya,2020.0,co_municipio_hospital,1,inteiro
chikungunya_2020,fato,chikungunya,2020.0,tp_autoctone_residencia,3,inteiro
chikungunya_2020,fato,chikungunya,2020.0,co_uf_infeccao,1,inteiro
chikungunya_2020,fato,chikungunya,2020.0,co_pais_infeccao,1,inteiro
chikungunya_2020,fato,chikungunya,2020.0,co_municipio_infeccao,1,inteiro
chikungunya_2020,fato,chikungunya,2020.0,co_distrito_infeccao,7,inteiro
chikungunya_2020,fato,chikungunya,2020.0,co_bairro_infeccao,23,inteiro
chikungunya_2020,fato,chikungunya,2020.0,no_bairro_infeccao,23,texto
chikungunya_2020,fato,chikungunya,2020.0,tp_classificacao_final,2,inteiro
chikungunya_2020,fato,chikungunya,2020.0,tp_criterio_confirmacao,3,inteiro
chikungunya_2020,fato,chikungunya,2020.0,st_doenca_trabalho,0,vazio
chikungunya_2020,fato,chikungunya,2020.0,clinc_chik,2,inteiro
chikungunya_2020,fato,chikungunya,2020.0,tp_evolucao_caso,3,inteiro
chikungunya_2020,fato,chikungunya,2020.0,dt_obito,7,texto
chikungunya_2020,fato,chikungunya,2020.0,dt_encerramento,224,texto
chikungunya_2020,fato,chikungunya,2020.0,alrm_hipot,0,vazio
chikungunya_2020,fato,chikungunya,2020.0,alrm_plaq,0,vazio
chikungunya_2020,fato,chikungunya,2020.0,alrm_vom,0,vazio
chikungunya_2020,fato,chikungunya,2020.0,alrm_sang,0,vazio
chikungunya_2020,fato,chikungunya,2020.0,alrm_hemat,0,vazio
chikungunya_2020,fato,chikungunya,2020.0,alrm_abdom,0,vazio
chikungunya_2020,fato,chikungunya,2020.0,alrm_letar,0,vazio
chikungunya_2020,fato,chikungunya,2020.0,alrm_hepat,0,vazio
chikungunya_2020,fato,chikungunya,2020.0,alrm_liq,0,vazio
chikungunya_2020,fato,chikungunya,2020.0,dt_alrm,0,vazio
chikungunya_2020,fato,chikungunya,2020.0,grav_pulso,0,vazio
chikungunya_2020,fato,chikungunya,2020.0,grav_conv,0,vazio
chikungunya_2020,fato,chikungunya,2020.0,grav_ench,0,vazio
chikungunya_2020,fato,chikungunya,2020.0,grav_insuf,0,vazio
chikungunya_2020,fato,chikungunya,2020.0,grav_taqui,0,vazio
chikungunya_2020,fato,chikungunya,2020.0,grav_extre,0,vazio
chikungunya_2020,fato,chikungunya,2020.0,grav_hipot,0,vazio
chikungunya_2020,fato,chikungunya,2020.0,grav_hemat,0,vazio
chikungunya_2020,fato,chikungunya,2020.0,grav_melen,0,vazio
chikungunya_2020,fato,chikungunya,2020.0,grav_metro,0,vazio
chikungunya_2020,fato,chikungunya,2020.0,grav_sang,0,vazio
chikungunya_2020,fato,chikungunya,2020.0,grav_ast,0,vazio
chikungunya_2020,fato,chikungunya,2020.0,grav_mioc,0,vazio
chikungunya_2020,fato,chikungunya,2020.0,grav_consc,0,vazio
chikungunya_2020,fato,chikungunya,2020.0,grav_orgao,0,vazio
chikungunya_2020,fato,chikungunya,2020.0,dt_grav,0,vazio
chikungunya_2020,fato,chikungunya,2020.0,mami_hemor,0,vazio
chikungunya_2020,fato,chikungunya,2020.0,epistaxe,0,vazio
chikungunya_2020,fato,chikungunya,2020.0,gengivo,0,vazio
chikungunya_2020,fato,chikungunya,2020.0,metro,0,vazio
chikungunya_2020,fato,chikungunya,2020.0,petequias,0,vazio
chikungunya_2020,fato,chikungunya,2020.0,hematura,0,vazio
chikungunya_2020,fato,chikungunya,2020.0,sangram,0,vazio
chikungunya_2020,fato,chikungunya,2020.0,laco_n,0,vazio
chikungunya_2020,fato,chikungunya,2020.0,plasmatico,0,vazio
chikungunya_2020,fato,chikungunya,2020.0,evidencia,0,vazio
chikungunya_2020,fato,chikungunya,2020.0,plaq_menor,0,vazio
chikungunya_2020,fato,chikungunya,2020.0,con_fhd,0,vazio
chikungunya_2019,fato,chikungunya,2019.0,nu_notificacao,1434,inteiro
chikungunya_2019,fato,chikungunya,2019.0,tp_notificacao,1,inteiro
chikungunya_2019,fato,chikungunya,2019.0,co_cid,1,texto
chikungunya_2019,fato,chikungunya,2019.0,dt_notificacao,284,texto
chikungunya_2019,fato,chikungunya,2019.0,ds_semana_notificacao,56,inteiro
chikungunya_2019,fato,chikungunya,2019.0,notificacao_ano,2,inteiro
chikungunya_2019,fato,chikungunya,2019.0,co_uf_notificacao,2,inteiro
chikungunya_2019,fato,chikungunya,2019.0,co_municipio_notificacao,7,inteiro
chikungunya_2019,fato,chikungunya,2019.0,id_regional,2,inteiro
chikungunya_2019,fato,chikungunya,2019.0,co_unidade_notificacao,96,inteiro
chikungunya_2019,fato,chikungunya,2019.0,dt_diagnostico_sintoma,325,texto
chikungunya_2019,fato,chikungunya,2019.0,ds_semana_sintoma,52,inteiro
chikungunya_2019,fato,chikungunya,2019.0,dt_nascimento,682,texto
chikungunya_2019,fato,chikungunya,2019.0,nu_idade,101,inteiro
chikungunya_2019,fato,chikungunya,2019.0,tp_sexo,2,texto
chikungunya_2019,fato,chikungunya,2019.0,tp_gestante,7,inteiro
chikungunya_2019,fato,chikungunya,2019.0,tp_raca_cor,6,inteiro
chikungunya_2019,fato,chikungunya,2019.0,tp_escolaridade,11,inteiro
chikungunya_2019,fato,chikungunya,2019.0,co_uf_residencia,1,inteiro
chikungunya_2019,fato,chikungunya,2019.0,co_municipio_residencia,1,inteiro
chikungunya_2019,fato,chikungunya,2019.0,co_regional_residencia,1,inteiro
chikungunya_2019,fato,chikungunya,2019.0,co_distrito_residencia,8,inteiro
chikungunya_2019,fato,chikungunya,2019.0,co_bairro_residencia,85,inteiro
chikungunya_2019,fato,chikungunya,2019.0,no_bairro_residencia,88,texto
chikungunya_2019,fato,chikungunya,2019.0,co_logradouro_residencia,0,vazio
chikungunya_2019,fato,chikungunya,2019.0,nome_logradouro_residencia,1148,texto
chikungunya_2019,fato,chikungunya,2019.0,nu_cep_residencia,328,inteiro
chikungunya_2019,fato,chikungunya,2019.0,tp_zona_residencia,4,inteiro
chikungunya_2019,fato,chikungunya,2019.0,co_pais_residencia,1,inteiro
chikungunya_2019,fato,chikungunya,2019.0,dt_investigacao,280,texto
chikungunya_2019,fato,chikungunya,2019.0,co_cbo_ocupacao,45,inteiro
chikungunya_2019,fato,chikungunya,2019.0,febre,2,inteiro
chikungunya_2019,fato,chikungunya,2019.0,mialgia,2,inteiro
chikungunya_2019,fato,chikungunya,2019.0,cefaleia,2,inteiro
chikungunya_2019,fato,chikungunya,2019.0,exantema,2,inteiro
chikungunya_2019,fato,chikungunya,2019.0,vomito,2,inteiro
chikungunya_2019,fato,chikungunya,2019.0,nausea,2,inteiro
chikungunya_2019,fato,chikungunya,2019.0,dor_costas,2,inteiro
chikungunya_2019,fato,chikungunya,2019.0,conjutivite,2,inteiro
chikungunya_2019,fato,chikungunya,2019.0,artrite,2,inteiro
chikungunya_2019,fato,chikungunya,2019.0,artralgia,2,inteiro
chikungunya_2019,fato,chikungunya,2019.0,petequia_n,2,inteiro
chikungunya_2019,fato,chikungunya,2019.0,leucopenia,2,inteiro
chikungunya_2019,fato,chikungunya,2019.0,laco,2,inteiro
chikungunya_2019,fato,chikungunya,2019.0,dor_retro,2,inteiro
chikungunya_2019,fato,chikungunya,2019.0,diabetes,2,inteiro
chikungunya_2019,fato,chikungunya,2019.0,hematolog,2,inteiro
chikungunya_2019,fato,chikungunya,2019.0,hepatopat,2,inteiro
chikungunya_2019,fato,chikungunya,2019.0,renal,2,inteiro
chikungunya_2019,fato,chikungunya,2019.0,hipertensao,2,inteiro
chikungunya_2019,fato,chikungunya,2019.0,acido_pept,2,inteiro
chikungunya_2019,fato,chikungunya,2019.0,auto_imune,2,inteiro
chikungunya_2019,fato,chikungunya,2019.0,dt_chil_s1,180,texto
chikungunya_2019,fato,chikungunya,2019.0,dt_chil_s2,2,texto
chikungunya_2019,fato,chikungunya,2019.0,dt_prnt,15,texto
chikungunya_2019,fato,chikungunya,2019.0,res_chiks1,4,inteiro
chikungunya_2019,fato,chikungunya,2019.0,res_chiks2,4,inteiro
chikungunya_2019,fato,chikungunya,2019.0,resul_prnt,4,inteiro
chikungunya_2019,fato,chikungunya,2019.0,dt_coleta_exame,2,texto
chikungunya_2019,fato,chikungunya,2019.0,tp_result_exame,1,inteiro
chikungunya_2019,fato,chikungunya,2019.0,dt_coleta_NS1,0,vazio
chikungunya_2019,fato,chikungunya,2019.0,Tp_result_NS1,1,inteiro
chikungunya_2019,fato,chikungunya,2019.0,dt_coleta_isolamento,6,texto
chikungunya_2019,fato,chikungunya,2019.0,tp_result_isolamento,2,inteiro
chikungunya_2019,fato,chikungunya,2019.0,dt_coleta_rtpcr,65,texto
chikungunya_2019,fato,chikungunya,2019.0,tp_result_rtpcr,3,inteiro
chikungunya_2019,fato,chikungunya,2019.0,tp_sorotipo,1,inteiro
chikungunya_2019,fato,chikungunya,2019.0,tp_result_histopatologia,1,inteiro
chikungunya_2019,fato,chikungunya,2019.0,tp_result_imunohistoquimica,1,inteiro
chikungunya_2019,fato,chikungunya,2019.0,st_ocorreu_hospitalizacao,3,inteiro
chikungunya_2019,fato,chikungunya,2019.0,dt_internacao,93,texto
chikungunya_2019,fato,chikungunya,2019.0,co_uf_hospital,1,inteiro
chikungunya_2019,fato,chikungunya,2019.0,co_municipio_hospital,2,inteiro
chikungunya_2019,fato,chikungunya,2019.0,tp_autoctone_residencia,3,inteiro
chikungunya_2019,fato,chikungunya,2019.0,co_uf_infeccao,2,inteiro
chikungunya_2019,fato,chikungunya,2019.0,co_pais_infeccao,1,inteiro
chikungunya_2019,fato,chikungunya,2019.0,co_municipio_infeccao,3,inteiro
chikungunya_2019,fato,chikungunya,2019.0,co_distrito_infeccao,5,inteiro
chikungunya_2019,fato,chikungunya,2019.0,co_bairro_infeccao,24,inteiro
chikungunya_2019,fato,chikungunya,2019.0,no_bairro_infeccao,24,texto
chikungunya_2019,fato,chikungunya,2019.0,tp_classificacao_final,2,inteiro
chikungunya_2019,fato,chikungunya,2019.0,tp_criterio_confirmacao,2,inteiro
chikungunya_2019,fato,chikungunya,2019.0,st_doenca_trabalho,0,vazio
chikungunya_2019,fato,chikungunya,2019.0,clinc_chik,2,inteiro
chikungunya_2019,fato,chikungunya,2019.0,tp_evolucao_caso,3,inteiro
chikungunya_2019,fato,chikungunya,2019.0,dt_obito,24,texto
chikungunya_2019,fato,chikungunya,2019.0,dt_encerramento,243,texto
chikungunya_2019,fato,chikungunya,2019.0,alrm_hipot,0,vazio
chikungunya_2019,fato,chikungunya,2019.0,alrm_plaq,0,vazio
chikungunya_2019,fato,chikungunya,2019.0,alrm_vom,0,vazio
chikungunya_2019,fato,chikungunya,2019.0,alrm_sang,0,vazio
chikungunya_2019,fato,chikungunya,2019.0,alrm_hemat,0,vazio
chikungunya_2019,fato,chikungunya,2019.0,alrm_abdom,0,vazio
chikungunya_2019,fato,chikungunya,2019.0,alrm_letar,0,vazio
chikungunya_2019,fato,chikungunya,2019.0,alrm_hepat,0,vazio
chikungunya_2019,fato,chikungunya,2019.0,alrm_liq,0,vazio
chikungunya_2019,fato,chikungunya,2019.0,dt_alrm,0,vazio
chikungunya_2019,fato,chikungunya,2019.0,grav_pulso,0,vazio
chikungunya_2019,fato,chikungunya,2019.0,grav_conv,0,vazio
chikungunya_2019,fato,chikungunya,2019.0,grav_ench,0,vazio
chikungunya_2019,fato,chikungunya,2019.0,grav_insuf,0,vazio
chikungunya_2019,fato,chikungunya,2019.0,grav_taqui,0,vazio
chikungunya_2019,fato,chikungunya,2019.0,grav_extre,0,vazio
chikungunya_2019,fato,chikungunya,2019.0,grav_hipot,0,vazio
chikungunya_2019,fato,chikungunya,2019.0,grav_hemat,0,vazio
chikungunya_2019,fato,chikungunya,2019.0,grav_melen,0,vazio
chikungunya_2019,fato,chikungunya,2019.0,grav_metro,0,vazio
chikungunya_2019,fato,chikungunya,2019.0,grav_sang,0,vazio
chikungunya_2019,fato,chikungunya,2019.0,grav_ast,0,vazio
chikungunya_2019,fato,chikungunya,2019.0,grav_mioc,0,vazio
chikungunya_2019,fato,chikungunya,2019.0,grav_consc,0,vazio
chikungunya_2019,fato,chikungunya,2019.0,grav_orgao,0,vazio
chikungunya_2019,fato,chikungunya,2019.0,dt_grav,0,vazio
chikungunya_2019,fato,chikungunya,2019.0,mami_hemor,0,vazio
chikungunya_2019,fato,chikungunya,2019.0,epistaxe,0,vazio
chikungunya_2019,fato,chikungunya,2019.0,gengivo,0,vazio
chikungunya_2019,fato,chikungunya,2019.0,metro,0,vazio
chikungunya_2019,fato,chikungunya,2019.0,petequias,0,vazio
chikungunya_2019,fato,chikungunya,2019.0,hematura,0,vazio
chikungunya_2019,fato,chikungunya,2019.0,sangram,0,vazio
chikungunya_2019,fato,chikungunya,2019.0,laco_n,0,vazio
chikungunya_2019,fato,chikungunya,2019.0,plasmatico,0,vazio
chikungunya_2019,fato,chikungunya,2019.0,evidencia,0,vazio
chikungunya_2019,fato,chikungunya,2019.0,plaq_menor,0,vazio
chikungunya_2019,fato,chikungunya,2019.0,con_fhd,0,vazio
chikungunya_2018,fato,chikungunya,2018.0,nu_notificacao,637,inteiro
chikungunya_2018,fato,chikungunya,2018.0,tp_notificacao,1,inteiro
chikungunya_2018,fato,chikungunya,2018.0,co_cid,1,texto
chikungunya_2018,fato,chikungunya,2018.0,dt_notificacao,244,texto
chikungunya_2018,fato,chikungunya,2018.0,ds_semana_notificacao,64,inteiro
chikungunya_2018,fato,chikungunya,2018.0,notificacao_ano,3,inteiro
chikungunya_2018,fato,chikungunya,2018.0,co_uf_notificacao,3,inteiro
chikungunya_2018,fato,chikungunya,2018.0,co_municipio_notificacao,9,inteiro
chikungunya_2018,fato,chikungunya,2018.0,id_regional,4,inteiro
chikungunya_2018,fato,chikungunya,2018.0,co_unidade_notificacao,64,inteiro
chikungunya_2018,fato,chikungunya,2018.0,dt_diagnostico_sintoma,284,texto
chikungunya_2018,fato,chikungunya,2018.0,ds_semana_sintoma,52,inteiro
chikungunya_2018,fato,chikungunya,2018.0,dt_nascimento,448,texto
chikungunya_2018,fato,chikungunya,2018.0,nu_idade,90,inteiro
chikungunya_2018,fato,chikungunya,2018.0,tp_sexo,3,texto
chikungunya_2018,fato,chikungunya,2018.0,tp_gestante,7,inteiro
chikungunya_2018,fato,chikungunya,2018.0,tp_raca_cor,6,inteiro
chikungunya_2018,fato,chikungunya,2018.0,tp_escolaridade,11,inteiro
chikungunya_2018,fato,chikungunya,2018.0,co_uf_residencia,1,inteiro
chikungunya_2018,fato,chikungunya,2018.0,co_municipio_residencia,1,inteiro
chikungunya_2018,fato,chikungunya,2018.0,co_regional_residencia,1,inteiro
chikungunya_2018,fato,chikungunya,2018.0,co_distrito_residencia,8,inteiro
chikungunya_2018,fato,chikungunya,2018.0,co_bairro_residencia,74,inteiro
chikungunya_2018,fato,chikungunya,2018.0,no_bairro_residencia,74,texto
chikungunya_2018,fato,chikungunya,2018.0,co_logradouro_residencia,0,vazio
chikungunya_2018,fato,chikungunya,2018.0,nome_logradouro_residencia,536,texto
chikungunya_2018,fato,chikungunya,2018.0,nu_cep_residencia,136,inteiro
chikungunya_2018,fato,chikungunya,2018.0,tp_zona_residencia,2,inteiro
chikungunya_2018,fato,chikungunya,2018.0,co_pais_residencia,1,inteiro
chikungunya_2018,fato,chikungunya,2018.0,dt_investigacao,234,texto
chikungunya_2018,fato,chikungunya,2018.0,co_cbo_ocupacao,19,inteiro
chikungunya_2018,fato,chikungunya,2018.0,febre,2,inteiro
chikungunya_2018,fato,chikungunya,2018.0,mialgia,2,inteiro
chikungunya_2018,fato,chikungunya,2018.0,cefaleia,2,inteiro
chikungunya_2018,fato,chikungunya,2018.0,exantema,2,inteiro
chikungunya_2018,fato,chikungunya,2018.0,vomito,2,inteiro
chikungunya_2018,fato,chikungunya,2018.0,nausea,2,inteiro
chikungunya_2018,fato,chikungunya,2018.0,dor_costas,2,inteiro
chikungunya_2018,fato,chikungunya,2018.0,conjutivite,2,inteiro
chikungunya_2018,fato,chikungunya,2018.0,artrite,2,inteiro
chikungunya_2018,fato,chikungunya,2018.0,artralgia,2,inteiro
chikungunya_2018,fato,chikungunya,2018.0,petequia_n,2,inteiro
chikungunya_2018,fato,chikungunya,2018.0,leucopenia,2,inteiro
chikungunya_2018,fato,chikungunya,2018.0,laco,2,inteiro
chikungunya_2018,fato,chikungunya,2018.0,dor_retro,2,inteiro
chikungunya_2018,fato,chikungunya,2018.0,diabetes,2,inteiro
chikungunya_2018,fato,chikungunya,2018.0,hematolog,2,inteiro
chikungunya_2018,fato,chikungunya,2018.0,hepatopat,2,inteiro
chikungunya_2018,fato,chikungunya,2018.0,renal,2,inteiro
chikungunya_2018,fato,chikungunya,2018.0,hipertensao,2,inteiro
chikungunya_2018,fato,chikungunya,2018.0,acido_pept,2,inteiro
chikungunya_2018,fato,chikungunya,2018.0,auto_imune,2,inteiro
chikungunya_2018,fato,chikungunya,2018.0,dt_chil_s1,106,texto
chikungunya_2018,fato,chikungunya,2018.0,dt_chil_s2,1,texto
chikungunya_2018,fato,chikungunya,2018.0,dt_prnt,5,texto
chikungunya_2018,fato,chikungunya,2018.0,res_chiks1,4,inteiro
chikungunya_2018,fato,chikungunya,2018.0,res_chiks2,3,inteiro
chikungunya_2018,fato,chikungunya,2018.0,resul_prnt,1,inteiro
chikungunya_2018,fato,chikungunya,2018.0,dt_coleta_exame,1,texto
chikungunya_2018,fato,chikungunya,2018.0,tp_result_exame,2,inteiro
chikungunya_2018,fato,chikungunya,2018.0,dt_coleta_NS1,0,vazio
chikungunya_2018,fato,chikungunya,2018.0,Tp_result_NS1,1,inteiro
chikungunya_2018,fato,chikungunya,2018.0,dt_coleta_isolamento,0,vazio
chikungunya_2018,fato,chikungunya,2018.0,tp_result_isolamento,2,inteiro
chikungunya_2018,fato,chikungunya,2018.0,dt_coleta_rtpcr,18,texto
chikungunya_2018,fato,chikungunya,2018.0,tp_result_rtpcr,3,inteiro
chikungunya_2018,fato,chikungunya,2018.0,tp_sorotipo,0,vazio
chikungunya_2018,fato,chikungunya,2018.0,tp_result_histopatologia,1,inteiro
chikungunya_2018,fato,chikungunya,2018.0,tp_result_imunohistoquimica,1,inteiro
chikungunya_2018,fato,chikungunya,2018.0,st_ocorreu_hospitalizacao,3,inteiro
chikungunya_2018,fato,chikungunya,2018.0,dt_internacao,47,texto
chikungunya_2018,fato,chikungunya,2018.0,co_uf_hospital,1,inteiro
chikungunya_2018,fato,chikungunya,2018.0,co_municipio_hospital,1,inteiro
chikungunya_2018,fato,chikungunya,2018.0,tp_autoctone_residencia,3,inteiro
chikungunya_2018,fato,chikungunya,2018.0,co_uf_infeccao,1,inteiro
chikungunya_2018,fato,chikungunya,2018.0,co_pais_infeccao,1,inteiro
chikungunya_2018,fato,chikungunya,2018.0,co_municipio_infeccao,1,inteiro
chikungunya_2018,fato,chikungunya,2018.0,co_distrito_infeccao,6,inteiro
chikungunya_2018,fato,chikungunya,2018.0,co_bairro_infeccao,19,inteiro
chikungunya_2018,fato,chikungunya,2018.0,no_bairro_infeccao,19,texto
chikungunya_2018,fato,chikungunya,2018.0,tp_classificacao_final,2,inteiro
chikungunya_2018,fato,chikungunya,2018.0,tp_criterio_confirmacao,3,inteiro
chikungunya_2018,fato,chikungunya,2018.0,st_doenca_trabalho,0,vazio
chikungunya_2018,fato,chikungunya,2018.0,clinc_chik,2,inteiro
chikungunya_2018,fato,chikungunya,2018.0,tp_evolucao_caso,3,inteiro
chikungunya_2018,fato,chikungunya,2018.0,dt_obito,8,texto
chikungunya_2018,fato,chikungunya,2018.0,dt_encerramento,220,texto
chikungunya_2018,fato,chikungunya,2018.0,alrm_hipot,0,vazio
chikungunya_2018,fato,chikungunya,2018.0,alrm_plaq,0,vazio
chikungunya_2018,fato,chikungunya,2018.0,alrm_vom,0,vazio
chikungunya_2018,fato,chikungunya,2018.0,alrm_sang,0,vazio
chikungunya_2018,fato,chikungunya,2018.0,alrm_hemat,0,vazio
chikungunya_2018,fato,chikungunya,2018.0,alrm_abdom,0,vazio
chikungunya_2018,fato,chikungunya,2018.0,alrm_letar,0,vazio
chikungunya_2018,fato,chikungunya,2018.0,alrm_hepat,0,vazio
chikungunya_2018,fato,chikungunya,2018.0,alrm_liq,0,vazio
chikungunya_2018,fato,chikungunya,2018.0,dt_alrm,0,vazio
chikungunya_2018,fato,chikungunya,2018.0,grav_pulso,0,vazio
chikungunya_2018,fato,chikungunya,2018.0,grav_conv,0,vazio
chikungunya_2018,fato,chikungunya,2018.0,grav_ench,0,vazio
chikungunya_2018,fato,chikungunya,2018.0,grav_insuf,0,vazio
chikungunya_2018,fato,chikungunya,2018.0,grav_taqui,0,vazio
chikungunya_2018,fato,chikungunya,2018.0,grav_extre,0,vazio
chikungunya_2018,fato,chikungunya,2018.0,grav_hipot,0,vazio
chikungunya_2018,fato,chikungunya,2018.0,grav_hemat,0,vazio
chikungunya_2018,fato,chikungunya,2018.0,grav_melen,0,vazio
chikungunya_2018,fato,chikungunya,2018.0,grav_metro,0,vazio
chikungunya_2018,fato,chikungunya,2018.0,grav_sang,0,vazio
chikungunya_2018,fato,chikungunya,2018.0,grav_ast,0,vazio
chikungunya_2018,fato,chikungunya,2018.0,grav_mioc,0,vazio
chikungunya_2018,fato,chikungunya,2018.0,grav_consc,0,vazio
chikungunya_2018,fato,chikungunya,2018.0,grav_orgao,0,vazio
chikungunya_2018,fato,chikungunya,2018.0,dt_grav,0,vazio
chikungunya_2018,fato,chikungunya,2018.0,mami_hemor,0,vazio
chikungunya_2018,fato,chikungunya,2018.0,epistaxe,0,vazio
chikungunya_2018,fato,chikungunya,2018.0,gengivo,0,vazio
chikungunya_2018,fato,chikungunya,2018.0,metro,0,vazio
chikungunya_2018,fato,chikungunya,2018.0,petequias,0,vazio
chikungunya_2018,fato,chikungunya,2018.0,hematura,0,vazio
chikungunya_2018,fato,chikungunya,2018.0,sangram,0,vazio
chikungunya_2018,fato,chikungunya,2018.0,laco_n,0,vazio
chikungunya_2018,fato,chikungunya,2018.0,plasmatico,0,vazio
chikungunya_2018,fato,chikungunya,2018.0,evidencia,0,vazio
chikungunya_2018,fato,chikungunya,2018.0,plaq_menor,0,vazio
chikungunya_2018,fato,chikungunya,2018.0,con_fhd,0,vazio
chikungunya_2017,fato,chikungunya,2017.0,nu_notificacao,1031,inteiro
chikungunya_2017,fato,chikungunya,2017.0,tp_notificacao,1,inteiro
chikungunya_2017,fato,chikungunya,2017.0,A92,1,texto
chikungunya_2017,fato,chikungunya,2017.0,dt_notificacao,271,texto
chikungunya_2017,fato,chikungunya,2017.0,ds_semana_notificacao,64,inteiro
chikungunya_2017,fato,chikungunya,2017.0,notificacao_ano,4,inteiro
chikungunya_2017,fato,chikungunya,2017.0,co_uf_notificacao,2,inteiro
chikungunya_2017,fato,chikungunya,2017.0,co_municipio_notificacao,7,inteiro
chikungunya_2017,fato,chikungunya,2017.0,id_regional,3,inteiro
chikungunya_2017,fato,chikungunya,2017.0,co_unidade_notificacao,69,inteiro
chikungunya_2017,fato,chikungunya,2017.0,dt_diagnostico_sintoma,329,texto
chikungunya_2017,fato,chikungunya,2017.0,ds_semana_sintoma,52,inteiro
chikungunya_2017,fato,chikungunya,2017.0,dt_nascimento,574,texto
chikungunya_2017,fato,chikungunya,2017.0,nu_idade,95,inteiro
chikungunya_2017,fato,chikungunya,2017.0,tp_sexo,3,texto
chikungunya_2017,fato,chikungunya,2017.0,tp_gestante,7,inteiro
chikungunya_2017,fato,chikungunya,2017.0,tp_raca_cor,6,decimal
chikungunya_2017,fato,chikungunya,2017.0,tp_escolaridade,11,decimal
chikungunya_2017,fato,chikungunya,2017.0,co_uf_residencia,1,decimal
chikungunya_2017,fato,chikungunya,2017.0,co_municipio_residencia,1,inteiro
chikungunya_2017,fato,chikungunya,2017.0,co_regional_residencia,1,inteiro
chikungunya_2017,fato,chikungunya,2017.0,co_distrito_residencia,8,decimal
chikungunya_2017,fato,chikungunya,2017.0,co_bairro_residencia,80,decimal
chikungunya_2017,fato,chikungunya,2017.0,no_bairro_residencia,80,texto
chikungunya_2017,fato,chikungunya,2017.0,co_logradouro_residencia,0,vazio
chikungunya_2017,fato,chikungunya,2017.0,nome_logradouro_residencia,899,texto
chikungunya_2017,fato,chikungunya,2017.0,nu_cep_residencia,294,decimal
chikungunya_2017,fato,chikungunya,2017.0,tp_zona_residencia,3,decimal
chikungunya_2017,fato,chikungunya,2017.0,co_pais_residencia,1,inteiro
chikungunya_2017,fato,chikungunya,2017.0,dt_investigacao,272,texto
chikungunya_2017,fato,chikungunya,2017.0,co_cbo_ocupacao,26,decimal
chikungunya_2017,fato,chikungunya,2017.0,febre,2,decimal
chikungunya_2017,fato,chikungunya,2017.0,mialgia,2,decimal
chikungunya_2017,fato,chikungunya,2017.0,cefaleia,2,decimal
chikungunya_2017,fato,chikungunya,2017.0,exantema,2,decimal
chikungunya_2017,fato,chikungunya,2017.0,vomito,2,decimal
chikungunya_2017,fato,chikungunya,2017.0,nausea,2,decimal
chikungunya_2017,fato,chikungunya,2017.0,dor_costas,2,decimal
chikungunya_2017,fato,chikungunya,2017.0,conjutivite,2,decimal
chikungunya_2017,fato,chikungunya,2017.0,artrite,2,decimal
chikungunya_2017,fato,chikungunya,2017.0,artralgia,2,decimal
chikungunya_2017,fato,chikungunya,2017.0,petequia_n,2,decimal
chikungunya_2017,fato,chikungunya,2017.0,leucopenia,2,decimal
chikungunya_2017,fato,chikungunya,2017.0,laco,2,decimal
chikungunya_2017,fato,chikungunya,2017.0,dor_retro,2,decimal
chikungunya_2017,fato,chikungunya,2017.0,diabetes,2,decimal
chikungunya_2017,fato,chikungunya,2017.0,hematolog,2,decimal
chikungunya_2017,fato,chikungunya,2017.0,hepatopat,2,decimal
chikungunya_2017,fato,chikungunya,2017.0,renal,2,decimal
chikungunya_2017,fato,chikungunya,2017.0,hipertensao,2,decimal
chikungunya_2017,fato,chikungunya,2017.0,acido_pept,2,decimal
chikungunya_2017,fato,chikungunya,2017.0,auto_imune,2,decimal
chikungunya_2017,fato,chikungunya,2017.0,dt_chil_s1,94,texto
chikungunya_2017,fato,chikungunya,2017.0,dt_chil_s2,0,vazio
chikungunya_2017,fato,chikungunya,2017.0,dt_prnt,10,texto
chikungunya_2017,fato,chikungunya,2017.0,res_chiks1,4,decimal
chikungunya_2017,fato,chikungunya,2017.0,res_chiks2,3,decimal
chikungunya_2017,fato,chikungunya,2017.0,resul_prnt,2,decimal
chikungunya_2017,fato,chikungunya,2017.0,dt_coleta_exame,0,vazio
chikungunya_2017,fato,chikungunya,2017.0,tp_result_exame,0,vazio
chikungunya_2017,fato,chikungunya,2017.0,dt_coleta_NS1,0,vazio
chikungunya_2017,fato,chikungunya,2017.0,Tp_result_NS1,0,vazio
chikungunya_2017,fato,chikungunya,2017.0,dt_coleta_isolamento,0,vazio
chikungunya_2017,fato,chikungunya,2017.0,tp_result_isolamento,2,decimal
chikungunya_2017,fato,chikungunya,2017.0,dt_coleta_rtpcr,13,texto
chikungunya_2017,fato,chikungunya,2017.0,tp_result_rtpcr,3,decimal
chikungunya_2017,fato,chikungunya,2017.0,tp_sorotipo,0,vazio
chikungunya_2017,fato,chikungunya,2017.0,tp_result_histopatologia,0,vazio
chikungunya_2017,fato,chikungunya,2017.0,tp_result_imunohistoquimica,0,vazio
chikungunya_2017,fato,chikungunya,2017.0,st_ocorreu_hospitalizacao,3,decimal
chikungunya_2017,fato,chikungunya,2017.0,dt_internacao,14,texto
chikungunya_2017,fato,chikungunya,2017.0,co_uf_hospital,1,decimal
chikungunya_2017,fato,chikungunya,2017.0,co_municipio_hospital,2,decimal
chikungunya_2017,fato,chikungunya,2017.0,tp_autoctone_residencia,3,decimal
chikungunya_2017,fato,chikungunya,2017.0,co_uf_infeccao,1,decimal
chikungunya_2017,fato,chikungunya,2017.0,co_pais_infeccao,1,decimal
chikungunya_2017,fato,chikungunya,2017.0,co_municipio_infeccao,1,decimal
chikungunya_2017,fato,chikungunya,2017.0,co_distrito_infeccao,7,decimal
chikungunya_2017,fato,chikungunya,2017.0,co_bairro_infeccao,30,decimal
chikungunya_2017,fato,chikungunya,2017.0,no_bairro_infeccao,30,texto
chikungunya_2017,fato,chikungunya,2017.0,tp_classificacao_final,2,decimal
chikungunya_2017,fato,chikungunya,2017.0,tp_criterio_confirmacao,3,decimal
chikungunya_2017,fato,chikungunya,2017.0,st_doenca_trabalho,0,vazio
chikungunya_2017,fato,chikungunya,2017.0,clinc_chik,2,decimal
chikungunya_2017,fato,chikungunya,2017.0,tp_evolucao_caso,3,decimal
chikungunya_2017,fato,chikungunya,2017.0,dt_obito,10,texto
chikungunya_2017,fato,chikungunya,2017.0,dt_encerramento,272,texto
chikungunya_2017,fato,chikungunya,2017.0,alrm_hipot,0,vazio
chikungunya_2017,fato,chikungunya,2017.0,alrm_plaq,0,vazio
chikungunya_2017,fato,chikungunya,2017.0,alrm_vom,0,vazio
chikungunya_2017,fato,chikungunya,2017.0,alrm_sang,0,vazio
chikungunya_2017,fato,chikungunya,2017.0,alrm_hemat,0,vazio
chikungunya_2017,fato,chikungunya,2017.0,alrm_abdom,0,vazio
chikungunya_2017,fato,chikungunya,2017.0,alrm_letar,0,vazio
chikungunya_2017,fato,chikungunya,2017.0,alrm_hepat,0,vazio
chikungunya_2017,fato,chikungunya,2017.0,alrm_liq,0,vazio
chikungunya_2017,fato,chikungunya,2017.0,dt_alrm,0,vazio
chikungunya_2017,fato,chikungunya,2017.0,grav_pulso,0,vazio
chikungunya_2017,fato,chikungunya,2017.0,grav_conv,0,vazio
chikungunya_2017,fato,chikungunya,2017.0,grav_ench,0,vazio
chikungunya_2017,fato,chikungunya,2017.0,grav_insuf,0,vazio
chikungunya_2017,fato,chikungunya,2017.0,grav_taqui,0,vazio
chikungunya_2017,fato,chikungunya,2017.0,grav_extre,0,vazio
chikungunya_2017,fato,chikungunya,2017.0,grav_hipot,0,vazio
chikungunya_2017,fato,chikungunya,2017.0,grav_hemat,0,vazio
chikungunya_2017,fato,chikungunya,2017.0,grav_melen,0,vazio
chikungunya_2017,fato,chikungunya,2017.0,grav_metro,0,vazio
chikungunya_2017,fato,chikungunya,2017.0,grav_sang,0,vazio
chikungunya_2017,fato,chikungunya,2017.0,grav_ast,0,vazio
chikungunya_2017,fato,chikungunya,2017.0,grav_mioc,0,vazio
chikungunya_2017,fato,chikungunya,2017.0,grav_consc,0,vazio
chikungunya_2017,fato,chikungunya,2017.0,grav_orgao,0,vazio
chikungunya_2017,fato,chikungunya,2017.0,dt_grav,0,vazio
chikungunya_2017,fato,chikungunya,2017.0,mami_hemor,0,vazio
chikungunya_2017,fato,chikungunya,2017.0,epistaxe,0,vazio
chikungunya_2017,fato,chikungunya,2017.0,gengivo,0,vazio
chikungunya_2017,fato,chikungunya,2017.0,metro,0,vazio
chikungunya_2017,fato,chikungunya,2017.0,petequias,0,vazio
chikungunya_2017,fato,chikungunya,2017.0,hematura,0,vazio
chikungunya_2017,fato,chikungunya,2017.0,sangram,0,vazio
chikungunya_2017,fato,chikungunya,2017.0,laco_n,0,vazio
chikungunya_2017,fato,chikungunya,2017.0,plasmatico,0,vazio
chikungunya_2017,fato,chikungunya,2017.0,evidencia,0,vazio
chikungunya_2017,fato,chikungunya,2017.0,plaq_menor,0,vazio
chikungunya_2017,fato,chikungunya,2017.0,con_fhd,0,vazio
chikungunya_2016,fato,chikungunya,2016.0,nu_notificacao,11096,inteiro
chikungunya_2016,fato,chikungunya,2016.0,tp_notificacao,1,inteiro
chikungunya_2016,fato,chikungunya,2016.0,co_cid,1,texto
chikungunya_2016,fato,chikungunya,2016.0,dt_notificacao,407,texto
chikungunya_2016,fato,chikungunya,2016.0,ds_semana_notificacao,101,inteiro
chikungunya_2016,fato,chikungunya,2016.0,notificacao_ano,5,inteiro
chikungunya_2016,fato,chikungunya,2016.0,co_uf_notificacao,3,inteiro
chikungunya_2016,fato,chikungunya,2016.0,co_municipio_notificacao,13,inteiro
chikungunya_2016,fato,chikungunya,2016.0,id_regional,5,inteiro
chikungunya_2016,fato,chikungunya,2016.0,co_unidade_notificacao,194,inteiro
chikungunya_2016,fato,chikungunya,2016.0,dt_diagnostico_sintoma,360,texto
chikungunya_2016,fato,chikungunya,2016.0,ds_semana_sintoma,52,inteiro
chikungunya_2016,fato,chikungunya,2016.0,dt_nascimento,1098,texto
chikungunya_2016,fato,chikungunya,2016.0,nu_idade,135,inteiro
chikungunya_2016,fato,chikungunya,2016.0,tp_sexo,3,texto
chikungunya_2016,fato,chikungunya,2016.0,tp_gestante,7,inteiro
chikungunya_2016,fato,chikungunya,2016.0,tp_raca_cor,6,inteiro
chikungunya_2016,fato,chikungunya,2016.0,tp_escolaridade,11,inteiro
chikungunya_2016,fato,chikungunya,2016.0,co_uf_residencia,1,inteiro
chikungunya_2016,fato,chikungunya,2016.0,co_municipio_residencia,1,inteiro
chikungunya_2016,fato,chikungunya,2016.0,co_regional_residencia,1,inteiro
chikungunya_2016,fato,chikungunya,2016.0,co_distrito_residencia,8,inteiro
chikungunya_2016,fato,chikungunya,2016.0,co_bairro_residencia,93,inteiro
chikungunya_2016,fato,chikungunya,2016.0,no_bairro_residencia,118,texto
chikungunya_2016,fato,chikungunya,2016.0,co_logradouro_residencia,0,vazio
chikungunya_2016,fato,chikungunya,2016.0,nome_logradouro_residencia,6805,texto
chikungunya_2016,fato,chikungunya,2016.0,nu_cep_residencia,1821,inteiro
chikungunya_2016,fato,chikungunya,2016.0,tp_zona_residencia,4,inteiro
chikungunya_2016,fato,chikungunya,2016.0,co_pais_residencia,1,inteiro
chikungunya_2016,fato,chikungunya,2016.0,dt_investigacao,412,texto
chikungunya_2016,fato,chikungunya,2016.0,co_cbo_ocupacao,54,inteiro
chikungunya_2016,fato,chikungunya,2016.0,febre,2,inteiro
chikungunya_2016,fato,chikungunya,2016.0,mialgia,2,inteiro
chikungunya_2016,fato,chikungunya,2016.0,cefaleia,2,inteiro
chikungunya_2016,fato,chikungunya,2016.0,exantema,2,inteiro
chikungunya_2016,fato,chikungunya,2016.0,vomito,2,inteiro
chikungunya_2016,fato,chikungunya,2016.0,nausea,2,inteiro
chikungunya_2016,fato,chikungunya,2016.0,dor_costas,2,inteiro
chikungunya_2016,fato,chikungunya,2016.0,conjutivite,2,inteiro
chikungunya_2016,fato,chikungunya,2016.0,artrite,2,inteiro
chikungunya_2016,fato,chikungunya,2016.0,artralgia,2,inteiro
chikungunya_2016,fato,chikungunya,2016.0,petequia_n,2,inteiro
chikungunya_2016,fato,chikungunya,2016.0,leucopenia,2,inteiro
chikungunya_2016,fato,chikungunya,2016.0,laco,2,inteiro
chikungunya_2016,fato,chikungunya,2016.0,dor_retro,2,inteiro
chikungunya_2016,fato,chikungunya,2016.0,diabetes,2,inteiro
chikungunya_2016,fato,chikungunya,2016.0,hematolog,2,inteiro
chikungunya_2016,fato,chikungunya,2016.0,hepatopat,2,inteiro
chikungunya_2016,fato,chikungunya,2016.0,renal,2,inteiro
chikungunya_2016,fato,chikungunya,2016.0,hipertensao,2,inteiro
chikungunya_2016,fato,chikungunya,2016.0,acido_pept,2,inteiro
chikungunya_2016,fato,chikungunya,2016.0,auto_imune,2,inteiro
chikungunya_2016,fato,chikungunya,2016.0,dt_chil_s1,221,texto
chikungunya_2016,fato,chikungunya,2016.0,dt_chil_s2,9,texto
chikungunya_2016,fato,chikungunya,2016.0,dt_prnt,35,texto
chikungunya_2016,fato,chikungunya,2016.0,res_chiks1,4,inteiro
chikungunya_2016,fato,chikungunya,2016.0,res_chiks2,4,inteiro
chikungunya_2016,fato,chikungunya,2016.0,resul_prnt,2,inteiro
chikungunya_2016,fato,chikungunya,2016.0,dt_coleta_exame,0,vazio
chikungunya_2016,fato,chikungunya,2016.0,tp_result_exame,0,vazio
chikungunya_2016,fato,chikungunya,2016.0,dt_coleta_NS1,0,vazio
chikungunya_2016,fato,chikungunya,2016.0,Tp_result_NS1,0,vazio
chikungunya_2016,fato,chikungunya,2016.0,dt_coleta_isolamento,14,texto
chikungunya_2016,fato,chikungunya,2016.0,tp_result_isolamento,4,inteiro
chikungunya_2016,fato,chikungunya,2016.0,dt_coleta_rtpcr,51,texto
chikungunya_2016,fato,chikungunya,2016.0,tp_result_rtpcr,3,inteiro
chikungunya_2016,fato,chikungunya,2016.0,tp_sorotipo,0,vazio
chikungunya_2016,fato,chikungunya,2016.0,tp_result_histopatologia,0,vazio
chikungunya_2016,fato,chikungunya,2016.0,tp_result_imunohistoquimica,0,vazio
chikungunya_2016,fato,chikungunya,2016.0,st_ocorreu_hospitalizacao,3,inteiro
chikungunya_2016,fato,chikungunya,2016.0,dt_internacao,103,texto
chikungunya_2016,fato,chikungunya,2016.0,co_uf_hospital,1,inteiro
chikungunya_2016,fato,chikungunya,2016.0,co_municipio_hospital,2,inteiro
chikungunya_2016,fato,chikungunya,2016.0,tp_autoctone_residencia,3,inteiro
chikungunya_2016,fato,chikungunya,2016.0,co_uf_infeccao,1,inteiro
chikungunya_2016,fato,chikungunya,2016.0,co_pais_infeccao,1,inteiro
chikungunya_2016,fato,chikungunya,2016.0,co_municipio_infeccao,1,inteiro
chikungunya_2016,fato,chikungunya,2016.0,co_distrito_infeccao,8,inteiro
chikungunya_2016,fato,chikungunya,2016.0,co_bairro_infeccao,58,inteiro
chikungunya_2016,fato,chikungunya,2016.0,no_bairro_infeccao,71,texto
chikungunya_2016,fato,chikungunya,2016.0,tp_classificacao_final,4,inteiro
chikungunya_2016,fato,chikungunya,2016.0,tp_criterio_confirmacao,3,inteiro
chikungunya_2016,fato,chikungunya,2016.0,st_doenca_trabalho,3,inteiro
chikungunya_2016,fato,chikungunya,2016.0,clinc_chik,2,inteiro
chikungunya_2016,fato,chikungunya,2016.0,tp_evolucao_caso,4,inteiro
chikungunya_2016,fato,chikungunya,2016.0,dt_obito,89,texto
chikungunya_2016,fato,chikungunya,2016.0,dt_encerramento,425,texto
chikungunya_2016,fato,chikungunya,2016.0,alrm_hipot,0,vazio
chikungunya_2016,fato,chikungunya,2016.0,alrm_plaq,0,vazio
chikungunya_2016,fato,chikungunya,2016.0,alrm_vom,0,vazio
chikungunya_2016,fato,chikungunya,2016.0,alrm_sang,0,vazio
chikungunya_2016,fato,chikungunya,2016.0,alrm_hemat,0,vazio
chikungunya_2016,fato,chikungunya,2016.0,alrm_abdom,0,vazio
chikungunya_2016,fato,chikungunya,2016.0,alrm_letar,0,vazio
chikungunya_2016,fato,chikungunya,2016.0,alrm_hepat,0,vazio
chikungunya_2016,fato,chikungunya,2016.0,alrm_liq,0,vazio
chikungunya_2016,fato,chikungunya,2016.0,dt_alrm,0,vazio
chikungunya_2016,fato,chikungunya,2016.0,grav_pulso,0,vazio
chikungunya_2016,fato,chikungunya,2016.0,grav_conv,0,vazio
chikungunya_2016,fato,chikungunya,2016.0,grav_ench,0,vazio
chikungunya_2016,fato,chikungunya,2016.0,grav_insuf,0,vazio
chikungunya_2016,fato,chikungunya,2016.0,grav_taqui,0,vazio
chikungunya_2016,fato,chikungunya,2016.0,grav_extre,0,vazio
chikungunya_2016,fato,chikungunya,2016.0,grav_hipot,0,vazio
chikungunya_2016,fato,chikungunya,2016.0,grav_hemat,0,vazio
chikungunya_2016,fato,chikungunya,2016.0,grav_melen,0,vazio
chikungunya_2016,fato,chikungunya,2016.0,grav_metro,0,vazio
chikungunya_2016,fato,chikungunya,2016.0,grav_sang,0,vazio
chikungunya_2016,fato,chikungunya,2016.0,grav_ast,0,vazio
chikungunya_2016,fato,chikungunya,2016.0,grav_mioc,0,vazio
chikungunya_2016,fato,chikungunya,2016.0,grav_consc,0,vazio
chikungunya_2016,fato,chikungunya,2016.0,grav_orgao,0,vazio
chikungunya_2016,fato,chikungunya,2016.0,dt_grav,0,vazio
chikungunya_2016,fato,chikungunya,2016.0,mami_hemor,0,vazio
chikungunya_2016,fato,chikungunya,2016.0,epistaxe,0,vazio
chikungunya_2016,fato,chikungunya,2016.0,gengivo,0,vazio
chikungunya_2016,fato,chikungunya,2016.0,metro,0,vazio
chikungunya_2016,fato,chikungunya,2016.0,petequias,0,vazio
chikungunya_2016,fato,chikungunya,2016.0,hematura,0,vazio
chikungunya_2016,fato,chikungunya,2016.0,sangram,0,vazio
chikungunya_2016,fato,chikungunya,2016.0,laco_n,0,vazio
chikungunya_2016,fato,chikungunya,2016.0,plasmatico,0,vazio
chikungunya_2016,fato,chikungunya,2016.0,evidencia,0,vazio
chikungunya_2016,fato,chikungunya,2016.0,plaq_menor,0,vazio
chikungunya_2016,fato,chikungunya,2016.0,con_fhd,0,vazio
chikungunya_2015,fato,chikungunya,2015.0,nu_notificacao,1795,inteiro
chikungunya_2015,fato,chikungunya,2015.0,tp_notificacao,1,inteiro
chikungunya_2015,fato,chikungunya,2015.0,co_cid,1,texto
chikungunya_2015,fato,chikungunya,2015.0,dt_notificacao,231,texto
chikungunya_2015,fato,chikungunya,2015.0,ds_semana_notificacao,89,inteiro
chikungunya_2015,fato,chikungunya,2015.0,notificacao_ano,4,inteiro
chikungunya_2015,fato,chikungunya,2015.0,co_uf_notificacao,2,inteiro
chikungunya_2015,fato,chikungunya,2015.0,co_municipio_notificacao,4,inteiro
chikungunya_2015,fato,chikungunya,2015.0,id_regional,2,inteiro
chikungunya_2015,fato,chikungunya,2015.0,co_unidade_notificacao,102,inteiro
chikungunya_2015,fato,chikungunya,2015.0,dt_diagnostico_sintoma,194,texto
chikungunya_2015,fato,chikungunya,2015.0,ds_semana_sintoma,47,inteiro
chikungunya_2015,fato,chikungunya,2015.0,dt_nascimento,778,texto
chikungunya_2015,fato,chikungunya,2015.0,nu_idade,111,inteiro
chikungunya_2015,fato,chikungunya,2015.0,tp_sexo,2,texto
chikungunya_2015,fato,chikungunya,2015.0,tp_gestante,7,inteiro
chikungunya_2015,fato,chikungunya,2015.0,tp_raca_cor,5,inteiro
chikungunya_2015,fato,chikungunya,2015.0,tp_escolaridade,21,inteiro
chikungunya_2015,fato,chikungunya,2015.0,co_uf_residencia,1,inteiro
chikungunya_2015,fato,chikungunya,2015.0,co_municipio_residencia,1,inteiro
chikungunya_2015,fato,chikungunya,2015.0,co_regional_residencia,1,inteiro
chikungunya_2015,fato,chikungunya,2015.0,co_distrito_residencia,8,inteiro
chikungunya_2015,fato,chikungunya,2015.0,co_bairro_residencia,73,inteiro
chikungunya_2015,fato,chikungunya,2015.0,no_bairro_residencia,75,texto
chikungunya_2015,fato,chikungunya,2015.0,co_logradouro_residencia,0,vazio
chikungunya_2015,fato,chikungunya,2015.0,nome_logradouro_residencia,1311,texto
chikungunya_2015,fato,chikungunya,2015.0,nu_cep_residencia,192,inteiro
chikungunya_2015,fato,chikungunya,2015.0,tp_zona_residencia,3,inteiro
chikungunya_2015,fato,chikungunya,2015.0,co_pais_residencia,1,inteiro
chikungunya_2015,fato,chikungunya,2015.0,dt_investigacao,245,texto
chikungunya_2015,fato,chikungunya,2015.0,co_cbo_ocupacao,15,inteiro
chikungunya_2015,fato,chikungunya,2015.0,febre,2,inteiro
chikungunya_2015,fato,chikungunya,2015.0,mialgia,2,inteiro
chikungunya_2015,fato,chikungunya,2015.0,cefaleia,2,inteiro
chikungunya_2015,fato,chikungunya,2015.0,exantema,2,inteiro
chikungunya_2015,fato,chikungunya,2015.0,vomito,2,inteiro
chikungunya_2015,fato,chikungunya,2015.0,nausea,2,inteiro
chikungunya_2015,fato,chikungunya,2015.0,dor_costas,2,inteiro
chikungunya_2015,fato,chikungunya,2015.0,conjutivite,2,inteiro
chikungunya_2015,fato,chikungunya,2015.0,artrite,2,inteiro
chikungunya_2015,fato,chikungunya,2015.0,artralgia,2,inteiro
chikungunya_2015,fato,chikungunya,2015.0,petequia_n,2,inteiro
chikungunya_2015,fato,chikungunya,2015.0,leucopenia,2,inteiro
chikungunya_2015,fato,chikungunya,2015.0,laco,2,inteiro
chikungunya_2015,fato,chikungunya,2015.0,dor_retro,2,inteiro
chikungunya_2015,fato,chikungunya,2015.0,diabetes,2,inteiro
chikungunya_2015,fato,chikungunya,2015.0,hematolog,1,inteiro
chikungunya_2015,fato,chikungunya,2015.0,hepatopat,2,inteiro
chikungunya_2015,fato,chikungunya,2015.0,renal,2,inteiro
chikungunya_2015,fato,chikungunya,2015.0,hipertensao,2,inteiro
chikungunya_2015,fato,chikungunya,2015.0,acido_pept,2,inteiro
chikungunya_2015,fato,chikungunya,2015.0,auto_imune,1,inteiro
chikungunya_2015,fato,chikungunya,2015.0,dt_chil_s1,78,texto
chikungunya_2015,fato,chikungunya,2015.0,dt_chil_s2,0,vazio
chikungunya_2015,fato,chikungunya,2015.0,dt_prnt,2,texto
chikungunya_2015,fato,chikungunya,2015.0,res_chiks1,3,inteiro
chikungunya_2015,fato,chikungunya,2015.0,res_chiks2,4,inteiro
chikungunya_2015,fato,chikungunya,2015.0,resul_prnt,3,inteiro
chikungunya_2015,fato,chikungunya,2015.0,dt_coleta_exame,0,vazio
chikungunya_2015,fato,chikungunya,2015.0,tp_result_exame,0,vazio
chikungunya_2015,fato,chikungunya,2015.0,dt_coleta_NS1,0,vazio
chikungunya_2015,fato,chikungunya,2015.0,Tp_result_NS1,0,vazio
chikungunya_2015,fato,chikungunya,2015.0,dt_coleta_isolamento,1,texto
chikungunya_2015,fato,chikungunya,2015.0,tp_result_isolamento,2,inteiro
chikungunya_2015,fato,chikungunya,2015.0,dt_coleta_rtpcr,18,texto
chikungunya_2015,fato,chikungunya,2015.0,tp_result_rtpcr,3,inteiro
chikungunya_2015,fato,chikungunya,2015.0,tp_sorotipo,0,vazio
chikungunya_2015,fato,chikungunya,2015.0,tp_result_histopatologia,0,vazio
chikungunya_2015,fato,chikungunya,2015.0,tp_result_imunohistoquimica,0,vazio
chikungunya_2015,fato,chikungunya,2015.0,st_ocorreu_hospitalizacao,3,inteiro
chikungunya_2015,fato,chikungunya,2015.0,dt_internacao,6,texto
chikungunya_2015,fato,chikungunya,2015.0,co_uf_hospital,1,inteiro
chikungunya_2015,fato,chikungunya,2015.0,co_municipio_hospital,1,inteiro
chikungunya_2015,fato,chikungunya,2015.0,tp_autoctone_residencia,3,inteiro
chikungunya_2015,fato,chikungunya,2015.0,co_uf_infeccao,1,inteiro
chikungunya_2015,fato,chikungunya,2015.0,co_pais_infeccao,1,inteiro
chikungunya_2015,fato,chikungunya,2015.0,co_municipio_infeccao,1,inteiro
chikungunya_2015,fato,chikungunya,2015.0,co_distrito_infeccao,7,inteiro
chikungunya_2015,fato,chikungunya,2015.0,co_bairro_infeccao,20,inteiro
chikungunya_2015,fato,chikungunya,2015.0,no_bairro_infeccao,25,texto
chikungunya_2015,fato,chikungunya,2015.0,tp_classificacao_final,5,inteiro
chikungunya_2015,fato,chikungunya,2015.0,tp_criterio_confirmacao,2,inteiro
chikungunya_2015,fato,chikungunya,2015.0,st_doenca_trabalho,3,inteiro
chikungunya_2015,fato,chikungunya,2015.0,clinc_chik,2,inteiro
chikungunya_2015,fato,chikungunya,2015.0,tp_evolucao_caso,3,inteiro
chikungunya_2015,fato,chikungunya,2015.0,dt_obito,4,texto
chikungunya_2015,fato,chikungunya,2015.0,dt_encerramento,227,texto
chikungunya_2015,fato,chikungunya,2015.0,alrm_hipot,0,vazio
chikungunya_2015,fato,chikungunya,2015.0,alrm_plaq,0,vazio
chikungunya_2015,fato,chikungunya,2015.0,alrm_vom,0,vazio
chikungunya_2015,fato,chikungunya,2015.0,alrm_sang,0,vazio
chikungunya_2015,fato,chikungunya,2015.0,alrm_hemat,0,vazio
chikungunya_2015,fato,chikungunya,2015.0,alrm_abdom,0,vazio
chikungunya_2015,fato,chikungunya,2015.0,alrm_letar,0,vazio
chikungunya_2015,fato,chikungunya,2015.0,alrm_hepat,0,vazio
chikungunya_2015,fato,chikungunya,2015.0,alrm_liq,0,vazio
chikungunya_2015,fato,chikungunya,2015.0,dt_alrm,0,vazio
chikungunya_2015,fato,chikungunya,2015.0,grav_pulso,0,vazio
chikungunya_2015,fato,chikungunya,2015.0,grav_conv,0,vazio
chikungunya_2015,fato,chikungunya,2015.0,grav_ench,0,vazio
chikungunya_2015,fato,chikungunya,2015.0,grav_insuf,0,vazio
chikungunya_2015,fato,chikungunya,2015.0,grav_taqui,0,vazio
chikungunya_2015,fato,chikungunya,2015.0,grav_extre,0,vazio
chikungunya_2015,fato,chikungunya,2015.0,grav_hipot,0,vazio
chikungunya_2015,fato,chikungunya,2015.0,grav_hemat,0,vazio
chikungunya_2015,fato,chikungunya,2015.0,grav_melen,0,vazio
chikungunya_2015,fato,chikungunya,2015.0,grav_metro,0,vazio
chikungunya_2015,fato,chikungunya,2015.0,grav_sang,0,vazio
chikungunya_2015,fato,chikungunya,2015.0,grav_ast,0,vazio
chikungunya_2015,fato,chikungunya,2015.0,grav_mioc,0,vazio
chikungunya_2015,fato,chikungunya,2015.0,grav_consc,0,vazio
chikungunya_2015,fato,chikungunya,2015.0,grav_orgao,0,vazio
chikungunya_2015,fato,chikungunya,2015.0,dt_grav,0,vazio
chikungunya_2015,fato,chikungunya,2015.0,mami_hemor,0,vazio
chikungunya_2015,fato,chikungunya,2015.0,epistaxe,0,vazio
chikungunya_2015,fato,chikungunya,2015.0,gengivo,0,vazio
chikungunya_2015,fato,chikungunya,2015.0,metro,0,vazio
chikungunya_2015,fato,chikungunya,2015.0,petequias,0,vazio
chikungunya_2015,fato,chikungunya,2015.0,hematura,0,vazio
chikungunya_2015,fato,chikungunya,2015.0,sangram,0,vazio
chikungunya_2015,fato,chikungunya,2015.0,laco_n,0,vazio
chikungunya_2015,fato,chikungunya,2015.0,plasmatico,0,vazio
chikungunya_2015,fato,chikungunya,2015.0,evidencia,0,vazio
chikungunya_2015,fato,chikungunya,2015.0,plaq_menor,0,vazio
chikungunya_2015,fato,chikungunya,2015.0,conf_fhd,0,vazio
zika_2025,fato,zika,2025.0,NU_NOTIFIC,821,inteiro
zika_2025,fato,zika,2025.0,TP_NOT,1,inteiro
zika_2025,fato,zika,2025.0,ID_AGRAVO,1,texto
zika_2025,fato,zika,2025.0,CS_SUSPEIT,0,vazio
zika_2025,fato,zika,2025.0,DT_NOTIFIC,218,data
zika_2025,fato,zika,2025.0,SEM_NOT,53,inteiro
zika_2025,fato,zika,2025.0,NU_ANO,1,inteiro
zika_2025,fato,zika,2025.0,SG_UF_NOT,1,inteiro
zika_2025,fato,zika,2025.0,ID_MUNICIP,3,inteiro
zika_2025,fato,zika,2025.0,ID_REGIONA,1,inteiro
zika_2025,fato,zika,2025.0,ID_UNIDADE,56,inteiro
zika_2025,fato,zika,2025.0,DT_SIN_PRI,287,data
zika_2025,fato,zika,2025.0,SEM_PRI,55,inteiro
zika_2025,fato,zika,2025.0,DT_NASC,781,data
zika_2025,fato,zika,2025.0,NU_IDADE_N,89,inteiro
zika_2025,fato,zika,2025.0,CS_SEXO,2,texto
zika_2025,fato,zika,2025.0,CS_GESTANT,7,inteiro
zika_2025,fato,zika,2025.0,CS_RACA,5,inteiro
zika_2025,fato,zika,2025.0,CS_ESCOL_N,10,inteiro
zika_2025,fato,zika,2025.0,SG_UF,1,inteiro
zika_2025,fato,zika,2025.0,ID_MN_RESI,1,inteiro
zika_2025,fato,zika,2025.0,ID_RG_RESI,1,inteiro
zika_2025,fato,zika,2025.0,ID_DISTRIT,8,inteiro
zika_2025,fato,zika,2025.0,ID_BAIRRO,71,inteiro
zika_2025,fato,zika,2025.0,NM_BAIRRO,72,texto
zika_2025,fato,zika,2025.0,ID_LOGRADO,0,vazio
zika_2025,fato,zika,2025.0,NM_LOGRADO,703,texto
zika_2025,fato,zika,2025.0,NU_CEP,224,inteiro
zika_2025,fato,zika,2025.0,CS_ZONA,2,inteiro
zika_2025,fato,zika,2025.0,ID_PAIS,1,inteiro
zika_2025,fato,zika,2025.0,NDUPLIC_N,1,inteiro
zika_2025,fato,zika,2025.0,IN_VINCULA,0,vazio
zika_2025,fato,zika,2025.0,DT_INVEST,214,data
zika_2025,fato,zika,2025.0,ID_OCUPA_N,0,vazio
zika_2025,fato,zika,2025.0,CLASSI_FIN,2,inteiro
zika_2025,fato,zika,2025.0,CRITERIO,2,inteiro
zika_2025,fato,zika,2025.0,TPAUTOCTO,3,inteiro
zika_2025,fato,zika,2025.0,COUFINF,1,inteiro
zika_2025,fato,zika,2025.0,COPAISINF,2,inteiro
zika_2025,fato,zika,2025.0,COMUNINF,1,inteiro
zika_2025,fato,zika,2025.0,CODISINF,0,vazio
zika_2025,fato,zika,2025.0,CO_BAINFC,2,inteiro
zika_2025,fato,zika,2025.0,NOBAIINF,2,texto
zika_2025,fato,zika,2025.0,DOENCA_TRA,2,inteiro
zika_2025,fato,zika,2025.0,EVOLUCAO,3,inteiro
zika_2025,fato,zika,2025.0,DT_OBITO,2,data
zika_2025,fato,zika,2025.0,DT_ENCERRA,154,data
zika_2024,fato,zika,2024.0,NU_NOTIFIC,475,inteiro
zika_2024,fato,zika,2024.0,TP_NOT,1,inteiro
zika_2024,fato,zika,2024.0,ID_AGRAVO,1,texto
zika_2024,fato,zika,2024.0,CS_SUSPEIT,0,vazio
zika_2024,fato,zika,2024.0,DT_NOTIFIC,189,texto
zika_2024,fato,zika,2024.0,SEM_NOT,49,inteiro
zika_2024,fato,zika,2024.0,NU_ANO,1,inteiro
zika_2024,fato,zika,2024.0,SG_UF_NOT,1,inteiro
zika_2024,fato,zika,2024.0,ID_MUNICIP,3,inteiro
zika_2024,fato,zika,2024.0,ID_REGIONA,1,inteiro
zika_2024,fato,zika,2024.0,ID_UNIDADE,47,inteiro
zika_2024,fato,zika,2024.0,DT_SIN_PRI,250,texto
zika_2024,fato,zika,2024.0,SEM_PRI,60,inteiro
zika_2024,fato,zika,2024.0,DT_NASC,465,texto
zika_2024,fato,zika,2024.0,NU_IDADE_N,82,inteiro
zika_2024,fato,zika,2024.0,CS_SEXO,2,texto
zika_2024,fato,zika,2024.0,CS_GESTANT,7,inteiro
zika_2024,fato,zika,2024.0,CS_RACA,5,inteiro
zika_2024,fato,zika,2024.0,CS_ESCOL_N,11,inteiro
zika_2024,fato,zika,2024.0,SG_UF,1,inteiro
zika_2024,fato,zika,2024.0,ID_MN_RESI,1,inteiro
zika_2024,fato,zika,2024.0,ID_RG_RESI,1,inteiro
zika_2024,fato,zika,2024.0,ID_DISTRIT,8,inteiro
zika_2024,fato,zika,2024.0,ID_BAIRRO,69,inteiro
zika_2024,fato,zika,2024.0,NM_BAIRRO,69,texto
zika_2024,fato,zika,2024.0,ID_LOGRADO,0,vazio
zika_2024,fato,zika,2024.0,NM_LOGRADO,411,texto
zika_2024,fato,zika,2024.0,NU_CEP,98,inteiro
zika_2024,fato,zika,2024.0,CS_ZONA,3,inteiro
zika_2024,fato,zika,2024.0,ID_PAIS,1,inteiro
zika_2024,fato,zika,2024.0,NDUPLIC_N,1,inteiro
zika_2024,fato,zika,2024.0,IN_VINCULA,0,vazio
zika_2024,fato,zika,2024.0,DT_INVEST,184,texto
zika_2024,fato,zika,2024.0,ID_OCUPA_N,0,vazio
zika_2024,fato,zika,2024.0,CLASSI_FIN,2,inteiro
zika_2024,fato,zika,2024.0,CRITERIO,2,inteiro
zika_2024,fato,zika,2024.0,TPAUTOCTO,2,inteiro
zika_2024,fato,zika,2024.0,COUFINF,1,inteiro
zika_2024,fato,zika,2024.0,COPAISINF,2,inteiro
zika_2024,fato,zika,2024.0,COMUNINF,1,inteiro
zika_2024,fato,zika,2024.0,CODISINF,0,vazio
zika_2024,fato,zika,2024.0,CO_BAINFC,2,inteiro
zika_2024,fato,zika,2024.0,NOBAIINF,1,texto
zika_2024,fato,zika,2024.0,DOENCA_TRA,1,inteiro
zika_2024,fato,zika,2024.0,EVOLUCAO,3,inteiro
zika_2024,fato,zika,2024.0,DT_OBITO,4,texto
zika_2024,fato,zika,2024.0,DT_ENCERRA,109,texto
zika_2023,fato,zika,2023.0,NU_NOTIFIC,225,inteiro
zika_2023,fato,zika,2023.0,TP_NOT,1,inteiro
zika_2023,fato,zika,2023.0,ID_AGRAVO,1,texto
zika_2023,fato,zika,2023.0,CS_SUSPEIT,0,vazio
zika_2023,fato,zika,2023.0,DT_NOTIFIC,120,texto
zika_2023,fato,zika,2023.0,SEM_NOT,47,inteiro
zika_2023,fato,zika,2023.0,NU_ANO,1,inteiro
zika_2023,fato,zika,2023.0,SG_UF_NOT,1,inteiro
zika_2023,fato,zika,2023.0,ID_MUNICIP,1,inteiro
zika_2023,fato,zika,2023.0,ID_REGIONA,1,inteiro
zika_2023,fato,zika,2023.0,ID_UNIDADE,28,inteiro
zika_2023,fato,zika,2023.0,DT_SIN_PRI,167,texto
zika_2023,fato,zika,2023.0,SEM_PRI,69,inteiro
zika_2023,fato,zika,2023.0,DT_NASC,219,texto
zika_2023,fato,zika,2023.0,NU_IDADE_N,76,inteiro
zika_2023,fato,zika,2023.0,CS_SEXO,2,texto
zika_2023,fato,zika,2023.0,CS_GESTANT,6,inteiro
zika_2023,fato,zika,2023.0,CS_RACA,6,inteiro
zika_2023,fato,zika,2023.0,CS_ESCOL_N,10,inteiro
zika_2023,fato,zika,2023.0,SG_UF,1,inteiro
zika_2023,fato,zika,2023.0,ID_MN_RESI,1,inteiro
zika_2023,fato,zika,2023.0,ID_RG_RESI,1,inteiro
zika_2023,fato,zika,2023.0,ID_DISTRIT,8,inteiro
zika_2023,fato,zika,2023.0,ID_BAIRRO,56,inteiro
zika_2023,fato,zika,2023.0,NM_BAIRRO,56,texto
zika_2023,fato,zika,2023.0,ID_LOGRADO,0,vazio
zika_2023,fato,zika,2023.0,NM_LOGRADO,189,texto
zika_2023,fato,zika,2023.0,NU_CEP,24,inteiro
zika_2023,fato,zika,2023.0,CS_ZONA,1,inteiro
zika_2023,fato,zika,2023.0,ID_PAIS,1,inteiro
zika_2023,fato,zika,2023.0,NDUPLIC_N,1,inteiro
zika_2023,fato,zika,2023.0,IN_VINCULA,1,inteiro
zika_2023,fato,zika,2023.0,DT_INVEST,122,texto
zika_2023,fato,zika,2023.0,ID_OCUPA_N,0,vazio
zika_2023,fato,zika,2023.0,CLASSI_FIN,2,inteiro
zika_2023,fato,zika,2023.0,CRITERIO,2,inteiro
zika_2023,fato,zika,2023.0,TPAUTOCTO,1,inteiro
zika_2023,fato,zika,2023.0,COUFINF,0,vazio
zika_2023,fato,zika,2023.0,COPAISINF,1,inteiro
zika_2023,fato,zika,2023.0,COMUNINF,0,vazio
zika_2023,fato,zika,2023.0,CODISINF,0,vazio
zika_2023,fato,zika,2023.0,CO_BAINFC,1,inteiro
zika_2023,fato,zika,2023.0,NOBAIINF,0,vazio
zika_2023,fato,zika,2023.0,DOENCA_TRA,1,inteiro
zika_2023,fato,zika,2023.0,EVOLUCAO,3,inteiro
zika_2023,fato,zika,2023.0,DT_OBITO,4,texto
zika_2023,fato,zika,2023.0,DT_ENCERRA,102,texto
zika_2022,fato,zika,2022.0,NU_NOTIFIC,216,inteiro
zika_2022,fato,zika,2022.0,TP_NOT,1,inteiro
zika_2022,fato,zika,2022.0,ID_AGRAVO,1,texto
zika_2022,fato,zika,2022.0,CS_SUSPEIT,0,vazio
zika_2022,fato,zika,2022.0,DT_NOTIFIC,116,texto
zika_2022,fato,zika,2022.0,SEM_NOT,47,inteiro
zika_2022,fato,zika,2022.0,NU_ANO,1,inteiro
zika_2022,fato,zika,2022.0,SG_UF_NOT,3,inteiro
zika_2022,fato,zika,2022.0,ID_MUNICIP,3,inteiro
zika_2022,fato,zika,2022.0,ID_REGIONA,1,inteiro
zika_2022,fato,zika,2022.0,ID_UNIDADE,35,inteiro
zika_2022,fato,zika,2022.0,DT_SIN_PRI,145,texto
zika_2022,fato,zika,2022.0,SEM_PRI,50,inteiro
zika_2022,fato,zika,2022.0,DT_NASC,205,texto
zika_2022,fato,zika,2022.0,NU_IDADE_N,76,inteiro
zika_2022,fato,zika,2022.0,CS_SEXO,2,texto
zika_2022,fato,zika,2022.0,CS_GESTANT,6,inteiro
zika_2022,fato,zika,2022.0,CS_RACA,5,inteiro
zika_2022,fato,zika,2022.0,CS_ESCOL_N,11,inteiro
zika_2022,fato,zika,2022.0,SG_UF,1,inteiro
zika_2022,fato,zika,2022.0,ID_MN_RESI,1,inteiro
zika_2022,fato,zika,2022.0,ID_RG_RESI,1,inteiro
zika_2022,fato,zika,2022.0,ID_DISTRIT,8,inteiro
zika_2022,fato,zika,2022.0,ID_BAIRRO,56,inteiro
zika_2022,fato,zika,2022.0,NM_BAIRRO,56,texto
zika_2022,fato,zika,2022.0,ID_LOGRADO,0,vazio
zika_2022,fato,zika,2022.0,NM_LOGRADO,189,texto
zika_2022,fato,zika,2022.0,NU_CEP,37,inteiro
zika_2022,fato,zika,2022.0,CS_ZONA,1,inteiro
zika_2022,fato,zika,2022.0,ID_PAIS,1,inteiro
zika_2022,fato,zika,2022.0,NDUPLIC_N,2,inteiro
zika_2022,fato,zika,2022.0,IN_VINCULA,1,inteiro
zika_2022,fato,zika,2022.0,DT_INVEST,118,texto
zika_2022,fato,zika,2022.0,ID_OCUPA_N,0,vazio
zika_2022,fato,zika,2022.0,CLASSI_FIN,2,inteiro
zika_2022,fato,zika,2022.0,CRITERIO,2,inteiro
zika_2022,fato,zika,2022.0,TPAUTOCTO,1,inteiro
zika_2022,fato,zika,2022.0,COUFINF,0,vazio
zika_2022,fato,zika,2022.0,COPAISINF,1,inteiro
zika_2022,fato,zika,2022.0,COMUNINF,0,vazio
zika_2022,fato,zika,2022.0,CODISINF,0,vazio
zika_2022,fato,zika,2022.0,CO_BAINFC,1,inteiro
zika_2022,fato,zika,2022.0,NOBAIINF,0,vazio
zika_2022,fato,zika,2022.0,DOENCA_TRA,1,inteiro
zika_2022,fato,zika,2022.0,EVOLUCAO,2,inteiro
zika_2022,fato,zika,2022.0,DT_OBITO,1,texto
zika_2022,fato,zika,2022.0,DT_ENCERRA,104,texto
zika_2021,fato,zika,2021.0,NU_NOTIFIC,17622,inteiro
zika_2021,fato,zika,2021.0,TP_NOT,1,inteiro
zika_2021,fato,zika,2021.0,ID_AGRAVO,1,texto
zika_2021,fato,zika,2021.0,DT_NOTIFIC,332,data
zika_2021,fato,zika,2021.0,SEM_NOT,53,inteiro
zika_2021,fato,zika,2021.0,NU_ANO,1,inteiro
zika_2021,fato,zika,2021.0,SG_UF_NOT,5,inteiro
zika_2021,fato,zika,2021.0,ID_MUNICIP,21,inteiro
zika_2021,fato,zika,2021.0,ID_REGIONA,11,inteiro
zika_2021,fato,zika,2021.0,ID_UNIDADE,201,inteiro
zika_2021,fato,zika,2021.0,DT_SIN_PRI,399,texto
zika_2021,fato,zika,2021.0,SEM_PRI,70,inteiro
zika_2021,fato,zika,2021.0,DT_NASC,12321,texto
zika_2021,fato,zika,2021.0,NU_IDADE_N,132,inteiro
zika_2021,fato,zika,2021.0,CS_SEXO,3,texto
zika_2021,fato,zika,2021.0,CS_GESTANT,7,inteiro
zika_2021,fato,zika,2021.0,CS_RACA,6,inteiro
zika_2021,fato,zika,2021.0,CS_ESCOL_N,11,inteiro
zika_2021,fato,zika,2021.0,SG_UF,1,inteiro
zika_2021,fato,zika,2021.0,ID_MN_RESI,1,inteiro
zika_2021,fato,zika,2021.0,ID_RG_RESI,1,inteiro
zika_2021,fato,zika,2021.0,ID_DISTRIT,8,inteiro
zika_2021,fato,zika,2021.0,ID_BAIRRO,93,inteiro
zika_2021,fato,zika,2021.0,NM_BAIRRO,93,texto
zika_2021,fato,zika,2021.0,ID_LOGRADO,0,vazio
zika_2021,fato,zika,2021.0,NM_LOGRADO,8818,texto
zika_2021,fato,zika,2021.0,NU_CEP,2333,inteiro
zika_2021,fato,zika,2021.0,CS_ZONA,4,inteiro
zika_2021,fato,zika,2021.0,ID_PAIS,1,inteiro
zika_2021,fato,zika,2021.0,DT_INVEST,336,texto
zika_2021,fato,zika,2021.0,ID_OCUPA_N,140,texto
zika_2021,fato,zika,2021.0,FEBRE,2,inteiro
zika_2021,fato,zika,2021.0,MIALGIA,2,inteiro
zika_2021,fato,zika,2021.0,CEFALEIA,2,inteiro
zika_2021,fato,zika,2021.0,EXANTEMA,2,inteiro
zika_2021,fato,zika,2021.0,VOMITO,2,inteiro
zika_2021,fato,zika,2021.0,NAUSEA,2,inteiro
zika_2021,fato,zika,2021.0,DOR_COSTAS,2,inteiro
zika_2021,fato,zika,2021.0,CONJUNTVIT,2,inteiro
zika_2021,fato,zika,2021.0,ARTRITE,2,inteiro
zika_2021,fato,zika,2021.0,ARTRALGIA,2,inteiro
zika_2021,fato,zika,2021.0,PETEQUIA_N,2,inteiro
zika_2021,fato,zika,2021.0,LEUCOPENIA,2,inteiro
zika_2021,fato,zika,2021.0,LACO,2,inteiro
zika_2021,fato,zika,2021.0,DOR_RETRO,2,inteiro
zika_2021,fato,zika,2021.0,DIABETES,2,inteiro
zika_2021,fato,zika,2021.0,HEMATOLOG,2,inteiro
zika_2021,fato,zika,2021.0,HEPATOPAT,2,inteiro
zika_2021,fato,zika,2021.0,RENAL,2,inteiro
zika_2021,fato,zika,2021.0,HIPERTENSA,2,inteiro
zika_2021,fato,zika,2021.0,ACIDO_PEPT,2,inteiro
zika_2021,fato,zika,2021.0,AUTO_IMUNE,2,inteiro
zika_2021,fato,zika,2021.0,DT_CHIK_S1,231,texto
zika_2021,fato,zika,2021.0,DT_CHIK_S2,5,texto
zika_2021,fato,zika,2021.0,DT_PRNT,23,texto
zika_2021,fato,zika,2021.0,RES_CHIKS1,4,inteiro
zika_2021,fato,zika,2021.0,RES_CHIKS2,4,inteiro
zika_2021,fato,zika,2021.0,RESUL_PRNT,4,inteiro
zika_2021,fato,zika,2021.0,DT_SORO,0,vazio
zika_2021,fato,zika,2021.0,RESUL_SORO,1,inteiro
zika_2021,fato,zika,2021.0,DT_NS1,0,vazio
zika_2021,fato,zika,2021.0,RESUL_NS1,1,inteiro
zika_2021,fato,zika,2021.0,DT_VIRAL,12,texto
zika_2021,fato,zika,2021.0,RESUL_VI_N,3,inteiro
zika_2021,fato,zika,2021.0,DT_PCR,103,texto
zika_2021,fato,zika,2021.0,RESUL_PCR_,4,inteiro
zika_2021,fato,zika,2021.0,SOROTIPO,0,vazio
zika_2021,fato,zika,2021.0,HISTOPA_N,1,inteiro
zika_2021,fato,zika,2021.0,IMUNOH_N,1,inteiro
zika_2021,fato,zika,2021.0,HOSPITALIZ,3,inteiro
zika_2021,fato,zika,2021.0,DT_INTERNA,122,texto
zika_2021,fato,zika,2021.0,UF,1,inteiro
zika_2021,fato,zika,2021.0,MUNICIPIO,3,inteiro
zika_2021,fato,zika,2021.0,TPAUTOCTO,3,inteiro
zika_2021,fato,zika,2021.0,COUFINF,2,inteiro
zika_2021,fato,zika,2021.0,COPAISINF,1,inteiro
zika_2021,fato,zika,2021.0,COMUNINF,2,inteiro
zika_2021,fato,zika,2021.0,CODISINF,8,inteiro
zika_2021,fato,zika,2021.0,CO_BAINF,80,inteiro
zika_2021,fato,zika,2021.0,NOBAIINF,84,texto
zika_2021,fato,zika,2021.0,CLASSI_FIN,2,inteiro
zika_2021,fato,zika,2021.0,CRITERIO,2,inteiro
zika_2021,fato,zika,2021.0,DOENCA_TRA,0,vazio
zika_2021,fato,zika,2021.0,CLINC_CHIK,2,inteiro
zika_2021,fato,zika,2021.0,EVOLUCAO,4,inteiro
zika_2021,fato,zika,2021.0,DT_OBITO,10,texto
zika_2021,fato,zika,2021.0,DT_ENCERRA,349,texto
zika_2021,fato,zika,2021.0,ALRM_HIPOT,0,vazio
zika_2021,fato,zika,2021.0,ALRM_PLAQ,0,vazio
zika_2021,fato,zika,2021.0,ALRM_VOM,0,vazio
zika_2021,fato,zika,2021.0,ALRM_SANG,0,vazio
zika_2021,fato,zika,2021.0,ALRM_HEMAT,0,vazio
zika_2021,fato,zika,2021.0,ALRM_ABDOM,0,vazio
zika_2021,fato,zika,2021.0,ALRM_LETAR,0,vazio
zika_2021,fato,zika,2021.0,ALRM_HEPAT,0,vazio
zika_2021,fato,zika,2021.0,ALRM_LIQ,0,vazio
zika_2021,fato,zika,2021.0,DT_ALRM,0,vazio
zika_2021,fato,zika,2021.0,GRAV_PULSO,0,vazio
zika_2021,fato,zika,2021.0,GRAV_CONV,0,vazio
zika_2021,fato,zika,2021.0,GRAV_ENCH,0,vazio
zika_2021,fato,zika,2021.0,GRAV_INSUF,0,vazio
zika_2021,fato,zika,2021.0,GRAV_TAQUI,0,vazio
zika_2021,fato,zika,2021.0,GRAV_EXTRE,0,vazio
zika_2021,fato,zika,2021.0,GRAV_HIPOT,0,vazio
zika_2021,fato,zika,2021.0,GRAV_HEMAT,0,vazio
zika_2021,fato,zika,2021.0,GRAV_MELEN,0,vazio
zika_2021,fato,zika,2021.0,GRAV_METRO,0,vazio
zika_2021,fato,zika,2021.0,GRAV_SANG,0,vazio
zika_2021,fato,zika,2021.0,GRAV_AST,0,vazio
zika_2021,fato,zika,2021.0,GRAV_MIOC,0,vazio
zika_2021,fato,zika,2021.0,GRAV_CONSC,0,vazio
zika_2021,fato,zika,2021.0,GRAV_ORGAO,0,vazio
zika_2021,fato,zika,2021.0,DT_GRAV,0,vazio
zika_2021,fato,zika,2021.0,MANI_HEMOR,0,vazio
zika_2021,fato,zika,2021.0,EPISTAXE,0,vazio
zika_2021,fato,zika,2021.0,GENGIVO,0,vazio
zika_2021,fato,zika,2021.0,METRO,0,vazio
zika_2021,fato,zika,2021.0,PETEQUIAS,0,vazio
zika_2021,fato,zika,2021.0,HEMATURA,0,vazio
zika_2021,fato,zika,2021.0,SANGRAM,0,vazio
zika_2021,fato,zika,2021.0,LACO_N,0,vazio
zika_2021,fato,zika,2021.0,PLASMATICO,0,vazio
zika_2021,fato,zika,2021.0,EVIDENCIA,0,vazio
zika_2021,fato,zika,2021.0,PLAQ_MENOR,0,vazio
zika_2021,fato,zika,2021.0,CON_FHD,0,vazio
zika_2020,fato,zika,2020.0,nu_notificacao,248,inteiro
zika_2020,fato,zika,2020.0,tp_notificacao,1,inteiro
zika_2020,fato,zika,2020.0,co_cid,1,texto
zika_2020,fato,zika,2020.0,dt_notificacao,87,texto
zika_2020,fato,zika,2020.0,ds_semana_notificacao,33,inteiro
zika_2020,fato,zika,2020.0,ano_notificacao,1,inteiro
zika_2020,fato,zika,2020.0,co_uf_notificacao,1,inteiro
zika_2020,fato,zika,2020.0,co_municipio_notificacao,2,inteiro
zika_2020,fato,zika,2020.0,id_regional,1,inteiro
zika_2020,fato,zika,2020.0,co_unidade_notificacao,50,inteiro
zika_2020,fato,zika,2020.0,dt_diagnostico_sintoma,107,texto
zika_2020,fato,zika,2020.0,ds_semana_sintoma,37,inteiro
zika_2020,fato,zika,2020.0,dt_nascimento,226,texto
zika_2020,fato,zika,2020.0,nu_idade,69,inteiro
zika_2020,fato,zika,2020.0,tp_sexo,2,texto
zika_2020,fato,zika,2020.0,tp_gestante,7,inteiro
zika_2020,fato,zika,2020.0,tp_raca_cor,5,inteiro
zika_2020,fato,zika,2020.0,tp_escolaridade,9,inteiro
zika_2020,fato,zika,2020.0,co_uf_residencia,1,inteiro
zika_2020,fato,zika,2020.0,co_municipio_residencia,1,inteiro
zika_2020,fato,zika,2020.0,id_rg_residencia,1,inteiro
zika_2020,fato,zika,2020.0,co_distrito_residencia,8,inteiro
zika_2020,fato,zika,2020.0,co_bairro_residencia,51,inteiro
zika_2020,fato,zika,2020.0,no_bairro_residencia,52,texto
zika_2020,fato,zika,2020.0,co_logradouro_residencia,0,vazio
zika_2020,fato,zika,2020.0,nm_logradouro_residencia,201,texto
zika_2020,fato,zika,2020.0,nu_cep_residencia,11,inteiro
zika_2020,fato,zika,2020.0,tp_zona_residencia,1,inteiro
zika_2020,fato,zika,2020.0,co_pais_residencia,1,inteiro
zika_2020,fato,zika,2020.0,dt_investigacao,85,texto
zika_2020,fato,zika,2020.0,tp_classificacao_final,1,inteiro
zika_2020,fato,zika,2020.0,tp_criterio_confirmacao,2,inteiro
zika_2020,fato,zika,2020.0,tp_autoctone_residencia,1,inteiro
zika_2020,fato,zika,2020.0,co_uf_infeccao,0,vazio
zika_2020,fato,zika,2020.0,co_pais_infeccao,1,inteiro
zika_2020,fato,zika,2020.0,co_municipio_infeccao,0,vazio
zika_2020,fato,zika,2020.0,co_distrito_infeccao,0,vazio
zika_2020,fato,zika,2020.0,co_bairro_infeccao,1,inteiro
zika_2020,fato,zika,2020.0,no_bairro_infeccao,0,vazio
zika_2020,fato,zika,2020.0,st_doenca_trabalho,1,inteiro
zika_2020,fato,zika,2020.0,tp_evolucao_caso,2,inteiro
zika_2020,fato,zika,2020.0,dt_obito,2,texto
zika_2020,fato,zika,2020.0,dt_encerra,76,texto
zika_2019,fato,zika,2019.0,nu_notificacao,210,inteiro
zika_2019,fato,zika,2019.0,tp_notificacao,1,inteiro
zika_2019,fato,zika,2019.0,co_cid,1,texto
zika_2019,fato,zika,2019.0,dt_notificacao,136,texto
zika_2019,fato,zika,2019.0,ds_semana_notificacao,50,inteiro
zika_2019,fato,zika,2019.0,ano_notificacao,2,inteiro
zika_2019,fato,zika,2019.0,co_uf_notificacao,1,inteiro
zika_2019,fato,zika,2019.0,co_municipio_notificacao,1,inteiro
zika_2019,fato,zika,2019.0,id_regional,1,inteiro
zika_2019,fato,zika,2019.0,co_unidade_notificacao,40,inteiro
zika_2019,fato,zika,2019.0,dt_diagnostico_sintoma,141,texto
zika_2019,fato,zika,2019.0,ds_semana_sintoma,49,inteiro
zika_2019,fato,zika,2019.0,dt_nascimento,147,texto
zika_2019,fato,zika,2019.0,nu_idade,71,inteiro
zika_2019,fato,zika,2019.0,tp_sexo,2,texto
zika_2019,fato,zika,2019.0,tp_gestante,7,inteiro
zika_2019,fato,zika,2019.0,tp_raca_cor,5,inteiro
zika_2019,fato,zika,2019.0,tp_escolaridade,10,inteiro
zika_2019,fato,zika,2019.0,co_uf_residencia,1,inteiro
zika_2019,fato,zika,2019.0,co_municipio_residencia,1,inteiro
zika_2019,fato,zika,2019.0,id_rg_residencia,1,inteiro
zika_2019,fato,zika,2019.0,co_distrito_residencia,8,inteiro
zika_2019,fato,zika,2019.0,co_bairro_residencia,56,inteiro
zika_2019,fato,zika,2019.0,no_bairro_residencia,56,texto
zika_2019,fato,zika,2019.0,co_logradouro_residencia,0,vazio
zika_2019,fato,zika,2019.0,nm_logradouro_residencia,192,texto
zika_2019,fato,zika,2019.0,nu_cep_residencia,12,inteiro
zika_2019,fato,zika,2019.0,tp_zona_residencia,2,inteiro
zika_2019,fato,zika,2019.0,co_pais_residencia,1,inteiro
zika_2019,fato,zika,2019.0,dt_investigacao,131,texto
zika_2019,fato,zika,2019.0,tp_classificacao_final,3,inteiro
zika_2019,fato,zika,2019.0,tp_criterio_confirmacao,2,inteiro
zika_2019,fato,zika,2019.0,tp_autoctone_residencia,2,inteiro
zika_2019,fato,zika,2019.0,co_uf_infeccao,1,inteiro
zika_2019,fato,zika,2019.0,co_pais_infeccao,2,inteiro
zika_2019,fato,zika,2019.0,co_municipio_infeccao,1,inteiro
zika_2019,fato,zika,2019.0,co_distrito_infeccao,0,vazio
zika_2019,fato,zika,2019.0,co_bairro_infeccao,2,inteiro
zika_2019,fato,zika,2019.0,no_bairro_infeccao,1,texto
zika_2019,fato,zika,2019.0,st_doenca_trabalho,2,inteiro
zika_2019,fato,zika,2019.0,tp_evolucao_caso,2,inteiro
zika_2019,fato,zika,2019.0,dt_obito,4,texto
zika_2019,fato,zika,2019.0,dt_encerra,129,texto
zika_2018,fato,zika,2018.0,nu_notificacao,115,inteiro
zika_2018,fato,zika,2018.0,tp_notificacao,1,inteiro
zika_2018,fato,zika,2018.0,co_cid,1,texto
zika_2018,fato,zika,2018.0,dt_notificacao,84,texto
zika_2018,fato,zika,2018.0,ds_semana_notificacao,45,inteiro
zika_2018,fato,zika,2018.0,ano_notificacao,2,inteiro
zika_2018,fato,zika,2018.0,co_uf_notificacao,1,inteiro
zika_2018,fato,zika,2018.0,co_municipio_notificacao,1,inteiro
zika_2018,fato,zika,2018.0,id_regional,1,inteiro
zika_2018,fato,zika,2018.0,co_unidade_notificacao,33,inteiro
zika_2018,fato,zika,2018.0,dt_diagnostico_sintoma,93,texto
zika_2018,fato,zika,2018.0,ds_semana_sintoma,43,inteiro
zika_2018,fato,zika,2018.0,dt_nascimento,81,texto
zika_2018,fato,zika,2018.0,nu_idade,60,inteiro
zika_2018,fato,zika,2018.0,tp_sexo,2,texto
zika_2018,fato,zika,2018.0,tp_gestante,7,inteiro
zika_2018,fato,zika,2018.0,tp_raca_cor,4,inteiro
zika_2018,fato,zika,2018.0,tp_escolaridade,9,inteiro
zika_2018,fato,zika,2018.0,co_uf_residencia,1,inteiro
zika_2018,fato,zika,2018.0,co_municipio_residencia,1,inteiro
zika_2018,fato,zika,2018.0,id_rg_residencia,1,inteiro
zika_2018,fato,zika,2018.0,co_distrito_residencia,8,inteiro
zika_2018,fato,zika,2018.0,co_bairro_residencia,49,inteiro
zika_2018,fato,zika,2018.0,no_bairro_residencia,49,texto
zika_2018,fato,zika,2018.0,co_logradouro_residencia,0,vazio
zika_2018,fato,zika,2018.0,nm_logradouro_residencia,107,texto
zika_2018,fato,zika,2018.0,nu_cep_residencia,13,inteiro
zika_2018,fato,zika,2018.0,tp_zona_residencia,2,inteiro
zika_2018,fato,zika,2018.0,co_pais_residencia,1,inteiro
zika_2018,fato,zika,2018.0,dt_investigacao,84,texto
zika_2018,fato,zika,2018.0,tp_classificacao_final,3,inteiro
zika_2018,fato,zika,2018.0,tp_criterio_confirmacao,2,inteiro
zika_2018,fato,zika,2018.0,tp_autoctone_residencia,2,inteiro
zika_2018,fato,zika,2018.0,co_uf_infeccao,1,inteiro
zika_2018,fato,zika,2018.0,co_pais_infeccao,2,inteiro
zika_2018,fato,zika,2018.0,co_municipio_infeccao,1,inteiro
zika_2018,fato,zika,2018.0,co_distrito_infeccao,0,vazio
zika_2018,fato,zika,2018.0,co_bairro_infeccao,3,inteiro
zika_2018,fato,zika,2018.0,no_bairro_infeccao,2,texto
zika_2018,fato,zika,2018.0,st_doenca_trabalho,2,inteiro
zika_2018,fato,zika,2018.0,tp_evolucao_caso,3,inteiro
zika_2018,fato,zika,2018.0,dt_obito,1,texto
zika_2018,fato,zika,2018.0,dt_encerra,80,texto
zika_2017,fato,zika,2017.0,nu_notificacao,134,inteiro
zika_2017,fato,zika,2017.0,tp_notificacao,1,inteiro
zika_2017,fato,zika,2017.0,co_cid,1,texto
zika_2017,fato,zika,2017.0,dt_notificacao,79,texto
zika_2017,fato,zika,2017.0,ds_semana_notificacao,38,inteiro
zika_2017,fato,zika,2017.0,ano_notificacao,2,inteiro
zika_2017,fato,zika,2017.0,co_uf_notificacao,1,inteiro
zika_2017,fato,zika,2017.0,co_municipio_notificacao,1,inteiro
zika_2017,fato,zika,2017.0,id_regional,1,inteiro
zika_2017,fato,zika,2017.0,co_unidade_notificacao,29,inteiro
zika_2017,fato,zika,2017.0,dt_diagnostico_sintoma,93,texto
zika_2017,fato,zika,2017.0,ds_semana_sintoma,40,inteiro
zika_2017,fato,zika,2017.0,dt_nascimento,94,texto
zika_2017,fato,zika,2017.0,nu_idade,52,inteiro
zika_2017,fato,zika,2017.0,tp_sexo,3,texto
zika_2017,fato,zika,2017.0,tp_gestante,7,inteiro
zika_2017,fato,zika,2017.0,tp_raca_cor,4,inteiro
zika_2017,fato,zika,2017.0,tp_escolaridade,7,inteiro
zika_2017,fato,zika,2017.0,co_uf_residencia,1,inteiro
zika_2017,fato,zika,2017.0,co_municipio_residencia,1,inteiro
zika_2017,fato,zika,2017.0,id_rg_residencia,1,inteiro
zika_2017,fato,zika,2017.0,co_distrito_residencia,8,inteiro
zika_2017,fato,zika,2017.0,co_bairro_residencia,44,inteiro
zika_2017,fato,zika,2017.0,no_bairro_residencia,45,texto
zika_2017,fato,zika,2017.0,co_logradouro_residencia,0,vazio
zika_2017,fato,zika,2017.0,nm_logradouro_residencia,124,texto
zika_2017,fato,zika,2017.0,nu_cep_residencia,12,inteiro
zika_2017,fato,zika,2017.0,tp_zona_residencia,1,inteiro
zika_2017,fato,zika,2017.0,co_pais_residencia,1,inteiro
zika_2017,fato,zika,2017.0,dt_investigacao,83,texto
zika_2017,fato,zika,2017.0,tp_classificacao_final,2,inteiro
zika_2017,fato,zika,2017.0,tp_criterio_confirmacao,2,inteiro
zika_2017,fato,zika,2017.0,tp_autoctone_residencia,2,inteiro
zika_2017,fato,zika,2017.0,co_uf_infeccao,1,inteiro
zika_2017,fato,zika,2017.0,co_pais_infeccao,2,inteiro
zika_2017,fato,zika,2017.0,co_municipio_infeccao,1,inteiro
zika_2017,fato,zika,2017.0,co_distrito_infeccao,0,vazio
zika_2017,fato,zika,2017.0,co_bairro_infeccao,3,inteiro
zika_2017,fato,zika,2017.0,no_bairro_infeccao,2,texto
zika_2017,fato,zika,2017.0,st_doenca_trabalho,2,inteiro
zika_2017,fato,zika,2017.0,tp_evolucao_caso,3,inteiro
zika_2017,fato,zika,2017.0,dt_obito,3,texto
zika_2017,fato,zika,2017.0,dt_encerra,82,texto
zika_2016,fato,zika,2016.0,nu_notificacao,4241,inteiro
zika_2016,fato,zika,2016.0,tp_notificacao,1,inteiro
zika_2016,fato,zika,2016.0,co_cid,1,texto
zika_2016,fato,zika,2016.0,dt_notificacao,288,texto
zika_2016,fato,zika,2016.0,ds_semana_notificacao,66,inteiro
zika_2016,fato,zika,2016.0,ano_notificacao,4,inteiro
zika_2016,fato,zika,2016.0,co_uf_notificacao,1,inteiro
zika_2016,fato,zika,2016.0,co_municipio_notificacao,9,inteiro
zika_2016,fato,zika,2016.0,id_regional,2,inteiro
zika_2016,fato,zika,2016.0,co_unidade_notificacao,94,inteiro
zika_2016,fato,zika,2016.0,dt_diagnostico_sintoma,297,texto
zika_2016,fato,zika,2016.0,ds_semana_sintoma,53,inteiro
zika_2016,fato,zika,2016.0,dt_nascimento,337,texto
zika_2016,fato,zika,2016.0,nu_idade,130,inteiro
zika_2016,fato,zika,2016.0,tp_sexo,3,texto
zika_2016,fato,zika,2016.0,tp_gestante,7,inteiro
zika_2016,fato,zika,2016.0,tp_raca_cor,6,inteiro
zika_2016,fato,zika,2016.0,tp_escolaridade,10,inteiro
zika_2016,fato,zika,2016.0,co_uf_residencia,1,inteiro
zika_2016,fato,zika,2016.0,co_municipio_residencia,1,inteiro
zika_2016,fato,zika,2016.0,id_rg_residencia,1,inteiro
zika_2016,fato,zika,2016.0,co_distrito_residencia,8,inteiro
zika_2016,fato,zika,2016.0,co_bairro_residencia,95,inteiro
zika_2016,fato,zika,2016.0,no_bairro_residencia,97,texto
zika_2016,fato,zika,2016.0,co_logradouro_residencia,0,vazio
zika_2016,fato,zika,2016.0,nm_logradouro_residencia,3036,texto
zika_2016,fato,zika,2016.0,nu_cep_residencia,80,inteiro
zika_2016,fato,zika,2016.0,tp_zona_residencia,4,inteiro
zika_2016,fato,zika,2016.0,co_pais_residencia,1,inteiro
zika_2016,fato,zika,2016.0,dt_investigacao,310,texto
zika_2016,fato,zika,2016.0,tp_classificacao_final,3,inteiro
zika_2016,fato,zika,2016.0,tp_criterio_confirmacao,2,inteiro
zika_2016,fato,zika,2016.0,tp_autoctone_residencia,3,inteiro
zika_2016,fato,zika,2016.0,co_uf_infeccao,1,inteiro
zika_2016,fato,zika,2016.0,co_pais_infeccao,2,inteiro
zika_2016,fato,zika,2016.0,co_municipio_infeccao,1,inteiro
zika_2016,fato,zika,2016.0,co_distrito_infeccao,0,vazio
zika_2016,fato,zika,2016.0,co_bairro_infeccao,10,inteiro
zika_2016,fato,zika,2016.0,no_bairro_infeccao,9,texto
zika_2016,fato,zika,2016.0,st_doenca_trabalho,2,inteiro
zika_2016,fato,zika,2016.0,tp_evolucao_caso,4,inteiro
zika_2016,fato,zika,2016.0,dt_obito,9,texto
zika_2016,fato,zika,2016.0,dt_encerra,407,texto
zika_2015,fato,zika,2015.0,nu_notificacao,446,inteiro
zika_2015,fato,zika,2015.0,tp_notificacao,1,inteiro
zika_2015,fato,zika,2015.0,co_cid,1,texto
zika_2015,fato,zika,2015.0,dt_notificacao,93,texto
zika_2015,fato,zika,2015.0,ds_semana_notificacao,36,inteiro
zika_2015,fato,zika,2015.0,ano_notificacao,3,inteiro
zika_2015,fato,zika,2015.0,co_uf_notificacao,1,inteiro
zika_2015,fato,zika,2015.0,co_municipio_notificacao,1,inteiro
zika_2015,fato,zika,2015.0,id_regional,1,inteiro
zika_2015,fato,zika,2015.0,co_unidade_notificacao,44,inteiro
zika_2015,fato,zika,2015.0,dt_diagnostico_sintoma,77,texto
zika_2015,fato,zika,2015.0,ds_semana_sintoma,25,inteiro
zika_2015,fato,zika,2015.0,dt_nascimento,116,texto
zika_2015,fato,zika,2015.0,nu_idade,98,inteiro
zika_2015,fato,zika,2015.0,tp_sexo,3,texto
zika_2015,fato,zika,2015.0,tp_gestante,7,inteiro
zika_2015,fato,zika,2015.0,tp_raca_cor,4,inteiro
zika_2015,fato,zika,2015.0,tp_escolaridade,7,inteiro
zika_2015,fato,zika,2015.0,co_uf_residencia,1,inteiro
zika_2015,fato,zika,2015.0,co_municipio_residencia,1,inteiro
zika_2015,fato,zika,2015.0,id_rg_residencia,1,inteiro
zika_2015,fato,zika,2015.0,co_distrito_residencia,8,inteiro
zika_2015,fato,zika,2015.0,co_bairro_residencia,90,inteiro
zika_2015,fato,zika,2015.0,no_bairro_residencia,69,texto
zika_2015,fato,zika,2015.0,co_logradouro_residencia,0,vazio
zika_2015,fato,zika,2015.0,nm_logradouro_residencia,394,texto
zika_2015,fato,zika,2015.0,nu_cep_residencia,2,inteiro
zika_2015,fato,zika,2015.0,tp_zona_residencia,3,inteiro
zika_2015,fato,zika,2015.0,co_pais_residencia,1,inteiro
zika_2015,fato,zika,2015.0,dt_investigacao,96,texto
zika_2015,fato,zika,2015.0,tp_classificacao_final,3,inteiro
zika_2015,fato,zika,2015.0,tp_criterio_confirmacao,2,inteiro
zika_2015,fato,zika,2015.0,tp_autoctone_residencia,2,inteiro
zika_2015,fato,zika,2015.0,co_uf_infeccao,1,inteiro
zika_2015,fato,zika,2015.0,co_pais_infeccao,2,inteiro
zika_2015,fato,zika,2015.0,co_municipio_infeccao,1,inteiro
zika_2015,fato,zika,2015.0,co_distrito_infeccao,0,vazio
zika_2015,fato,zika,2015.0,co_bairro_infeccao,5,inteiro
zika_2015,fato,zika,2015.0,no_bairro_infeccao,4,texto
zika_2015,fato,zika,2015.0,st_doenca_trabalho,2,inteiro
zika_2015,fato,zika,2015.0,tp_evolucao_caso,2,inteiro
zika_2015,fato,zika,2015.0,dt_obito,0,vazio
zika_2015,fato,zika,2015.0,dt_encerra,150,texto
dengue_2025,fato,dengue,2025.0,NU_NOTIFIC,9185,inteiro
dengue_2025,fato,dengue,2025.0,TP_NOT,1,inteiro
dengue_2025,fato,dengue,2025.0,ID_AGRAVO,1,texto
dengue_2025,fato,dengue,2025.0,DT_NOTIFIC,360,data
dengue_2025,fato,dengue,2025.0,SEM_NOT,53,inteiro
dengue_2025,fato,dengue,2025.0,NU_ANO,1,inteiro
dengue_2025,fato,dengue,2025.0,SG_UF_NOT,12,inteiro
dengue_2025,fato,dengue,2025.0,ID_MUNICIP,45,inteiro
dengue_2025,fato,dengue,2025.0,ID_REGIONA,29,inteiro
dengue_2025,fato,dengue,2025.0,ID_UNIDADE,236,inteiro
dengue_2025,fato,dengue,2025.0,DT_SIN_PRI,429,data
dengue_2025,fato,dengue,2025.0,SEM_PRI,96,inteiro
dengue_2025,fato,dengue,2025.0,DT_NASC,7251,data
dengue_2025,fato,dengue,2025.0,NU_IDADE_N,113,inteiro
dengue_2025,fato,dengue,2025.0,CS_SEXO,3,texto
dengue_2025,fato,dengue,2025.0,CS_GESTANT,7,inteiro
dengue_2025,fato,dengue,2025.0,CS_RACA,6,inteiro
dengue_2025,fato,dengue,2025.0,CS_ESCOL_N,11,inteiro
dengue_2025,fato,dengue,2025.0,SG_UF,1,inteiro
dengue_2025,fato,dengue,2025.0,ID_MN_RESI,1,inteiro
dengue_2025,fato,dengue,2025.0,ID_RG_RESI,1,inteiro
dengue_2025,fato,dengue,2025.0,ID_DISTRIT,8,inteiro
dengue_2025,fato,dengue,2025.0,ID_BAIRRO,93,inteiro
dengue_2025,fato,dengue,2025.0,NM_BAIRRO,115,texto
dengue_2025,fato,dengue,2025.0,ID_LOGRADO,0,vazio
dengue_2025,fato,dengue,2025.0,NM_LOGRADO,5834,texto
dengue_2025,fato,dengue,2025.0,NU_CEP,3392,inteiro
dengue_2025,fato,dengue,2025.0,ID_PAIS,1,inteiro
dengue_2025,fato,dengue,2025.0,DT_INVEST,361,inteiro
dengue_2025,fato,dengue,2025.0,ID_OCUPA_N,45,texto
dengue_2025,fato,dengue,2025.0,FEBRE,2,inteiro
dengue_2025,fato,dengue,2025.0,MIALGIA,2,inteiro
dengue_2025,fato,dengue,2025.0,CEFALEIA,2,inteiro
dengue_2025,fato,dengue,2025.0,EXANTEMA,2,inteiro
dengue_2025,fato,dengue,2025.0,VOMITO,2,inteiro
dengue_2025,fato,dengue,2025.0,NAUSEA,2,inteiro
dengue_2025,fato,dengue,2025.0,DOR_COSTAS,2,inteiro
dengue_2025,fato,dengue,2025.0,CONJUNTVIT,2,inteiro
dengue_2025,fato,dengue,2025.0,ARTRITE,2,inteiro
dengue_2025,fato,dengue,2025.0,ARTRALGIA,2,inteiro
dengue_2025,fato,dengue,2025.0,PETEQUIA_N,2,inteiro
dengue_2025,fato,dengue,2025.0,LEUCOPENIA,2,inteiro
dengue_2025,fato,dengue,2025.0,LACO,2,inteiro
dengue_2025,fato,dengue,2025.0,DOR_RETRO,2,inteiro
dengue_2025,fato,dengue,2025.0,DIABETES,2,inteiro
dengue_2025,fato,dengue,2025.0,HEMATOLOG,2,inteiro
dengue_2025,fato,dengue,2025.0,HEPATOPAT,2,inteiro
dengue_2025,fato,dengue,2025.0,RENAL,2,inteiro
dengue_2025,fato,dengue,2025.0,HIPERTENSA,2,inteiro
dengue_2025,fato,dengue,2025.0,ACIDO_PEPT,2,inteiro
dengue_2025,fato,dengue,2025.0,AUTO_IMUNE,2,inteiro
dengue_2025,fato,dengue,2025.0,DT_CHIK_S1,37,inteiro
dengue_2025,fato,dengue,2025.0,DT_CHIK_S2,0,vazio
dengue_2025,fato,dengue,2025.0,DT_PRNT,14,inteiro
dengue_2025,fato,dengue,2025.0,RES_CHIKS1,3,inteiro
dengue_2025,fato,dengue,2025.0,RES_CHIKS2,2,inteiro
dengue_2025,fato,dengue,2025.0,RESUL_PRNT,2,inteiro
dengue_2025,fato,dengue,2025.0,DT_SORO,266,inteiro
dengue_2025,fato,dengue,2025.0,RESUL_SORO,4,inteiro
dengue_2025,fato,dengue,2025.0,DT_NS1,279,inteiro
dengue_2025,fato,dengue,2025.0,RESUL_NS1,4,inteiro
dengue_2025,fato,dengue,2025.0,DT_VIRAL,12,inteiro
dengue_2025,fato,dengue,2025.0,RESUL_VI_N,3,inteiro
dengue_2025,fato,dengue,2025.0,DT_PCR,240,inteiro
dengue_2025,fato,dengue,2025.0,RESUL_PCR_,4,inteiro
dengue_2025,fato,dengue,2025.0,SOROTIPO,3,inteiro
dengue_2025,fato,dengue,2025.0,HISTOPA_N,3,inteiro
dengue_2025,fato,dengue,2025.0,IMUNOH_N,3,inteiro
dengue_2025,fato,dengue,2025.0,HOSPITALIZ,3,inteiro
dengue_2025,fato,dengue,2025.0,DT_INTERNA,268,inteiro
dengue_2025,fato,dengue,2025.0,UF,3,inteiro
dengue_2025,fato,dengue,2025.0,MUNICIPIO,7,inteiro
dengue_2025,fato,dengue,2025.0,HOSPITAL,52,inteiro
dengue_2025,fato,dengue,2025.0,DDD_HOSP,2,inteiro
dengue_2025,fato,dengue,2025.0,TEL_HOSP,65,inteiro
dengue_2025,fato,dengue,2025.0,TPAUTOCTO,3,inteiro
dengue_2025,fato,dengue,2025.0,COUFINF,1,inteiro
dengue_2025,fato,dengue,2025.0,COPAISINF,1,inteiro
dengue_2025,fato,dengue,2025.0,COMUNINF,1,inteiro
dengue_2025,fato,dengue,2025.0,CODISINF,6,inteiro
dengue_2025,fato,dengue,2025.0,CO_BAINF,57,inteiro
dengue_2025,fato,dengue,2025.0,NOBAIINF,59,texto
dengue_2025,fato,dengue,2025.0,CLASSI_FIN,5,inteiro
dengue_2025,fato,dengue,2025.0,CRITERIO,3,inteiro
dengue_2025,fato,dengue,2025.0,DOENCA_TRA,0,vazio
dengue_2025,fato,dengue,2025.0,CLINC_CHIK,1,inteiro
dengue_2025,fato,dengue,2025.0,EVOLUCAO,5,inteiro
dengue_2025,fato,dengue,2025.0,DT_OBITO,30,inteiro
dengue_2025,fato,dengue,2025.0,DT_ENCERRA,309,inteiro
dengue_2025,fato,dengue,2025.0,ALRM_HIPOT,2,inteiro
dengue_2025,fato,dengue,2025.0,ALRM_PLAQ,2,inteiro
dengue_2025,fato,dengue,2025.0,ALRM_VOM,2,inteiro
dengue_2025,fato,dengue,2025.0,ALRM_SANG,2,inteiro
dengue_2025,fato,dengue,2025.0,ALRM_HEMAT,2,inteiro
dengue_2025,fato,dengue,2025.0,ALRM_ABDOM,2,inteiro
dengue_2025,fato,dengue,2025.0,ALRM_LETAR,2,inteiro
dengue_2025,fato,dengue,2025.0,ALRM_HEPAT,1,inteiro
dengue_2025,fato,dengue,2025.0,ALRM_LIQ,2,inteiro
dengue_2025,fato,dengue,2025.0,DT_ALRM,110,inteiro
dengue_2025,fato,dengue,2025.0,GRAV_PULSO,1,inteiro
dengue_2025,fato,dengue,2025.0,GRAV_CONV,1,inteiro
dengue_2025,fato,dengue,2025.0,GRAV_ENCH,1,inteiro
dengue_2025,fato,dengue,2025.0,GRAV_INSUF,2,inteiro
dengue_2025,fato,dengue,2025.0,GRAV_TAQUI,2,inteiro
dengue_2025,fato,dengue,2025.0,GRAV_EXTRE,2,inteiro
dengue_2025,fato,dengue,2025.0,GRAV_HIPOT,2,inteiro
dengue_2025,fato,dengue,2025.0,GRAV_HEMAT,2,inteiro
dengue_2025,fato,dengue,2025.0,GRAV_MELEN,1,inteiro
dengue_2025,fato,dengue,2025.0,GRAV_METRO,1,inteiro
dengue_2025,fato,dengue,2025.0,GRAV_SANG,1,inteiro
dengue_2025,fato,dengue,2025.0,GRAV_AST,2,inteiro
dengue_2025,fato,dengue,2025.0,GRAV_MIOC,1,inteiro
dengue_2025,fato,dengue,2025.0,GRAV_CONSC,2,inteiro
dengue_2025,fato,dengue,2025.0,GRAV_ORGAO,1,inteiro
dengue_2025,fato,dengue,2025.0,DT_GRAV,10,inteiro
dengue_2025,fato,dengue,2025.0,MANI_HEMOR,0,vazio
dengue_2025,fato,dengue,2025.0,EPISTAXE,0,vazio
dengue_2025,fato,dengue,2025.0,GENGIVO,0,vazio
dengue_2025,fato,dengue,2025.0,METRO,0,vazio
dengue_2025,fato,dengue,2025.0,PETEQUIAS,0,vazio
dengue_2025,fato,dengue,2025.0,HEMATURA,0,vazio
dengue_2025,fato,dengue,2025.0,SANGRAM,0,vazio
dengue_2025,fato,dengue,2025.0,LACO_N,0,vazio
dengue_2025,fato,dengue,2025.0,PLASMATICO,0,vazio
dengue_2025,fato,dengue,2025.0,EVIDENCIA,0,vazio
dengue_2025,fato,dengue,2025.0,PLAQ_MENOR,0,vazio
dengue_2025,fato,dengue,2025.0,CON_FHD,0,vazio
dengue_2025,fato,dengue,2025.0,COMPLICA,0,vazio
dengue_2025,fato,dengue,2025.0,NU_LOTE_I,0,vazio
dengue_2025,fato,dengue,2025.0,DS_OBS,2026,texto
dengue_2024,fato,dengue,2024.0,NU_NOTIFIC,10455,inteiro
dengue_2024,fato,dengue,2024.0,TP_NOT,1,inteiro
dengue_2024,fato,dengue,2024.0,ID_AGRAVO,1,texto
dengue_2024,fato,dengue,2024.0,DT_NOTIFIC,350,data
dengue_2024,fato,dengue,2024.0,SEM_NOT,53,inteiro
dengue_2024,fato,dengue,2024.0,NU_ANO,1,inteiro
dengue_2024,fato,dengue,2024.0,SG_UF_NOT,18,inteiro
dengue_2024,fato,dengue,2024.0,ID_MUNICIP,64,inteiro
dengue_2024,fato,dengue,2024.0,ID_REGIONA,40,inteiro
dengue_2024,fato,dengue,2024.0,ID_UNIDADE,272,inteiro
dengue_2024,fato,dengue,2024.0,DT_SIN_PRI,413,data
dengue_2024,fato,dengue,2024.0,SEM_PRI,85,inteiro
dengue_2024,fato,dengue,2024.0,DT_NASC,8260,data
dengue_2024,fato,dengue,2024.0,NU_IDADE_N,125,inteiro
dengue_2024,fato,dengue,2024.0,CS_SEXO,3,texto
dengue_2024,fato,dengue,2024.0,CS_GESTANT,7,inteiro
dengue_2024,fato,dengue,2024.0,CS_RACA,6,inteiro
dengue_2024,fato,dengue,2024.0,CS_ESCOL_N,11,inteiro
dengue_2024,fato,dengue,2024.0,SG_UF,1,inteiro
dengue_2024,fato,dengue,2024.0,ID_MN_RESI,1,inteiro
dengue_2024,fato,dengue,2024.0,ID_RG_RESI,1,inteiro
dengue_2024,fato,dengue,2024.0,ID_DISTRIT,8,inteiro
dengue_2024,fato,dengue,2024.0,ID_BAIRRO,93,inteiro
dengue_2024,fato,dengue,2024.0,NM_BAIRRO,93,texto
dengue_2024,fato,dengue,2024.0,ID_LOGRADO,0,vazio
dengue_2024,fato,dengue,2024.0,NM_LOGRADO,6812,texto
dengue_2024,fato,dengue,2024.0,NU_CEP,3268,inteiro
dengue_2024,fato,dengue,2024.0,ID_PAIS,1,inteiro
dengue_2024,fato,dengue,2024.0,DT_INVEST,357,inteiro
dengue_2024,fato,dengue,2024.0,ID_OCUPA_N,81,texto
dengue_2024,fato,dengue,2024.0,FEBRE,2,inteiro
dengue_2024,fato,dengue,2024.0,MIALGIA,2,inteiro
dengue_2024,fato,dengue,2024.0,CEFALEIA,2,inteiro
dengue_2024,fato,dengue,2024.0,EXANTEMA,2,inteiro
dengue_2024,fato,dengue,2024.0,VOMITO,2,inteiro
dengue_2024,fato,dengue,2024.0,NAUSEA,2,inteiro
dengue_2024,fato,dengue,2024.0,DOR_COSTAS,2,inteiro
dengue_2024,fato,dengue,2024.0,CONJUNTVIT,2,inteiro
dengue_2024,fato,dengue,2024.0,ARTRITE,2,inteiro
dengue_2024,fato,dengue,2024.0,ARTRALGIA,2,inteiro
dengue_2024,fato,dengue,2024.0,PETEQUIA_N,2,inteiro
dengue_2024,fato,dengue,2024.0,LEUCOPENIA,2,inteiro
dengue_2024,fato,dengue,2024.0,LACO,2,inteiro
dengue_2024,fato,dengue,2024.0,DOR_RETRO,2,inteiro
dengue_2024,fato,dengue,2024.0,DIABETES,2,inteiro
dengue_2024,fato,dengue,2024.0,HEMATOLOG,2,inteiro
dengue_2024,fato,dengue,2024.0,HEPATOPAT,2,inteiro
dengue_2024,fato,dengue,2024.0,RENAL,2,inteiro
dengue_2024,fato,dengue,2024.0,HIPERTENSA,2,inteiro
dengue_2024,fato,dengue,2024.0,ACIDO_PEPT,2,inteiro
dengue_2024,fato,dengue,2024.0,AUTO_IMUNE,2,inteiro
dengue_2024,fato,dengue,2024.0,DT_CHIK_S1,46,inteiro
dengue_2024,fato,dengue,2024.0,DT_CHIK_S2,0,vazio
dengue_2024,fato,dengue,2024.0,DT_PRNT,4,inteiro
dengue_2024,fato,dengue,2024.0,RES_CHIKS1,3,inteiro
dengue_2024,fato,dengue,2024.0,RES_CHIKS2,3,inteiro
dengue_2024,fato,dengue,2024.0,RESUL_PRNT,1,inteiro
dengue_2024,fato,dengue,2024.0,DT_SORO,227,inteiro
dengue_2024,fato,dengue,2024.0,RESUL_SORO,4,inteiro
dengue_2024,fato,dengue,2024.0,DT_NS1,194,inteiro
dengue_2024,fato,dengue,2024.0,RESUL_NS1,4,inteiro
dengue_2024,fato,dengue,2024.0,DT_VIRAL,6,inteiro
dengue_2024,fato,dengue,2024.0,RESUL_VI_N,3,inteiro
dengue_2024,fato,dengue,2024.0,DT_PCR,127,inteiro
dengue_2024,fato,dengue,2024.0,RESUL_PCR_,4,inteiro
dengue_2024,fato,dengue,2024.0,SOROTIPO,2,inteiro
dengue_2024,fato,dengue,2024.0,HISTOPA_N,3,inteiro
dengue_2024,fato,dengue,2024.0,IMUNOH_N,4,inteiro
dengue_2024,fato,dengue,2024.0,HOSPITALIZ,3,inteiro
dengue_2024,fato,dengue,2024.0,DT_INTERNA,222,inteiro
dengue_2024,fato,dengue,2024.0,UF,3,inteiro
dengue_2024,fato,dengue,2024.0,MUNICIPIO,6,inteiro
dengue_2024,fato,dengue,2024.0,HOSPITAL,38,inteiro
dengue_2024,fato,dengue,2024.0,DDD_HOSP,1,inteiro
dengue_2024,fato,dengue,2024.0,TEL_HOSP,43,inteiro
dengue_2024,fato,dengue,2024.0,TPAUTOCTO,3,inteiro
dengue_2024,fato,dengue,2024.0,COUFINF,1,inteiro
dengue_2024,fato,dengue,2024.0,COPAISINF,1,inteiro
dengue_2024,fato,dengue,2024.0,COMUNINF,1,inteiro
dengue_2024,fato,dengue,2024.0,CODISINF,5,inteiro
dengue_2024,fato,dengue,2024.0,CO_BAINF,28,inteiro
dengue_2024,fato,dengue,2024.0,NOBAIINF,28,texto
dengue_2024,fato,dengue,2024.0,CLASSI_FIN,3,inteiro
dengue_2024,fato,dengue,2024.0,CRITERIO,3,inteiro
dengue_2024,fato,dengue,2024.0,DOENCA_TRA,0,vazio
dengue_2024,fato,dengue,2024.0,CLINC_CHIK,2,inteiro
dengue_2024,fato,dengue,2024.0,EVOLUCAO,3,inteiro
dengue_2024,fato,dengue,2024.0,DT_OBITO,19,inteiro
dengue_2024,fato,dengue,2024.0,DT_ENCERRA,361,inteiro
dengue_2024,fato,dengue,2024.0,ALRM_HIPOT,2,inteiro
dengue_2024,fato,dengue,2024.0,ALRM_PLAQ,2,inteiro
dengue_2024,fato,dengue,2024.0,ALRM_VOM,2,inteiro
dengue_2024,fato,dengue,2024.0,ALRM_SANG,2,inteiro
dengue_2024,fato,dengue,2024.0,ALRM_HEMAT,2,inteiro
dengue_2024,fato,dengue,2024.0,ALRM_ABDOM,2,inteiro
dengue_2024,fato,dengue,2024.0,ALRM_LETAR,2,inteiro
dengue_2024,fato,dengue,2024.0,ALRM_HEPAT,2,inteiro
dengue_2024,fato,dengue,2024.0,ALRM_LIQ,2,inteiro
dengue_2024,fato,dengue,2024.0,DT_ALRM,105,inteiro
dengue_2024,fato,dengue,2024.0,GRAV_PULSO,1,inteiro
dengue_2024,fato,dengue,2024.0,GRAV_CONV,1,inteiro
dengue_2024,fato,dengue,2024.0,GRAV_ENCH,2,inteiro
dengue_2024,fato,dengue,2024.0,GRAV_INSUF,2,inteiro
dengue_2024,fato,dengue,2024.0,GRAV_TAQUI,2,inteiro
dengue_2024,fato,dengue,2024.0,GRAV_EXTRE,1,inteiro
dengue_2024,fato,dengue,2024.0,GRAV_HIPOT,2,inteiro
dengue_2024,fato,dengue,2024.0,GRAV_HEMAT,2,inteiro
dengue_2024,fato,dengue,2024.0,GRAV_MELEN,2,inteiro
dengue_2024,fato,dengue,2024.0,GRAV_METRO,1,inteiro
dengue_2024,fato,dengue,2024.0,GRAV_SANG,1,inteiro
dengue_2024,fato,dengue,2024.0,GRAV_AST,1,inteiro
dengue_2024,fato,dengue,2024.0,GRAV_MIOC,1,inteiro
dengue_2024,fato,dengue,2024.0,GRAV_CONSC,2,inteiro
dengue_2024,fato,dengue,2024.0,GRAV_ORGAO,2,inteiro
dengue_2024,fato,dengue,2024.0,DT_GRAV,8,inteiro
dengue_2024,fato,dengue,2024.0,MANI_HEMOR,0,vazio
dengue_2024,fato,dengue,2024.0,EPISTAXE,0,vazio
dengue_2024,fato,dengue,2024.0,GENGIVO,0,vazio
dengue_2024,fato,dengue,2024.0,METRO,0,vazio
dengue_2024,fato,dengue,2024.0,PETEQUIAS,0,vazio
dengue_2024,fato,dengue,2024.0,HEMATURA,0,vazio
dengue_2024,fato,dengue,2024.0,SANGRAM,0,vazio
dengue_2024,fato,dengue,2024.0,LACO_N,0,vazio
dengue_2024,fato,dengue,2024.0,PLASMATICO,0,vazio
dengue_2024,fato,dengue,2024.0,EVIDENCIA,0,vazio
dengue_2024,fato,dengue,2024.0,PLAQ_MENOR,0,vazio
dengue_2024,fato,dengue,2024.0,CON_FHD,0,vazio
dengue_2024,fato,dengue,2024.0,COMPLICA,0,vazio
dengue_2024,fato,dengue,2024.0,NU_LOTE_I,0,vazio
dengue_2024,fato,dengue,2024.0,DS_OBS,2212,texto
dengue_2023,fato,dengue,2023.0,nu_notific,3510,inteiro
dengue_2023,fato,dengue,2023.0,tp_not,2,texto
dengue_2023,fato,dengue,2023.0,id_agravo,1,texto
dengue_2023,fato,dengue,2023.0,dt_notific,342,texto
dengue_2023,fato,dengue,2023.0,sem_not,53,texto
dengue_2023,fato,dengue,2023.0,nu_ano,2,texto
dengue_2023,fato,dengue,2023.0,sg_uf_not,16,texto
dengue_2023,fato,dengue,2023.0,id_municip,32,texto
dengue_2023,fato,dengue,2023.0,id_regiona,21,decimal
dengue_2023,fato,dengue,2023.0,id_unidade,134,texto
dengue_2023,fato,dengue,2023.0,dt_sin_pri,401,texto
dengue_2023,fato,dengue,2023.0,sem_pri,71,texto
dengue_2023,fato,dengue,2023.0,dt_nasc,3143,texto
dengue_2023,fato,dengue,2023.0,nu_idade_n,108,texto
dengue_2023,fato,dengue,2023.0,cs_sexo,3,texto
dengue_2023,fato,dengue,2023.0,cs_gestant,8,texto
dengue_2023,fato,dengue,2023.0,cs_raca,7,texto
dengue_2023,fato,dengue,2023.0,cs_escol_n,11,decimal
dengue_2023,fato,dengue,2023.0,sg_uf,2,texto
dengue_2023,fato,dengue,2023.0,id_mn_resi,2,texto
dengue_2023,fato,dengue,2023.0,id_rg_resi,2,texto
dengue_2023,fato,dengue,2023.0,id_distrit,8,decimal
dengue_2023,fato,dengue,2023.0,id_bairro,92,decimal
dengue_2023,fato,dengue,2023.0,nm_bairro,92,texto
dengue_2023,fato,dengue,2023.0,id_logrado,0,vazio
dengue_2023,fato,dengue,2023.0,nm_logrado,2732,texto
dengue_2023,fato,dengue,2023.0,nu_cep,1673,decimal
dengue_2023,fato,dengue,2023.0,id_pais,2,texto
dengue_2023,fato,dengue,2023.0,dt_invest,342,texto
dengue_2023,fato,dengue,2023.0,id_ocupa_n,36,texto
dengue_2023,fato,dengue,2023.0,febre,2,decimal
dengue_2023,fato,dengue,2023.0,mialgia,2,decimal
dengue_2023,fato,dengue,2023.0,cefaleia,2,decimal
dengue_2023,fato,dengue,2023.0,exantema,2,decimal
dengue_2023,fato,dengue,2023.0,vomito,2,decimal
dengue_2023,fato,dengue,2023.0,nausea,2,decimal
dengue_2023,fato,dengue,2023.0,dor_costas,2,decimal
dengue_2023,fato,dengue,2023.0,conjuntvit,2,decimal
dengue_2023,fato,dengue,2023.0,artrite,2,decimal
dengue_2023,fato,dengue,2023.0,artralgia,2,decimal
dengue_2023,fato,dengue,2023.0,petequia_n,2,decimal
dengue_2023,fato,dengue,2023.0,leucopenia,2,decimal
dengue_2023,fato,dengue,2023.0,laco,2,decimal
dengue_2023,fato,dengue,2023.0,dor_retro,2,decimal
dengue_2023,fato,dengue,2023.0,diabetes,2,decimal
dengue_2023,fato,dengue,2023.0,hematolog,2,decimal
dengue_2023,fato,dengue,2023.0,hepatopat,2,decimal
dengue_2023,fato,dengue,2023.0,renal,2,decimal
dengue_2023,fato,dengue,2023.0,hipertensa,2,decimal
dengue_2023,fato,dengue,2023.0,acido_pept,2,decimal
dengue_2023,fato,dengue,2023.0,auto_imune,2,decimal
dengue_2023,fato,dengue,2023.0,dt_chik_s1,28,texto
dengue_2023,fato,dengue,2023.0,dt_chik_s2,0,vazio
dengue_2023,fato,dengue,2023.0,dt_prnt,1,texto
dengue_2023,fato,dengue,2023.0,res_chiks1,3,decimal
dengue_2023,fato,dengue,2023.0,res_chiks2,2,decimal
dengue_2023,fato,dengue,2023.0,resul_prnt,2,decimal
dengue_2023,fato,dengue,2023.0,dt_soro,159,texto
dengue_2023,fato,dengue,2023.0,resul_soro,4,decimal
dengue_2023,fato,dengue,2023.0,dt_ns1,38,texto
dengue_2023,fato,dengue,2023.0,resul_ns1,4,decimal
dengue_2023,fato,dengue,2023.0,dt_viral,4,texto
dengue_2023,fato,dengue,2023.0,resul_vi_n,3,decimal
dengue_2023,fato,dengue,2023.0,dt_pcr,33,texto
dengue_2023,fato,dengue,2023.0,resul_pcr_,3,decimal
dengue_2023,fato,dengue,2023.0,sorotipo,0,vazio
dengue_2023,fato,dengue,2023.0,histopa_n,2,decimal
dengue_2023,fato,dengue,2023.0,imunoh_n,3,decimal
dengue_2023,fato,dengue,2023.0,hospitaliz,3,decimal
dengue_2023,fato,dengue,2023.0,dt_interna,128,texto
dengue_2023,fato,dengue,2023.0,uf,2,decimal
dengue_2023,fato,dengue,2023.0,municipio,4,decimal
dengue_2023,fato,dengue,2023.0,hospital,34,decimal
dengue_2023,fato,dengue,2023.0,ddd_hosp,2,decimal
dengue_2023,fato,dengue,2023.0,tel_hosp,28,decimal
dengue_2023,fato,dengue,2023.0,tpautocto,3,decimal
dengue_2023,fato,dengue,2023.0,coufinf,1,decimal
dengue_2023,fato,dengue,2023.0,copaisinf,1,decimal
dengue_2023,fato,dengue,2023.0,comuninf,1,decimal
dengue_2023,fato,dengue,2023.0,codisinf,8,decimal
dengue_2023,fato,dengue,2023.0,co_bainf,31,decimal
dengue_2023,fato,dengue,2023.0,nobaiinf,33,texto
dengue_2023,fato,dengue,2023.0,classi_fin,5,decimal
dengue_2023,fato,dengue,2023.0,criterio,3,decimal
dengue_2023,fato,dengue,2023.0,doenca_tra,0,vazio
dengue_2023,fato,dengue,2023.0,clinc_chik,2,decimal
dengue_2023,fato,dengue,2023.0,evolucao,5,decimal
dengue_2023,fato,dengue,2023.0,dt_obito,12,data
dengue_2023,fato,dengue,2023.0,dt_encerra,386,texto
dengue_2023,fato,dengue,2023.0,alrm_hipot,2,decimal
dengue_2023,fato,dengue,2023.0,alrm_plaq,2,decimal
dengue_2023,fato,dengue,2023.0,alrm_vom,2,decimal
dengue_2023,fato,dengue,2023.0,alrm_sang,2,decimal
dengue_2023,fato,dengue,2023.0,alrm_hemat,2,decimal
dengue_2023,fato,dengue,2023.0,alrm_abdom,2,decimal
dengue_2023,fato,dengue,2023.0,alrm_letar,2,decimal
dengue_2023,fato,dengue,2023.0,alrm_hepat,2,decimal
dengue_2023,fato,dengue,2023.0,alrm_liq,2,decimal
dengue_2023,fato,dengue,2023.0,dt_alrm,43,texto
dengue_2023,fato,dengue,2023.0,grav_pulso,1,decimal
dengue_2023,fato,dengue,2023.0,grav_conv,1,decimal
dengue_2023,fato,dengue,2023.0,grav_ench,1,decimal
dengue_2023,fato,dengue,2023.0,grav_insuf,1,decimal
dengue_2023,fato,dengue,2023.0,grav_taqui,2,decimal
dengue_2023,fato,dengue,2023.0,grav_extre,2,decimal
dengue_2023,fato,dengue,2023.0,grav_hipot,1,decimal
dengue_2023,fato,dengue,2023.0,grav_hemat,1,decimal
dengue_2023,fato,dengue,2023.0,grav_melen,1,decimal
dengue_2023,fato,dengue,2023.0,grav_metro,1,decimal
dengue_2023,fato,dengue,2023.0,grav_sang,1,decimal
dengue_2023,fato,dengue,2023.0,grav_ast,1,decimal
dengue_2023,fato,dengue,2023.0,grav_mioc,1,decimal
dengue_2023,fato,dengue,2023.0,grav_consc,2,decimal
dengue_2023,fato,dengue,2023.0,grav_orgao,1,decimal
dengue_2023,fato,dengue,2023.0,dt_grav,2,texto
dengue_2023,fato,dengue,2023.0,mani_hemor,0,vazio
dengue_2023,fato,dengue,2023.0,epistaxe,0,vazio
dengue_2023,fato,dengue,2023.0,gengivo,0,vazio
dengue_2023,fato,dengue,2023.0,metro,0,vazio
dengue_2023,fato,dengue,2023.0,petequias,0,vazio
dengue_2023,fato,dengue,2023.0,hematura,0,vazio
dengue_2023,fato,dengue,2023.0,sangram,0,vazio
dengue_2023,fato,dengue,2023.0,laco_n,0,vazio
dengue_2023,fato,dengue,2023.0,plasmatico,0,vazio
dengue_2023,fato,dengue,2023.0,evidencia,0,vazio
dengue_2023,fato,dengue,2023.0,plaq_menor,0,vazio
dengue_2023,fato,dengue,2023.0,con_fhd,0,vazio
dengue_2023,fato,dengue,2023.0,complica,0,vazio
dengue_2023,fato,dengue,2023.0,nu_lote_i,0,vazio
dengue_2023,fato,dengue,2023.0,ds_obs,0,vazio
dengue_2022,fato,dengue,2022.0,NU_NOTIFIC,2890,texto
dengue_2022,fato,dengue,2022.0,TP_NOT,1,inteiro
dengue_2022,fato,dengue,2022.0,ID_AGRAVO,1,texto
dengue_2022,fato,dengue,2022.0,DT_NOTIFIC,316,texto
dengue_2022,fato,dengue,2022.0,SEM_NOT,52,inteiro
dengue_2022,fato,dengue,2022.0,NU_ANO,1,inteiro
dengue_2022,fato,dengue,2022.0,SG_UF_NOT,12,inteiro
dengue_2022,fato,dengue,2022.0,ID_MUNICIP,39,inteiro
dengue_2022,fato,dengue,2022.0,ID_REGIONA,25,inteiro
dengue_2022,fato,dengue,2022.0,ID_UNIDADE,137,inteiro
dengue_2022,fato,dengue,2022.0,DT_SIN_PRI,442,texto
dengue_2022,fato,dengue,2022.0,SEM_PRI,79,inteiro
dengue_2022,fato,dengue,2022.0,DT_NASC,2644,texto
dengue_2022,fato,dengue,2022.0,NU_IDADE_N,103,inteiro
dengue_2022,fato,dengue,2022.0,CS_SEXO,3,texto
dengue_2022,fato,dengue,2022.0,CS_GESTANT,7,inteiro
dengue_2022,fato,dengue,2022.0,CS_RACA,6,inteiro
dengue_2022,fato,dengue,2022.0,CS_ESCOL_N,11,inteiro
dengue_2022,fato,dengue,2022.0,SG_UF,1,inteiro
dengue_2022,fato,dengue,2022.0,ID_MN_RESI,1,inteiro
dengue_2022,fato,dengue,2022.0,ID_RG_RESI,1,inteiro
dengue_2022,fato,dengue,2022.0,ID_DISTRIT,8,inteiro
dengue_2022,fato,dengue,2022.0,ID_BAIRRO,92,inteiro
dengue_2022,fato,dengue,2022.0,NM_BAIRRO,92,texto
dengue_2022,fato,dengue,2022.0,ID_LOGRADO,0,vazio
dengue_2022,fato,dengue,2022.0,NM_LOGRADO,2284,texto
dengue_2022,fato,dengue,2022.0,NU_CEP,1077,inteiro
dengue_2022,fato,dengue,2022.0,CS_ZONA,5,inteiro
dengue_2022,fato,dengue,2022.0,ID_PAIS,1,inteiro
dengue_2022,fato,dengue,2022.0,DT_INVEST,316,texto
dengue_2022,fato,dengue,2022.0,ID_OCUPA_N,45,texto
dengue_2022,fato,dengue,2022.0,FEBRE,2,inteiro
dengue_2022,fato,dengue,2022.0,MIALGIA,2,inteiro
dengue_2022,fato,dengue,2022.0,CEFALEIA,2,inteiro
dengue_2022,fato,dengue,2022.0,EXANTEMA,2,inteiro
dengue_2022,fato,dengue,2022.0,VOMITO,2,inteiro
dengue_2022,fato,dengue,2022.0,NAUSEA,2,inteiro
dengue_2022,fato,dengue,2022.0,DOR_COSTAS,2,inteiro
dengue_2022,fato,dengue,2022.0,CONJUNTVIT,2,inteiro
dengue_2022,fato,dengue,2022.0,ARTRITE,2,inteiro
dengue_2022,fato,dengue,2022.0,ARTRALGIA,2,inteiro
dengue_2022,fato,dengue,2022.0,PETEQUIA_N,2,inteiro
dengue_2022,fato,dengue,2022.0,LEUCOPENIA,2,inteiro
dengue_2022,fato,dengue,2022.0,LACO,2,inteiro
dengue_2022,fato,dengue,2022.0,DOR_RETRO,2,inteiro
dengue_2022,fato,dengue,2022.0,DIABETES,2,inteiro
dengue_2022,fato,dengue,2022.0,HEMATOLOG,2,inteiro
dengue_2022,fato,dengue,2022.0,HEPATOPAT,2,inteiro
dengue_2022,fato,dengue,2022.0,RENAL,2,inteiro
dengue_2022,fato,dengue,2022.0,HIPERTENSA,2,inteiro
dengue_2022,fato,dengue,2022.0,ACIDO_PEPT,2,inteiro
dengue_2022,fato,dengue,2022.0,AUTO_IMUNE,2,inteiro
dengue_2022,fato,dengue,2022.0,DT_CHIK_S1,45,texto
dengue_2022,fato,dengue,2022.0,DT_CHIK_S2,0,vazio
dengue_2022,fato,dengue,2022.0,DT_PRNT,3,texto
dengue_2022,fato,dengue,2022.0,RES_CHIKS1,4,inteiro
dengue_2022,fato,dengue,2022.0,RES_CHIKS2,2,inteiro
dengue_2022,fato,dengue,2022.0,RESUL_PRNT,2,inteiro
dengue_2022,fato,dengue,2022.0,DT_SORO,188,texto
dengue_2022,fato,dengue,2022.0,RESUL_SORO,4,inteiro
dengue_2022,fato,dengue,2022.0,DT_NS1,59,texto
dengue_2022,fato,dengue,2022.0,RESUL_NS1,3,inteiro
dengue_2022,fato,dengue,2022.0,DT_VIRAL,18,texto
dengue_2022,fato,dengue,2022.0,RESUL_VI_N,4,inteiro
dengue_2022,fato,dengue,2022.0,DT_PCR,74,texto
dengue_2022,fato,dengue,2022.0,RESUL_PCR_,3,inteiro
dengue_2022,fato,dengue,2022.0,SOROTIPO,1,inteiro
dengue_2022,fato,dengue,2022.0,HISTOPA_N,2,inteiro
dengue_2022,fato,dengue,2022.0,IMUNOH_N,4,inteiro
dengue_2022,fato,dengue,2022.0,HOSPITALIZ,3,inteiro
dengue_2022,fato,dengue,2022.0,DT_INTERNA,145,texto
dengue_2022,fato,dengue,2022.0,UF,7,inteiro
dengue_2022,fato,dengue,2022.0,MUNICIPIO,11,inteiro
dengue_2022,fato,dengue,2022.0,HOSPITAL,33,inteiro
dengue_2022,fato,dengue,2022.0,DDD_HOSP,4,inteiro
dengue_2022,fato,dengue,2022.0,TEL_HOSP,30,inteiro
dengue_2022,fato,dengue,2022.0,TPAUTOCTO,3,inteiro
dengue_2022,fato,dengue,2022.0,COUFINF,3,inteiro
dengue_2022,fato,dengue,2022.0,COPAISINF,1,inteiro
dengue_2022,fato,dengue,2022.0,COMUNINF,3,inteiro
dengue_2022,fato,dengue,2022.0,CODISINF,6,inteiro
dengue_2022,fato,dengue,2022.0,CO_BAINF,33,inteiro
dengue_2022,fato,dengue,2022.0,NOBAIINF,34,texto
dengue_2022,fato,dengue,2022.0,CLASSI_FIN,5,inteiro
dengue_2022,fato,dengue,2022.0,CRITERIO,2,inteiro
dengue_2022,fato,dengue,2022.0,DOENCA_TRA,0,vazio
dengue_2022,fato,dengue,2022.0,CLINC_CHIK,2,inteiro
dengue_2022,fato,dengue,2022.0,EVOLUCAO,3,inteiro
dengue_2022,fato,dengue,2022.0,DT_OBITO,10,texto
dengue_2022,fato,dengue,2022.0,DT_ENCERRA,359,texto
dengue_2022,fato,dengue,2022.0,ALRM_HIPOT,2,inteiro
dengue_2022,fato,dengue,2022.0,ALRM_PLAQ,2,inteiro
dengue_2022,fato,dengue,2022.0,ALRM_VOM,2,inteiro
dengue_2022,fato,dengue,2022.0,ALRM_SANG,2,inteiro
dengue_2022,fato,dengue,2022.0,ALRM_HEMAT,2,inteiro
dengue_2022,fato,dengue,2022.0,ALRM_ABDOM,2,inteiro
dengue_2022,fato,dengue,2022.0,ALRM_LETAR,2,inteiro
dengue_2022,fato,dengue,2022.0,ALRM_HEPAT,2,inteiro
dengue_2022,fato,dengue,2022.0,ALRM_LIQ,2,inteiro
dengue_2022,fato,dengue,2022.0,DT_ALRM,67,texto
dengue_2022,fato,dengue,2022.0,GRAV_PULSO,1,inteiro
dengue_2022,fato,dengue,2022.0,GRAV_CONV,1,inteiro
dengue_2022,fato,dengue,2022.0,GRAV_ENCH,2,inteiro
dengue_2022,fato,dengue,2022.0,GRAV_INSUF,2,inteiro
dengue_2022,fato,dengue,2022.0,GRAV_TAQUI,2,inteiro
dengue_2022,fato,dengue,2022.0,GRAV_EXTRE,2,inteiro
dengue_2022,fato,dengue,2022.0,GRAV_HIPOT,1,inteiro
dengue_2022,fato,dengue,2022.0,GRAV_HEMAT,2,inteiro
dengue_2022,fato,dengue,2022.0,GRAV_MELEN,1,inteiro
dengue_2022,fato,dengue,2022.0,GRAV_METRO,2,inteiro
dengue_2022,fato,dengue,2022.0,GRAV_SANG,1,inteiro
dengue_2022,fato,dengue,2022.0,GRAV_AST,1,inteiro
dengue_2022,fato,dengue,2022.0,GRAV_MIOC,2,inteiro
dengue_2022,fato,dengue,2022.0,GRAV_CONSC,2,inteiro
dengue_2022,fato,dengue,2022.0,GRAV_ORGAO,2,inteiro
dengue_2022,fato,dengue,2022.0,DT_GRAV,5,texto
dengue_2022,fato,dengue,2022.0,MANI_HEMOR,0,vazio
dengue_2022,fato,dengue,2022.0,EPISTAXE,0,vazio
dengue_2022,fato,dengue,2022.0,GENGIVO,0,vazio
dengue_2022,fato,dengue,2022.0,METRO,0,vazio
dengue_2022,fato,dengue,2022.0,PETEQUIAS,0,vazio
dengue_2022,fato,dengue,2022.0,HEMATURA,0,vazio
dengue_2022,fato,dengue,2022.0,SANGRAM,0,vazio
dengue_2022,fato,dengue,2022.0,LACO_N,0,vazio
dengue_2022,fato,dengue,2022.0,PLASMATICO,0,vazio
dengue_2022,fato,dengue,2022.0,EVIDENCIA,0,vazio
dengue_2022,fato,dengue,2022.0,PLAQ_MENOR,0,vazio
dengue_2022,fato,dengue,2022.0,CON_FHD,0,vazio
dengue_2022,fato,dengue,2022.0,COMPLICA,0,vazio
dengue_2022,fato,dengue,2022.0,NU_LOTE_I,0,vazio
dengue_2021,fato,dengue,2021.0,NU_NOTIFIC,10869,inteiro
dengue_2021,fato,dengue,2021.0,TP_NOT,1,inteiro
dengue_2021,fato,dengue,2021.0,ID_AGRAVO,1,texto
dengue_2021,fato,dengue,2021.0,DT_NOTIFIC,337,data
dengue_2021,fato,dengue,2021.0,SEM_NOT,53,inteiro
dengue_2021,fato,dengue,2021.0,NU_ANO,1,inteiro
dengue_2021,fato,dengue,2021.0,SG_UF_NOT,10,inteiro
dengue_2021,fato,dengue,2021.0,ID_MUNICIP,31,inteiro
dengue_2021,fato,dengue,2021.0,ID_REGIONA,17,inteiro
dengue_2021,fato,dengue,2021.0,ID_UNIDADE,214,inteiro
dengue_2021,fato,dengue,2021.0,DT_SIN_PRI,405,texto
dengue_2021,fato,dengue,2021.0,SEM_PRI,71,inteiro
dengue_2021,fato,dengue,2021.0,DT_NASC,8468,texto
dengue_2021,fato,dengue,2021.0,NU_IDADE_N,129,inteiro
dengue_2021,fato,dengue,2021.0,CS_SEXO,3,texto
dengue_2021,fato,dengue,2021.0,CS_GESTANT,7,inteiro
dengue_2021,fato,dengue,2021.0,CS_RACA,6,inteiro
dengue_2021,fato,dengue,2021.0,CS_ESCOL_N,11,inteiro
dengue_2021,fato,dengue,2021.0,SG_UF,1,inteiro
dengue_2021,fato,dengue,2021.0,ID_MN_RESI,1,inteiro
dengue_2021,fato,dengue,2021.0,ID_RG_RESI,1,inteiro
dengue_2021,fato,dengue,2021.0,ID_DISTRIT,9,inteiro
dengue_2021,fato,dengue,2021.0,ID_BAIRRO,93,inteiro
dengue_2021,fato,dengue,2021.0,NM_BAIRRO,93,texto
dengue_2021,fato,dengue,2021.0,ID_LOGRADO,0,vazio
dengue_2021,fato,dengue,2021.0,NM_LOGRADO,6337,texto
dengue_2021,fato,dengue,2021.0,NU_CEP,2018,inteiro
dengue_2021,fato,dengue,2021.0,CS_ZONA,4,inteiro
dengue_2021,fato,dengue,2021.0,ID_PAIS,1,inteiro
dengue_2021,fato,dengue,2021.0,DT_INVEST,339,texto
dengue_2021,fato,dengue,2021.0,ID_OCUPA_N,103,texto
dengue_2021,fato,dengue,2021.0,FEBRE,2,inteiro
dengue_2021,fato,dengue,2021.0,MIALGIA,2,inteiro
dengue_2021,fato,dengue,2021.0,CEFALEIA,2,inteiro
dengue_2021,fato,dengue,2021.0,EXANTEMA,2,inteiro
dengue_2021,fato,dengue,2021.0,VOMITO,2,inteiro
dengue_2021,fato,dengue,2021.0,NAUSEA,2,inteiro
dengue_2021,fato,dengue,2021.0,DOR_COSTAS,2,inteiro
dengue_2021,fato,dengue,2021.0,CONJUNTVIT,2,inteiro
dengue_2021,fato,dengue,2021.0,ARTRITE,2,inteiro
dengue_2021,fato,dengue,2021.0,ARTRALGIA,2,inteiro
dengue_2021,fato,dengue,2021.0,PETEQUIA_N,2,inteiro
dengue_2021,fato,dengue,2021.0,LEUCOPENIA,2,inteiro
dengue_2021,fato,dengue,2021.0,LACO,2,inteiro
dengue_2021,fato,dengue,2021.0,DOR_RETRO,2,inteiro
dengue_2021,fato,dengue,2021.0,DIABETES,2,inteiro
dengue_2021,fato,dengue,2021.0,HEMATOLOG,2,inteiro
dengue_2021,fato,dengue,2021.0,HEPATOPAT,2,inteiro
dengue_2021,fato,dengue,2021.0,RENAL,2,inteiro
dengue_2021,fato,dengue,2021.0,HIPERTENSA,2,inteiro
dengue_2021,fato,dengue,2021.0,ACIDO_PEPT,2,inteiro
dengue_2021,fato,dengue,2021.0,AUTO_IMUNE,2,inteiro
dengue_2021,fato,dengue,2021.0,DT_CHIK_S1,80,texto
dengue_2021,fato,dengue,2021.0,DT_CHIK_S2,0,vazio
dengue_2021,fato,dengue,2021.0,DT_PRNT,5,texto
dengue_2021,fato,dengue,2021.0,RES_CHIKS1,4,inteiro
dengue_2021,fato,dengue,2021.0,RES_CHIKS2,3,inteiro
dengue_2021,fato,dengue,2021.0,RESUL_PRNT,4,inteiro
dengue_2021,fato,dengue,2021.0,DT_SORO,200,texto
dengue_2021,fato,dengue,2021.0,RESUL_SORO,4,inteiro
dengue_2021,fato,dengue,2021.0,DT_NS1,50,texto
dengue_2021,fato,dengue,2021.0,RESUL_NS1,4,inteiro
dengue_2021,fato,dengue,2021.0,DT_VIRAL,12,data
dengue_2021,fato,dengue,2021.0,RESUL_VI_N,3,inteiro
dengue_2021,fato,dengue,2021.0,DT_PCR,77,texto
dengue_2021,fato,dengue,2021.0,RESUL_PCR_,4,inteiro
dengue_2021,fato,dengue,2021.0,SOROTIPO,2,inteiro
dengue_2021,fato,dengue,2021.0,HISTOPA_N,3,inteiro
dengue_2021,fato,dengue,2021.0,IMUNOH_N,4,inteiro
dengue_2021,fato,dengue,2021.0,HOSPITALIZ,3,inteiro
dengue_2021,fato,dengue,2021.0,DT_INTERNA,162,texto
dengue_2021,fato,dengue,2021.0,UF,1,inteiro
dengue_2021,fato,dengue,2021.0,TPAUTOCTO,3,inteiro
dengue_2021,fato,dengue,2021.0,COUFINF,2,inteiro
dengue_2021,fato,dengue,2021.0,COPAISINF,1,inteiro
dengue_2021,fato,dengue,2021.0,COMUNINF,3,inteiro
dengue_2021,fato,dengue,2021.0,CODISINF,8,inteiro
dengue_2021,fato,dengue,2021.0,CO_BAINF,72,inteiro
dengue_2021,fato,dengue,2021.0,NOBAIINF,76,texto
dengue_2021,fato,dengue,2021.0,CLASSI_FIN,5,inteiro
dengue_2021,fato,dengue,2021.0,CRITERIO,2,inteiro
dengue_2021,fato,dengue,2021.0,DOENCA_TRA,0,vazio
dengue_2021,fato,dengue,2021.0,CLINC_CHIK,2,inteiro
dengue_2021,fato,dengue,2021.0,EVOLUCAO,4,inteiro
dengue_2021,fato,dengue,2021.0,DT_OBITO,12,texto
dengue_2021,fato,dengue,2021.0,DT_ENCERRA,380,texto
dengue_2021,fato,dengue,2021.0,ALRM_HIPOT,2,inteiro
dengue_2021,fato,dengue,2021.0,ALRM_PLAQ,2,inteiro
dengue_2021,fato,dengue,2021.0,ALRM_VOM,2,inteiro
dengue_2021,fato,dengue,2021.0,ALRM_SANG,2,inteiro
dengue_2021,fato,dengue,2021.0,ALRM_HEMAT,2,inteiro
dengue_2021,fato,dengue,2021.0,ALRM_ABDOM,2,inteiro
dengue_2021,fato,dengue,2021.0,ALRM_LETAR,2,inteiro
dengue_2021,fato,dengue,2021.0,ALRM_HEPAT,1,inteiro
dengue_2021,fato,dengue,2021.0,ALRM_LIQ,2,inteiro
dengue_2021,fato,dengue,2021.0,DT_ALRM,38,data
dengue_2021,fato,dengue,2021.0,GRAV_PULSO,1,inteiro
dengue_2021,fato,dengue,2021.0,GRAV_CONV,1,inteiro
dengue_2021,fato,dengue,2021.0,GRAV_ENCH,2,inteiro
dengue_2021,fato,dengue,2021.0,GRAV_INSUF,2,inteiro
dengue_2021,fato,dengue,2021.0,GRAV_TAQUI,2,inteiro
dengue_2021,fato,dengue,2021.0,GRAV_EXTRE,2,inteiro
dengue_2021,fato,dengue,2021.0,GRAV_HIPOT,1,inteiro
dengue_2021,fato,dengue,2021.0,GRAV_HEMAT,2,inteiro
dengue_2021,fato,dengue,2021.0,GRAV_MELEN,2,inteiro
dengue_2021,fato,dengue,2021.0,GRAV_METRO,1,inteiro
dengue_2021,fato,dengue,2021.0,GRAV_SANG,1,inteiro
dengue_2021,fato,dengue,2021.0,GRAV_AST,1,inteiro
dengue_2021,fato,dengue,2021.0,GRAV_MIOC,1,inteiro
dengue_2021,fato,dengue,2021.0,GRAV_CONSC,1,inteiro
dengue_2021,fato,dengue,2021.0,GRAV_ORGAO,2,inteiro
dengue_2021,fato,dengue,2021.0,DT_GRAV,8,texto
dengue_2021,fato,dengue,2021.0,MANI_HEMOR,0,vazio
dengue_2021,fato,dengue,2021.0,EPISTAXE,0,vazio
dengue_2021,fato,dengue,2021.0,GENGIVO,0,vazio
dengue_2021,fato,dengue,2021.0,METRO,0,vazio
dengue_2021,fato,dengue,2021.0,PETEQUIAS,0,vazio
dengue_2021,fato,dengue,2021.0,HEMATURA,0,vazio
dengue_2021,fato,dengue,2021.0,SANGRAM,0,vazio
dengue_2021,fato,dengue,2021.0,LACO_N,0,vazio
dengue_2021,fato,dengue,2021.0,PLASMATICO,0,vazio
dengue_2021,fato,dengue,2021.0,EVIDENCIA,0,vazio
dengue_2021,fato,dengue,2021.0,PLAQ_MENOR,0,vazio
dengue_2021,fato,dengue,2021.0,CON_FHD,0,vazio
dengue_2021,fato,dengue,2021.0,COMPLICA,0,vazio
dengue_2021,fato,dengue,2021.0,NU_LOTE_I,0,vazio
dengue_2020,fato,dengue,2020.0,nu_notificacao,3515,inteiro
dengue_2020,fato,dengue,2020.0,tp_notificacao,1,inteiro
dengue_2020,fato,dengue,2020.0,co_cid,1,texto
dengue_2020,fato,dengue,2020.0,dt_notificacao,332,texto
dengue_2020,fato,dengue,2020.0,ds_semana_notificacao,53,inteiro
dengue_2020,fato,dengue,2020.0,notificacao_ano,1,inteiro
dengue_2020,fato,dengue,2020.0,co_uf_notificacao,9,inteiro
dengue_2020,fato,dengue,2020.0,co_municipio_notificacao,22,inteiro
dengue_2020,fato,dengue,2020.0,id_regional,9,inteiro
dengue_2020,fato,dengue,2020.0,co_unidade_notificacao,140,inteiro
dengue_2020,fato,dengue,2020.0,dt_diagnostico_sintoma,361,texto
dengue_2020,fato,dengue,2020.0,ds_semana_sintoma,53,inteiro
dengue_2020,fato,dengue,2020.0,dt_nascimento,3164,texto
dengue_2020,fato,dengue,2020.0,nu_idade,110,inteiro
dengue_2020,fato,dengue,2020.0,tp_sexo,3,texto
dengue_2020,fato,dengue,2020.0,tp_gestante,7,inteiro
dengue_2020,fato,dengue,2020.0,tp_raca_cor,6,inteiro
dengue_2020,fato,dengue,2020.0,tp_escolaridade,11,inteiro
dengue_2020,fato,dengue,2020.0,co_uf_residencia,1,inteiro
dengue_2020,fato,dengue,2020.0,co_municipio_residencia,1,inteiro
dengue_2020,fato,dengue,2020.0,co_regional_residencia,1,inteiro
dengue_2020,fato,dengue,2020.0,co_distrito_residencia,8,inteiro
dengue_2020,fato,dengue,2020.0,co_bairro_residencia,91,inteiro
dengue_2020,fato,dengue,2020.0,no_bairro_residencia,92,texto
dengue_2020,fato,dengue,2020.0,co_logradouro_residencia,0,vazio
dengue_2020,fato,dengue,2020.0,nome_logradouro_residencia,2507,texto
dengue_2020,fato,dengue,2020.0,nu_cep_residencia,870,inteiro
dengue_2020,fato,dengue,2020.0,tp_zona_residencia,4,inteiro
dengue_2020,fato,dengue,2020.0,co_pais_residencia,1,inteiro
dengue_2020,fato,dengue,2020.0,dt_investigacao,330,texto
dengue_2020,fato,dengue,2020.0,co_cbo_ocupacao,59,inteiro
dengue_2020,fato,dengue,2020.0,febre,2,inteiro
dengue_2020,fato,dengue,2020.0,mialgia,2,inteiro
dengue_2020,fato,dengue,2020.0,cefaleia,2,inteiro
dengue_2020,fato,dengue,2020.0,exantema,2,inteiro
dengue_2020,fato,dengue,2020.0,vomito,2,inteiro
dengue_2020,fato,dengue,2020.0,nausea,2,inteiro
dengue_2020,fato,dengue,2020.0,dor_costas,2,inteiro
dengue_2020,fato,dengue,2020.0,conjutivite,2,inteiro
dengue_2020,fato,dengue,2020.0,artrite,2,inteiro
dengue_2020,fato,dengue,2020.0,artralgia,2,inteiro
dengue_2020,fato,dengue,2020.0,petequia_n,2,inteiro
dengue_2020,fato,dengue,2020.0,leucopenia,2,inteiro
dengue_2020,fato,dengue,2020.0,laco,2,inteiro
dengue_2020,fato,dengue,2020.0,dor_retro,2,inteiro
dengue_2020,fato,dengue,2020.0,diabetes,2,inteiro
dengue_2020,fato,dengue,2020.0,hematolog,2,inteiro
dengue_2020,fato,dengue,2020.0,hepatopat,2,inteiro
dengue_2020,fato,dengue,2020.0,renal,2,inteiro
dengue_2020,fato,dengue,2020.0,hipertensao,2,inteiro
dengue_2020,fato,dengue,2020.0,acido_pept,2,inteiro
dengue_2020,fato,dengue,2020.0,auto_imune,2,inteiro
dengue_2020,fato,dengue,2020.0,dt_chil_s1,29,texto
dengue_2020,fato,dengue,2020.0,dt_chil_s2,0,vazio
dengue_2020,fato,dengue,2020.0,dt_prnt,4,texto
dengue_2020,fato,dengue,2020.0,res_chiks1,4,inteiro
dengue_2020,fato,dengue,2020.0,res_chiks2,1,inteiro
dengue_2020,fato,dengue,2020.0,resul_prnt,1,inteiro
dengue_2020,fato,dengue,2020.0,dt_coleta_exame,131,texto
dengue_2020,fato,dengue,2020.0,tp_result_exame,4,inteiro
dengue_2020,fato,dengue,2020.0,dt_coleta_NS1,10,texto
dengue_2020,fato,dengue,2020.0,Tp_result_NS1,4,inteiro
dengue_2020,fato,dengue,2020.0,dt_coleta_isolamento,13,texto
dengue_2020,fato,dengue,2020.0,tp_result_isolamento,3,inteiro
dengue_2020,fato,dengue,2020.0,dt_coleta_rtpcr,15,texto
dengue_2020,fato,dengue,2020.0,tp_result_rtpcr,2,inteiro
dengue_2020,fato,dengue,2020.0,tp_sorotipo,0,vazio
dengue_2020,fato,dengue,2020.0,tp_result_histopatologia,2,inteiro
dengue_2020,fato,dengue,2020.0,tp_result_imunohistoquimica,3,inteiro
dengue_2020,fato,dengue,2020.0,st_ocorreu_hospitalizacao,3,inteiro
dengue_2020,fato,dengue,2020.0,dt_internacao,83,texto
dengue_2020,fato,dengue,2020.0,co_uf_hospital,2,inteiro
dengue_2020,fato,dengue,2020.0,co_municipio_hospital,3,inteiro
dengue_2020,fato,dengue,2020.0,tp_autoctone_residencia,3,inteiro
dengue_2020,fato,dengue,2020.0,co_uf_infeccao,1,inteiro
dengue_2020,fato,dengue,2020.0,co_pais_infeccao,1,inteiro
dengue_2020,fato,dengue,2020.0,co_municipio_infeccao,1,inteiro
dengue_2020,fato,dengue,2020.0,co_distrito_infeccao,6,inteiro
dengue_2020,fato,dengue,2020.0,co_bairro_infeccao,39,inteiro
dengue_2020,fato,dengue,2020.0,no_bairro_infeccao,40,texto
dengue_2020,fato,dengue,2020.0,tp_classificacao_final,5,inteiro
dengue_2020,fato,dengue,2020.0,tp_criterio_confirmacao,3,inteiro
dengue_2020,fato,dengue,2020.0,st_doenca_trabalho,0,vazio
dengue_2020,fato,dengue,2020.0,clinc_chik,2,inteiro
dengue_2020,fato,dengue,2020.0,tp_evolucao_caso,3,inteiro
dengue_2020,fato,dengue,2020.0,dt_obito,8,texto
dengue_2020,fato,dengue,2020.0,dt_encerramento,361,texto
dengue_2020,fato,dengue,2020.0,alrm_hipot,2,inteiro
dengue_2020,fato,dengue,2020.0,alrm_plaq,2,inteiro
dengue_2020,fato,dengue,2020.0,alrm_vom,2,inteiro
dengue_2020,fato,dengue,2020.0,alrm_sang,2,inteiro
dengue_2020,fato,dengue,2020.0,alrm_hemat,2,inteiro
dengue_2020,fato,dengue,2020.0,alrm_abdom,2,inteiro
dengue_2020,fato,dengue,2020.0,alrm_letar,2,inteiro
dengue_2020,fato,dengue,2020.0,alrm_hepat,2,inteiro
dengue_2020,fato,dengue,2020.0,alrm_liq,2,inteiro
dengue_2020,fato,dengue,2020.0,dt_alrm,22,texto
dengue_2020,fato,dengue,2020.0,grav_pulso,1,inteiro
dengue_2020,fato,dengue,2020.0,grav_conv,1,inteiro
dengue_2020,fato,dengue,2020.0,grav_ench,1,inteiro
dengue_2020,fato,dengue,2020.0,grav_insuf,1,inteiro
dengue_2020,fato,dengue,2020.0,grav_taqui,1,inteiro
dengue_2020,fato,dengue,2020.0,grav_extre,1,inteiro
dengue_2020,fato,dengue,2020.0,grav_hipot,1,inteiro
dengue_2020,fato,dengue,2020.0,grav_hemat,1,inteiro
dengue_2020,fato,dengue,2020.0,grav_melen,1,inteiro
dengue_2020,fato,dengue,2020.0,grav_metro,1,inteiro
dengue_2020,fato,dengue,2020.0,grav_sang,1,inteiro
dengue_2020,fato,dengue,2020.0,grav_ast,1,inteiro
dengue_2020,fato,dengue,2020.0,grav_mioc,1,inteiro
dengue_2020,fato,dengue,2020.0,grav_consc,1,inteiro
dengue_2020,fato,dengue,2020.0,grav_orgao,1,inteiro
dengue_2020,fato,dengue,2020.0,dt_grav,1,texto
dengue_2020,fato,dengue,2020.0,mani_hemor,0,vazio
dengue_2020,fato,dengue,2020.0,epistaxe,0,vazio
dengue_2020,fato,dengue,2020.0,gengivo,0,vazio
dengue_2020,fato,dengue,2020.0,metro,0,vazio
dengue_2020,fato,dengue,2020.0,petequias,0,vazio
dengue_2020,fato,dengue,2020.0,hematura,0,vazio
dengue_2020,fato,dengue,2020.0,sangram,0,vazio
dengue_2020,fato,dengue,2020.0,laco_n,0,vazio
dengue_2020,fato,dengue,2020.0,plasmatico,0,vazio
dengue_2020,fato,dengue,2020.0,evidencia,0,vazio
dengue_2020,fato,dengue,2020.0,plaq_menor,0,vazio
dengue_2020,fato,dengue,2020.0,con_fhd,0,vazio
dengue_2019,fato,dengue,2019.0,nu_notificacao,7226,texto
dengue_2019,fato,dengue,2019.0,tp_notificacao,1,inteiro
dengue_2019,fato,dengue,2019.0,co_cid,1,texto
dengue_2019,fato,dengue,2019.0,dt_notificacao,352,texto
dengue_2019,fato,dengue,2019.0,ds_semana_notificacao,57,inteiro
dengue_2019,fato,dengue,2019.0,notificacao_ano,2,inteiro
dengue_2019,fato,dengue,2019.0,co_uf_notificacao,11,inteiro
dengue_2019,fato,dengue,2019.0,co_municipio_notificacao,31,inteiro
dengue_2019,fato,dengue,2019.0,id_regional,19,decimal
dengue_2019,fato,dengue,2019.0,co_unidade_notificacao,171,inteiro
dengue_2019,fato,dengue,2019.0,dt_diagnostico_sintoma,364,texto
dengue_2019,fato,dengue,2019.0,ds_semana_sintoma,52,inteiro
dengue_2019,fato,dengue,2019.0,dt_nascimento,921,texto
dengue_2019,fato,dengue,2019.0,nu_idade,120,inteiro
dengue_2019,fato,dengue,2019.0,tp_sexo,3,texto
dengue_2019,fato,dengue,2019.0,tp_gestante,7,decimal
dengue_2019,fato,dengue,2019.0,tp_raca_cor,6,inteiro
dengue_2019,fato,dengue,2019.0,tp_escolaridade,11,decimal
dengue_2019,fato,dengue,2019.0,co_uf_residencia,1,inteiro
dengue_2019,fato,dengue,2019.0,co_municipio_residencia,1,inteiro
dengue_2019,fato,dengue,2019.0,co_regional_residencia,1,inteiro
dengue_2019,fato,dengue,2019.0,co_distrito_residencia,8,decimal
dengue_2019,fato,dengue,2019.0,co_bairro_residencia,94,decimal
dengue_2019,fato,dengue,2019.0,no_bairro_residencia,108,texto
dengue_2019,fato,dengue,2019.0,co_logradouro_residencia,0,vazio
dengue_2019,fato,dengue,2019.0,nome_logradouro_residencia,4616,texto
dengue_2019,fato,dengue,2019.0,nu_cep_residencia,1898,decimal
dengue_2019,fato,dengue,2019.0,tp_zona_residencia,4,decimal
dengue_2019,fato,dengue,2019.0,co_pais_residencia,1,inteiro
dengue_2019,fato,dengue,2019.0,dt_investigacao,350,texto
dengue_2019,fato,dengue,2019.0,co_cbo_ocupacao,91,texto
dengue_2019,fato,dengue,2019.0,febre,2,decimal
dengue_2019,fato,dengue,2019.0,mialgia,2,decimal
dengue_2019,fato,dengue,2019.0,cefaleia,2,decimal
dengue_2019,fato,dengue,2019.0,exantema,2,decimal
dengue_2019,fato,dengue,2019.0,vomito,2,decimal
dengue_2019,fato,dengue,2019.0,nausea,2,decimal
dengue_2019,fato,dengue,2019.0,dor_costas,2,decimal
dengue_2019,fato,dengue,2019.0,conjutivite,2,decimal
dengue_2019,fato,dengue,2019.0,artrite,2,decimal
dengue_2019,fato,dengue,2019.0,artralgia,2,decimal
dengue_2019,fato,dengue,2019.0,petequia_n,2,decimal
dengue_2019,fato,dengue,2019.0,leucopenia,2,decimal
dengue_2019,fato,dengue,2019.0,laco,2,decimal
dengue_2019,fato,dengue,2019.0,dor_retro,2,decimal
dengue_2019,fato,dengue,2019.0,diabetes,2,decimal
dengue_2019,fato,dengue,2019.0,hematolog,2,decimal
dengue_2019,fato,dengue,2019.0,hepatopat,2,decimal
dengue_2019,fato,dengue,2019.0,renal,2,decimal
dengue_2019,fato,dengue,2019.0,hipertensao,2,decimal
dengue_2019,fato,dengue,2019.0,acido_pept,2,decimal
dengue_2019,fato,dengue,2019.0,auto_imune,2,decimal
dengue_2019,fato,dengue,2019.0,dt_chil_s1,51,texto
dengue_2019,fato,dengue,2019.0,dt_chil_s2,0,vazio
dengue_2019,fato,dengue,2019.0,dt_prnt,6,texto
dengue_2019,fato,dengue,2019.0,res_chiks1,3,decimal
dengue_2019,fato,dengue,2019.0,res_chiks2,2,decimal
dengue_2019,fato,dengue,2019.0,resul_prnt,2,decimal
dengue_2019,fato,dengue,2019.0,dt_coleta_exame,257,texto
dengue_2019,fato,dengue,2019.0,tp_result_exame,4,decimal
dengue_2019,fato,dengue,2019.0,dt_coleta_NS1,75,texto
dengue_2019,fato,dengue,2019.0,Tp_result_NS1,4,decimal
dengue_2019,fato,dengue,2019.0,dt_coleta_isolamento,32,texto
dengue_2019,fato,dengue,2019.0,tp_result_isolamento,4,decimal
dengue_2019,fato,dengue,2019.0,dt_coleta_rtpcr,79,texto
dengue_2019,fato,dengue,2019.0,tp_result_rtpcr,4,decimal
dengue_2019,fato,dengue,2019.0,tp_sorotipo,1,decimal
dengue_2019,fato,dengue,2019.0,tp_result_histopatologia,3,decimal
dengue_2019,fato,dengue,2019.0,tp_result_imunohistoquimica,4,decimal
dengue_2019,fato,dengue,2019.0,st_ocorreu_hospitalizacao,3,decimal
dengue_2019,fato,dengue,2019.0,dt_internacao,229,texto
dengue_2019,fato,dengue,2019.0,co_uf_hospital,3,decimal
dengue_2019,fato,dengue,2019.0,co_municipio_hospital,6,decimal
dengue_2019,fato,dengue,2019.0,tp_autoctone_residencia,3,decimal
dengue_2019,fato,dengue,2019.0,co_uf_infeccao,3,decimal
dengue_2019,fato,dengue,2019.0,co_pais_infeccao,1,decimal
dengue_2019,fato,dengue,2019.0,co_municipio_infeccao,5,decimal
dengue_2019,fato,dengue,2019.0,co_distrito_infeccao,9,decimal
dengue_2019,fato,dengue,2019.0,co_bairro_infeccao,46,decimal
dengue_2019,fato,dengue,2019.0,no_bairro_infeccao,52,texto
dengue_2019,fato,dengue,2019.0,tp_classificacao_final,5,inteiro
dengue_2019,fato,dengue,2019.0,tp_criterio_confirmacao,3,decimal
dengue_2019,fato,dengue,2019.0,st_doenca_trabalho,0,vazio
dengue_2019,fato,dengue,2019.0,clinc_chik,1,decimal
dengue_2019,fato,dengue,2019.0,tp_evolucao_caso,4,decimal
dengue_2019,fato,dengue,2019.0,dt_obito,31,texto
dengue_2019,fato,dengue,2019.0,dt_encerramento,399,texto
dengue_2019,fato,dengue,2019.0,alrm_hipot,2,decimal
dengue_2019,fato,dengue,2019.0,alrm_plaq,2,decimal
dengue_2019,fato,dengue,2019.0,alrm_vom,2,decimal
dengue_2019,fato,dengue,2019.0,alrm_sang,2,decimal
dengue_2019,fato,dengue,2019.0,alrm_hemat,2,decimal
dengue_2019,fato,dengue,2019.0,alrm_abdom,2,decimal
dengue_2019,fato,dengue,2019.0,alrm_letar,2,decimal
dengue_2019,fato,dengue,2019.0,alrm_hepat,2,decimal
dengue_2019,fato,dengue,2019.0,alrm_liq,2,decimal
dengue_2019,fato,dengue,2019.0,dt_alrm,112,texto
dengue_2019,fato,dengue,2019.0,grav_pulso,2,decimal
dengue_2019,fato,dengue,2019.0,grav_conv,1,decimal
dengue_2019,fato,dengue,2019.0,grav_ench,2,decimal
dengue_2019,fato,dengue,2019.0,grav_insuf,2,decimal
dengue_2019,fato,dengue,2019.0,grav_taqui,2,decimal
dengue_2019,fato,dengue,2019.0,grav_extre,2,decimal
dengue_2019,fato,dengue,2019.0,grav_hipot,2,decimal
dengue_2019,fato,dengue,2019.0,grav_hemat,2,decimal
dengue_2019,fato,dengue,2019.0,grav_melen,2,decimal
dengue_2019,fato,dengue,2019.0,grav_metro,2,decimal
dengue_2019,fato,dengue,2019.0,grav_sang,2,decimal
dengue_2019,fato,dengue,2019.0,grav_ast,2,decimal
dengue_2019,fato,dengue,2019.0,grav_mioc,1,decimal
dengue_2019,fato,dengue,2019.0,grav_consc,2,decimal
dengue_2019,fato,dengue,2019.0,grav_orgao,2,decimal
dengue_2019,fato,dengue,2019.0,dt_grav,14,texto
dengue_2019,fato,dengue,2019.0,mani_hemor,0,vazio
dengue_2019,fato,dengue,2019.0,epistaxe,0,vazio
dengue_2019,fato,dengue,2019.0,gengivo,0,vazio
dengue_2019,fato,dengue,2019.0,metro,0,vazio
dengue_2019,fato,dengue,2019.0,petequias,0,vazio
dengue_2019,fato,dengue,2019.0,hematura,0,vazio
dengue_2019,fato,dengue,2019.0,sangram,0,vazio
dengue_2019,fato,dengue,2019.0,laco_n,0,vazio
dengue_2019,fato,dengue,2019.0,plasmatico,0,vazio
dengue_2019,fato,dengue,2019.0,evidencia,0,vazio
dengue_2019,fato,dengue,2019.0,plaq_menor,0,vazio
dengue_2019,fato,dengue,2019.0,conf_fhd,0,vazio
dengue_2019,fato,dengue,2019.0,complica,0,vazio
dengue_2018,fato,dengue,2018.0,nu_notificacao,2677,inteiro
dengue_2018,fato,dengue,2018.0,tp_notificacao,1,inteiro
dengue_2018,fato,dengue,2018.0,co_cid,1,texto
dengue_2018,fato,dengue,2018.0,dt_notificacao,330,texto
dengue_2018,fato,dengue,2018.0,ds_semana_notificacao,65,inteiro
dengue_2018,fato,dengue,2018.0,notificacao_ano,3,inteiro
dengue_2018,fato,dengue,2018.0,co_uf_notificacao,6,inteiro
dengue_2018,fato,dengue,2018.0,co_municipio_notificacao,19,inteiro
dengue_2018,fato,dengue,2018.0,id_regional,9,inteiro
dengue_2018,fato,dengue,2018.0,co_unidade_notificacao,105,inteiro
dengue_2018,fato,dengue,2018.0,dt_diagnostico_sintoma,364,texto
dengue_2018,fato,dengue,2018.0,ds_semana_sintoma,52,inteiro
dengue_2018,fato,dengue,2018.0,dt_nascimento,761,texto
dengue_2018,fato,dengue,2018.0,nu_idade,104,inteiro
dengue_2018,fato,dengue,2018.0,tp_sexo,3,texto
dengue_2018,fato,dengue,2018.0,tp_gestante,7,inteiro
dengue_2018,fato,dengue,2018.0,tp_raca_cor,6,inteiro
dengue_2018,fato,dengue,2018.0,tp_escolaridade,11,inteiro
dengue_2018,fato,dengue,2018.0,co_uf_residencia,1,inteiro
dengue_2018,fato,dengue,2018.0,co_municipio_residencia,1,inteiro
dengue_2018,fato,dengue,2018.0,co_regional_residencia,1,inteiro
dengue_2018,fato,dengue,2018.0,co_distrito_residencia,8,inteiro
dengue_2018,fato,dengue,2018.0,co_bairro_residencia,92,inteiro
dengue_2018,fato,dengue,2018.0,no_bairro_residencia,94,texto
dengue_2018,fato,dengue,2018.0,co_logradouro_residencia,0,vazio
dengue_2018,fato,dengue,2018.0,nome_logradouro_residencia,2130,texto
dengue_2018,fato,dengue,2018.0,nu_cep_residencia,815,inteiro
dengue_2018,fato,dengue,2018.0,tp_zona_residencia,0,vazio
dengue_2018,fato,dengue,2018.0,co_pais_residencia,1,inteiro
dengue_2018,fato,dengue,2018.0,dt_investigacao,321,texto
dengue_2018,fato,dengue,2018.0,co_cbo_ocupacao,40,inteiro
dengue_2018,fato,dengue,2018.0,febre,2,inteiro
dengue_2018,fato,dengue,2018.0,mialgia,2,inteiro
dengue_2018,fato,dengue,2018.0,cefaleia,2,inteiro
dengue_2018,fato,dengue,2018.0,exantema,2,inteiro
dengue_2018,fato,dengue,2018.0,vomito,2,inteiro
dengue_2018,fato,dengue,2018.0,nausea,2,inteiro
dengue_2018,fato,dengue,2018.0,dor_costas,2,inteiro
dengue_2018,fato,dengue,2018.0,conjutivite,2,inteiro
dengue_2018,fato,dengue,2018.0,artrite,2,inteiro
dengue_2018,fato,dengue,2018.0,artralgia,2,inteiro
dengue_2018,fato,dengue,2018.0,petequia_n,2,inteiro
dengue_2018,fato,dengue,2018.0,leucopenia,2,inteiro
dengue_2018,fato,dengue,2018.0,laco,2,inteiro
dengue_2018,fato,dengue,2018.0,dor_retro,2,inteiro
dengue_2018,fato,dengue,2018.0,diabetes,2,inteiro
dengue_2018,fato,dengue,2018.0,hematolog,2,inteiro
dengue_2018,fato,dengue,2018.0,hepatopat,2,inteiro
dengue_2018,fato,dengue,2018.0,renal,2,inteiro
dengue_2018,fato,dengue,2018.0,hipertensao,2,inteiro
dengue_2018,fato,dengue,2018.0,acido_pept,2,inteiro
dengue_2018,fato,dengue,2018.0,auto_imune,2,inteiro
dengue_2018,fato,dengue,2018.0,dt_chil_s1,27,texto
dengue_2018,fato,dengue,2018.0,dt_chil_s2,0,vazio
dengue_2018,fato,dengue,2018.0,dt_prnt,4,texto
dengue_2018,fato,dengue,2018.0,res_chiks1,4,inteiro
dengue_2018,fato,dengue,2018.0,res_chiks2,3,inteiro
dengue_2018,fato,dengue,2018.0,resul_prnt,3,inteiro
dengue_2018,fato,dengue,2018.0,dt_coleta_exame,171,texto
dengue_2018,fato,dengue,2018.0,tp_result_exame,4,inteiro
dengue_2018,fato,dengue,2018.0,dt_coleta_NS1,22,texto
dengue_2018,fato,dengue,2018.0,Tp_result_NS1,3,inteiro
dengue_2018,fato,dengue,2018.0,dt_coleta_isolamento,5,texto
dengue_2018,fato,dengue,2018.0,tp_result_isolamento,4,inteiro
dengue_2018,fato,dengue,2018.0,dt_coleta_rtpcr,13,texto
dengue_2018,fato,dengue,2018.0,tp_result_rtpcr,4,inteiro
dengue_2018,fato,dengue,2018.0,tp_sorotipo,1,inteiro
dengue_2018,fato,dengue,2018.0,tp_result_histopatologia,3,inteiro
dengue_2018,fato,dengue,2018.0,tp_result_imunohistoquimica,3,inteiro
dengue_2018,fato,dengue,2018.0,st_ocorreu_hospitalizacao,3,inteiro
dengue_2018,fato,dengue,2018.0,dt_internacao,149,texto
dengue_2018,fato,dengue,2018.0,co_uf_hospital,3,inteiro
dengue_2018,fato,dengue,2018.0,co_municipio_hospital,5,inteiro
dengue_2018,fato,dengue,2018.0,hospital,24,inteiro
dengue_2018,fato,dengue,2018.0,ddd_hospital,2,inteiro
dengue_2018,fato,dengue,2018.0,tel_hospital,21,inteiro
dengue_2018,fato,dengue,2018.0,tp_autoctone_residencia,3,inteiro
dengue_2018,fato,dengue,2018.0,co_uf_infeccao,1,inteiro
dengue_2018,fato,dengue,2018.0,co_pais_infeccao,2,inteiro
dengue_2018,fato,dengue,2018.0,co_municipio_infeccao,1,inteiro
dengue_2018,fato,dengue,2018.0,co_distrito_infeccao,6,inteiro
dengue_2018,fato,dengue,2018.0,co_bairro_infeccao,25,inteiro
dengue_2018,fato,dengue,2018.0,no_bairro_infeccao,25,texto
dengue_2018,fato,dengue,2018.0,tp_classificacao_final,5,inteiro
dengue_2018,fato,dengue,2018.0,tp_criterio_confirmacao,2,inteiro
dengue_2018,fato,dengue,2018.0,st_doenca_trabalho,0,vazio
dengue_2018,fato,dengue,2018.0,clinc_chik,1,inteiro
dengue_2018,fato,dengue,2018.0,tp_evolucao_caso,4,inteiro
dengue_2018,fato,dengue,2018.0,dt_obito,10,texto
dengue_2018,fato,dengue,2018.0,dt_encerramento,379,texto
dengue_2018,fato,dengue,2018.0,alrm_hipot,2,inteiro
dengue_2018,fato,dengue,2018.0,alrm_plaq,2,inteiro
dengue_2018,fato,dengue,2018.0,alrm_vom,2,inteiro
dengue_2018,fato,dengue,2018.0,alrm_sang,2,inteiro
dengue_2018,fato,dengue,2018.0,alrm_hemat,2,inteiro
dengue_2018,fato,dengue,2018.0,alrm_abdom,2,inteiro
dengue_2018,fato,dengue,2018.0,alrm_letar,2,inteiro
dengue_2018,fato,dengue,2018.0,alrm_hepat,2,inteiro
dengue_2018,fato,dengue,2018.0,alrm_liq,2,inteiro
dengue_2018,fato,dengue,2018.0,dt_alrm,25,texto
dengue_2018,fato,dengue,2018.0,epistaxe,0,vazio
dengue_2018,fato,dengue,2018.0,gengivo,0,vazio
dengue_2018,fato,dengue,2018.0,metro,0,vazio
dengue_2018,fato,dengue,2018.0,petequias,0,vazio
dengue_2018,fato,dengue,2018.0,hematura,0,vazio
dengue_2018,fato,dengue,2018.0,sangram,0,vazio
dengue_2018,fato,dengue,2018.0,laco_n,0,vazio
dengue_2018,fato,dengue,2018.0,plasmatico,0,vazio
dengue_2018,fato,dengue,2018.0,evidencia,0,vazio
dengue_2018,fato,dengue,2018.0,plaq_menor,0,vazio
dengue_2018,fato,dengue,2018.0,con_fhd,0,vazio
dengue_2017,fato,dengue,2017.0,nu_notificacao,2440,inteiro
dengue_2017,fato,dengue,2017.0,tp_notificacao,1,inteiro
dengue_2017,fato,dengue,2017.0,co_cid,1,texto
dengue_2017,fato,dengue,2017.0,dt_notificacao,319,texto
dengue_2017,fato,dengue,2017.0,ds_semana_notificacao,65,inteiro
dengue_2017,fato,dengue,2017.0,notificacao_ano,3,inteiro
dengue_2017,fato,dengue,2017.0,co_uf_notificacao,5,inteiro
dengue_2017,fato,dengue,2017.0,co_municipio_notificacao,14,inteiro
dengue_2017,fato,dengue,2017.0,id_regional,9,inteiro
dengue_2017,fato,dengue,2017.0,co_unidade_notificacao,85,inteiro
dengue_2017,fato,dengue,2017.0,dt_diagnostico_sintoma,363,texto
dengue_2017,fato,dengue,2017.0,ds_semana_sintoma,52,inteiro
dengue_2017,fato,dengue,2017.0,dt_nascimento,785,texto
dengue_2017,fato,dengue,2017.0,nu_idade,113,inteiro
dengue_2017,fato,dengue,2017.0,tp_sexo,3,texto
dengue_2017,fato,dengue,2017.0,tp_gestante,7,inteiro
dengue_2017,fato,dengue,2017.0,tp_raca_cor,6,inteiro
dengue_2017,fato,dengue,2017.0,tp_escolaridade,11,inteiro
dengue_2017,fato,dengue,2017.0,co_uf_residencia,1,inteiro
dengue_2017,fato,dengue,2017.0,co_municipio_residencia,1,inteiro
dengue_2017,fato,dengue,2017.0,co_regional_residencia,1,inteiro
dengue_2017,fato,dengue,2017.0,co_distrito_residencia,8,inteiro
dengue_2017,fato,dengue,2017.0,co_bairro_residencia,91,inteiro
dengue_2017,fato,dengue,2017.0,no_bairro_residencia,91,texto
dengue_2017,fato,dengue,2017.0,co_logradouro_residencia,0,vazio
dengue_2017,fato,dengue,2017.0,nome_logradouro_residencia,2013,texto
dengue_2017,fato,dengue,2017.0,nu_cep_residencia,766,inteiro
dengue_2017,fato,dengue,2017.0,tp_zona_residencia,3,inteiro
dengue_2017,fato,dengue,2017.0,co_pais_residencia,1,inteiro
dengue_2017,fato,dengue,2017.0,dt_investigacao,314,texto
dengue_2017,fato,dengue,2017.0,co_cbo_ocupacao,25,texto
dengue_2017,fato,dengue,2017.0,febre,2,inteiro
dengue_2017,fato,dengue,2017.0,mialgia,2,inteiro
dengue_2017,fato,dengue,2017.0,cefaleia,2,inteiro
dengue_2017,fato,dengue,2017.0,exantema,2,inteiro
dengue_2017,fato,dengue,2017.0,vomito,2,inteiro
dengue_2017,fato,dengue,2017.0,nausea,2,inteiro
dengue_2017,fato,dengue,2017.0,dor_costas,2,inteiro
dengue_2017,fato,dengue,2017.0,conjutivite,2,inteiro
dengue_2017,fato,dengue,2017.0,artrite,2,inteiro
dengue_2017,fato,dengue,2017.0,artralgia,2,inteiro
dengue_2017,fato,dengue,2017.0,petequia_n,2,inteiro
dengue_2017,fato,dengue,2017.0,leucopenia,2,inteiro
dengue_2017,fato,dengue,2017.0,laco,2,inteiro
dengue_2017,fato,dengue,2017.0,dor_retro,2,inteiro
dengue_2017,fato,dengue,2017.0,diabetes,2,inteiro
dengue_2017,fato,dengue,2017.0,hematolog,2,inteiro
dengue_2017,fato,dengue,2017.0,hepatopat,2,inteiro
dengue_2017,fato,dengue,2017.0,renal,2,inteiro
dengue_2017,fato,dengue,2017.0,hipertensao,2,inteiro
dengue_2017,fato,dengue,2017.0,acido_pept,2,inteiro
dengue_2017,fato,dengue,2017.0,auto_imune,2,inteiro
dengue_2017,fato,dengue,2017.0,dt_chil_s1,18,texto
dengue_2017,fato,dengue,2017.0,dt_chil_s2,0,vazio
dengue_2017,fato,dengue,2017.0,dt_prnt,4,texto
dengue_2017,fato,dengue,2017.0,res_chiks1,3,inteiro
dengue_2017,fato,dengue,2017.0,res_chiks2,3,inteiro
dengue_2017,fato,dengue,2017.0,resul_prnt,2,inteiro
dengue_2017,fato,dengue,2017.0,dt_coleta_exame,89,texto
dengue_2017,fato,dengue,2017.0,tp_result_exame,4,inteiro
dengue_2017,fato,dengue,2017.0,dt_coleta_NS1,3,texto
dengue_2017,fato,dengue,2017.0,Tp_result_NS1,3,inteiro
dengue_2017,fato,dengue,2017.0,dt_coleta_isolamento,4,texto
dengue_2017,fato,dengue,2017.0,tp_result_isolamento,3,inteiro
dengue_2017,fato,dengue,2017.0,dt_coleta_rtpcr,18,texto
dengue_2017,fato,dengue,2017.0,tp_result_rtpcr,4,inteiro
dengue_2017,fato,dengue,2017.0,tp_sorotipo,1,inteiro
dengue_2017,fato,dengue,2017.0,tp_result_histopatologia,1,inteiro
dengue_2017,fato,dengue,2017.0,tp_result_imunohistoquimica,4,inteiro
dengue_2017,fato,dengue,2017.0,st_ocorreu_hospitalizacao,3,inteiro
dengue_2017,fato,dengue,2017.0,dt_internacao,75,texto
dengue_2017,fato,dengue,2017.0,co_uf_hospital,1,inteiro
dengue_2017,fato,dengue,2017.0,co_municipio_hospital,0,vazio
dengue_2017,fato,dengue,2017.0,tp_autoctone_residencia,3,inteiro
dengue_2017,fato,dengue,2017.0,co_uf_infeccao,1,inteiro
dengue_2017,fato,dengue,2017.0,co_pais_infeccao,1,inteiro
dengue_2017,fato,dengue,2017.0,co_municipio_infeccao,1,inteiro
dengue_2017,fato,dengue,2017.0,co_distrito_infeccao,7,inteiro
dengue_2017,fato,dengue,2017.0,co_bairro_infeccao,41,inteiro
dengue_2017,fato,dengue,2017.0,no_bairro_infeccao,41,texto
dengue_2017,fato,dengue,2017.0,tp_classificacao_final,4,inteiro
dengue_2017,fato,dengue,2017.0,tp_criterio_confirmacao,2,inteiro
dengue_2017,fato,dengue,2017.0,st_doenca_trabalho,0,vazio
dengue_2017,fato,dengue,2017.0,clinc_chik,2,inteiro
dengue_2017,fato,dengue,2017.0,tp_evolucao_caso,3,inteiro
dengue_2017,fato,dengue,2017.0,dt_obito,13,texto
dengue_2017,fato,dengue,2017.0,dt_encerramento,376,texto
dengue_2017,fato,dengue,2017.0,alrm_hipot,1,inteiro
dengue_2017,fato,dengue,2017.0,alrm_plaq,2,inteiro
dengue_2017,fato,dengue,2017.0,alrm_vom,1,inteiro
dengue_2017,fato,dengue,2017.0,alrm_sang,2,inteiro
dengue_2017,fato,dengue,2017.0,alrm_hemat,1,inteiro
dengue_2017,fato,dengue,2017.0,alrm_abdom,2,inteiro
dengue_2017,fato,dengue,2017.0,alrm_letar,1,inteiro
dengue_2017,fato,dengue,2017.0,alrm_hepat,1,inteiro
dengue_2017,fato,dengue,2017.0,alrm_liq,1,inteiro
dengue_2017,fato,dengue,2017.0,dt_alrm,3,texto
dengue_2017,fato,dengue,2017.0,epistaxe,0,vazio
dengue_2017,fato,dengue,2017.0,gengivo,0,vazio
dengue_2017,fato,dengue,2017.0,metro,0,vazio
dengue_2017,fato,dengue,2017.0,petequias,0,vazio
dengue_2017,fato,dengue,2017.0,hematura,0,vazio
dengue_2017,fato,dengue,2017.0,sangram,0,vazio
dengue_2017,fato,dengue,2017.0,laco_n,0,vazio
dengue_2017,fato,dengue,2017.0,plasmatico,0,vazio
dengue_2017,fato,dengue,2017.0,evidencia,0,vazio
dengue_2017,fato,dengue,2017.0,plaq_menor,0,vazio
dengue_2016,fato,dengue,2016.0,nu_notificacao,18070,inteiro
dengue_2016,fato,dengue,2016.0,tp_notificacao,1,inteiro
dengue_2016,fato,dengue,2016.0,co_cid,1,texto
dengue_2016,fato,dengue,2016.0,dt_notificacao,377,texto
dengue_2016,fato,dengue,2016.0,ds_semana_notificacao,69,inteiro
dengue_2016,fato,dengue,2016.0,notificacao_ano,3,inteiro
dengue_2016,fato,dengue,2016.0,co_uf_notificacao,13,inteiro
dengue_2016,fato,dengue,2016.0,co_municipio_notificacao,53,inteiro
dengue_2016,fato,dengue,2016.0,id_regional,31,inteiro
dengue_2016,fato,dengue,2016.0,co_unidade_notificacao,294,inteiro
dengue_2016,fato,dengue,2016.0,dt_diagnostico_sintoma,364,texto
dengue_2016,fato,dengue,2016.0,ds_semana_sintoma,52,inteiro
dengue_2016,fato,dengue,2016.0,dt_nascimento,1119,texto
dengue_2016,fato,dengue,2016.0,nu_idade,144,inteiro
dengue_2016,fato,dengue,2016.0,tp_sexo,3,texto
dengue_2016,fato,dengue,2016.0,tp_gestante,7,inteiro
dengue_2016,fato,dengue,2016.0,tp_raca_cor,6,inteiro
dengue_2016,fato,dengue,2016.0,tp_escolaridade,11,inteiro
dengue_2016,fato,dengue,2016.0,co_uf_residencia,1,inteiro
dengue_2016,fato,dengue,2016.0,co_municipio_residencia,1,inteiro
dengue_2016,fato,dengue,2016.0,co_regional_residencia,1,inteiro
dengue_2016,fato,dengue,2016.0,co_distrito_residencia,10,inteiro
dengue_2016,fato,dengue,2016.0,co_bairro_residencia,94,inteiro
dengue_2016,fato,dengue,2016.0,no_bairro_residencia,100,texto
dengue_2016,fato,dengue,2016.0,co_logradouro_residencia,0,vazio
dengue_2016,fato,dengue,2016.0,nome_logradouro_residencia,10628,texto
dengue_2016,fato,dengue,2016.0,nu_cep_residencia,2461,inteiro
dengue_2016,fato,dengue,2016.0,tp_zona_residencia,4,inteiro
dengue_2016,fato,dengue,2016.0,co_pais_residencia,1,inteiro
dengue_2016,fato,dengue,2016.0,dt_investigacao,391,texto
dengue_2016,fato,dengue,2016.0,co_cbo_ocupacao,76,inteiro
dengue_2016,fato,dengue,2016.0,febre,2,inteiro
dengue_2016,fato,dengue,2016.0,mialgia,2,inteiro
dengue_2016,fato,dengue,2016.0,cefaleia,2,inteiro
dengue_2016,fato,dengue,2016.0,exantema,2,inteiro
dengue_2016,fato,dengue,2016.0,vomito,2,inteiro
dengue_2016,fato,dengue,2016.0,nausea,2,inteiro
dengue_2016,fato,dengue,2016.0,dor_costas,2,inteiro
dengue_2016,fato,dengue,2016.0,conjutivite,2,inteiro
dengue_2016,fato,dengue,2016.0,artrite,2,inteiro
dengue_2016,fato,dengue,2016.0,artralgia,2,inteiro
dengue_2016,fato,dengue,2016.0,petequia_n,2,inteiro
dengue_2016,fato,dengue,2016.0,leucopenia,2,inteiro
dengue_2016,fato,dengue,2016.0,laco,2,inteiro
dengue_2016,fato,dengue,2016.0,dor_retro,2,inteiro
dengue_2016,fato,dengue,2016.0,diabetes,2,inteiro
dengue_2016,fato,dengue,2016.0,hematolog,2,inteiro
dengue_2016,fato,dengue,2016.0,hepatopat,2,inteiro
dengue_2016,fato,dengue,2016.0,renal,2,inteiro
dengue_2016,fato,dengue,2016.0,hipertensao,2,inteiro
dengue_2016,fato,dengue,2016.0,acido_pept,2,inteiro
dengue_2016,fato,dengue,2016.0,auto_imune,2,inteiro
dengue_2016,fato,dengue,2016.0,dt_chil_s1,31,texto
dengue_2016,fato,dengue,2016.0,dt_chil_s2,0,vazio
dengue_2016,fato,dengue,2016.0,dt_prnt,2,texto
dengue_2016,fato,dengue,2016.0,res_chiks1,4,inteiro
dengue_2016,fato,dengue,2016.0,res_chiks2,2,inteiro
dengue_2016,fato,dengue,2016.0,resul_prnt,2,inteiro
dengue_2016,fato,dengue,2016.0,dt_coleta_exame,194,texto
dengue_2016,fato,dengue,2016.0,tp_result_exame,4,inteiro
dengue_2016,fato,dengue,2016.0,dt_coleta_NS1,15,texto
dengue_2016,fato,dengue,2016.0,Tp_result_NS1,4,inteiro
dengue_2016,fato,dengue,2016.0,dt_coleta_isolamento,34,texto
dengue_2016,fato,dengue,2016.0,tp_result_isolamento,3,inteiro
dengue_2016,fato,dengue,2016.0,dt_coleta_rtpcr,39,texto
dengue_2016,fato,dengue,2016.0,tp_result_rtpcr,4,inteiro
dengue_2016,fato,dengue,2016.0,tp_sorotipo,2,inteiro
dengue_2016,fato,dengue,2016.0,tp_result_histopatologia,3,inteiro
dengue_2016,fato,dengue,2016.0,tp_result_imunohistoquimica,4,inteiro
dengue_2016,fato,dengue,2016.0,st_ocorreu_hospitalizacao,3,inteiro
dengue_2016,fato,dengue,2016.0,dt_internacao,159,texto
dengue_2016,fato,dengue,2016.0,co_uf_hospital,2,inteiro
dengue_2016,fato,dengue,2016.0,co_municipio_hospital,4,inteiro
dengue_2016,fato,dengue,2016.0,tp_autoctone_residencia,3,inteiro
dengue_2016,fato,dengue,2016.0,co_uf_infeccao,1,inteiro
dengue_2016,fato,dengue,2016.0,co_pais_infeccao,1,inteiro
dengue_2016,fato,dengue,2016.0,co_municipio_infeccao,1,inteiro
dengue_2016,fato,dengue,2016.0,co_distrito_infeccao,9,inteiro
dengue_2016,fato,dengue,2016.0,co_bairro_infeccao,75,inteiro
dengue_2016,fato,dengue,2016.0,no_bairro_infeccao,81,texto
dengue_2016,fato,dengue,2016.0,tp_classificacao_final,7,inteiro
dengue_2016,fato,dengue,2016.0,tp_criterio_confirmacao,3,inteiro
dengue_2016,fato,dengue,2016.0,st_doenca_trabalho,3,inteiro
dengue_2016,fato,dengue,2016.0,clinc_chik,2,inteiro
dengue_2016,fato,dengue,2016.0,tp_evolucao_caso,5,inteiro
dengue_2016,fato,dengue,2016.0,dt_obito,85,texto
dengue_2016,fato,dengue,2016.0,dt_encerramento,461,texto
dengue_2016,fato,dengue,2016.0,alrm_hipot,2,inteiro
dengue_2016,fato,dengue,2016.0,alrm_plaq,1,inteiro
dengue_2016,fato,dengue,2016.0,alrm_vom,2,inteiro
dengue_2016,fato,dengue,2016.0,alrm_sang,2,inteiro
dengue_2016,fato,dengue,2016.0,alrm_hemat,1,inteiro
dengue_2016,fato,dengue,2016.0,alrm_abdom,2,inteiro
dengue_2016,fato,dengue,2016.0,alrm_letar,2,inteiro
dengue_2016,fato,dengue,2016.0,alrm_hepat,1,inteiro
dengue_2016,fato,dengue,2016.0,alrm_liq,1,inteiro
dengue_2016,fato,dengue,2016.0,dt_alrm,23,texto
dengue_2016,fato,dengue,2016.0,grav_pulso,1,inteiro
dengue_2016,fato,dengue,2016.0,grav_conv,1,inteiro
dengue_2016,fato,dengue,2016.0,grav_ench,1,inteiro
dengue_2016,fato,dengue,2016.0,grav_insuf,1,inteiro
dengue_2016,fato,dengue,2016.0,grav_taqui,1,inteiro
dengue_2016,fato,dengue,2016.0,grav_extre,1,inteiro
dengue_2016,fato,dengue,2016.0,grav_hipot,1,inteiro
dengue_2016,fato,dengue,2016.0,grav_hemat,1,inteiro
dengue_2016,fato,dengue,2016.0,grav_melen,1,inteiro
dengue_2016,fato,dengue,2016.0,grav_metro,1,inteiro
dengue_2016,fato,dengue,2016.0,grav_sang,1,inteiro
dengue_2016,fato,dengue,2016.0,grav_ast,1,inteiro
dengue_2016,fato,dengue,2016.0,grav_mioc,1,inteiro
dengue_2016,fato,dengue,2016.0,grav_consc,1,inteiro
dengue_2016,fato,dengue,2016.0,grav_orgao,1,inteiro
dengue_2016,fato,dengue,2016.0,dt_grav,1,texto
dengue_2016,fato,dengue,2016.0,mani_hemor,2,inteiro
dengue_2016,fato,dengue,2016.0,epistaxe,0,vazio
dengue_2016,fato,dengue,2016.0,gengivo,0,vazio
dengue_2016,fato,dengue,2016.0,metro,0,vazio
dengue_2016,fato,dengue,2016.0,petequias,0,vazio
dengue_2016,fato,dengue,2016.0,hematura,0,vazio
dengue_2016,fato,dengue,2016.0,sangram,0,vazio
dengue_2016,fato,dengue,2016.0,laco_n,0,vazio
dengue_2016,fato,dengue,2016.0,plasmatico,0,vazio
dengue_2016,fato,dengue,2016.0,evidencia,0,vazio
dengue_2016,fato,dengue,2016.0,plaq_menor,2,inteiro
dengue_2016,fato,dengue,2016.0,con_fhd,0,vazio
dengue_2016,fato,dengue,2016.0,complica,1,inteiro
dengue_2015,fato,dengue,2015.0,nu_notificacao,33498,texto
dengue_2015,fato,dengue,2015.0,tp_notificacao,1,inteiro
dengue_2015,fato,dengue,2015.0,co_cid,1,texto
dengue_2015,fato,dengue,2015.0,dt_notificacao,448,texto
dengue_2015,fato,dengue,2015.0,ds_semana_notificacao,80,inteiro
dengue_2015,fato,dengue,2015.0,notificacao_ano,3,inteiro
dengue_2015,fato,dengue,2015.0,co_uf_notificacao,12,inteiro
dengue_2015,fato,dengue,2015.0,co_municipio_notificacao,43,inteiro
dengue_2015,fato,dengue,2015.0,id_regional,23,decimal
dengue_2015,fato,dengue,2015.0,co_unidade_notificacao,333,inteiro
dengue_2015,fato,dengue,2015.0,dt_diagnostico_sintoma,364,texto
dengue_2015,fato,dengue,2015.0,ds_semana_sintoma,52,inteiro
dengue_2015,fato,dengue,2015.0,dt_nascimento,1075,texto
dengue_2015,fato,dengue,2015.0,nu_idade,151,inteiro
dengue_2015,fato,dengue,2015.0,tp_sexo,3,texto
dengue_2015,fato,dengue,2015.0,tp_gestante,7,decimal
dengue_2015,fato,dengue,2015.0,tp_raca_cor,6,decimal
dengue_2015,fato,dengue,2015.0,tp_escolaridade,11,decimal
dengue_2015,fato,dengue,2015.0,co_uf_residencia,1,decimal
dengue_2015,fato,dengue,2015.0,co_municipio_residencia,1,inteiro
dengue_2015,fato,dengue,2015.0,co_regional_residencia,1,inteiro
dengue_2015,fato,dengue,2015.0,co_distrito_residencia,11,decimal
dengue_2015,fato,dengue,2015.0,co_bairro_residencia,95,decimal
dengue_2015,fato,dengue,2015.0,no_bairro_residencia,125,texto
dengue_2015,fato,dengue,2015.0,co_logradouro_residencia,0,vazio
dengue_2015,fato,dengue,2015.0,nome_logradouro_residencia,16377,texto
dengue_2015,fato,dengue,2015.0,nu_cep_residencia,3549,decimal
dengue_2015,fato,dengue,2015.0,tp_zona_residencia,4,decimal
dengue_2015,fato,dengue,2015.0,co_pais_residencia,1,inteiro
dengue_2015,fato,dengue,2015.0,dt_investigacao,474,texto
dengue_2015,fato,dengue,2015.0,co_cbo_ocupacao,110,texto
dengue_2015,fato,dengue,2015.0,febre,2,decimal
dengue_2015,fato,dengue,2015.0,mialgia,2,decimal
dengue_2015,fato,dengue,2015.0,cefaleia,2,decimal
dengue_2015,fato,dengue,2015.0,exantema,2,decimal
dengue_2015,fato,dengue,2015.0,vomito,2,decimal
dengue_2015,fato,dengue,2015.0,nausea,2,decimal
dengue_2015,fato,dengue,2015.0,dor_costas,2,decimal
dengue_2015,fato,dengue,2015.0,conjutivite,2,decimal
dengue_2015,fato,dengue,2015.0,artrite,2,decimal
dengue_2015,fato,dengue,2015.0,artralgia,2,decimal
dengue_2015,fato,dengue,2015.0,petequia_n,2,decimal
dengue_2015,fato,dengue,2015.0,leucopenia,2,decimal
dengue_2015,fato,dengue,2015.0,laco,2,decimal
dengue_2015,fato,dengue,2015.0,dor_retro,2,decimal
dengue_2015,fato,dengue,2015.0,diabetes,2,decimal
dengue_2015,fato,dengue,2015.0,hematolog,2,decimal
dengue_2015,fato,dengue,2015.0,hepatopat,2,decimal
dengue_2015,fato,dengue,2015.0,renal,2,decimal
dengue_2015,fato,dengue,2015.0,hipertensao,2,decimal
dengue_2015,fato,dengue,2015.0,acido_pept,2,decimal
dengue_2015,fato,dengue,2015.0,auto_imune,2,decimal
dengue_2015,fato,dengue,2015.0,dt_chil_s1,5,texto
dengue_2015,fato,dengue,2015.0,dt_chil_s2,0,vazio
dengue_2015,fato,dengue,2015.0,dt_prnt,0,vazio
dengue_2015,fato,dengue,2015.0,res_chiks1,4,decimal
dengue_2015,fato,dengue,2015.0,res_chiks2,2,decimal
dengue_2015,fato,dengue,2015.0,resul_prnt,2,decimal
dengue_2015,fato,dengue,2015.0,dt_coleta_exame,308,texto
dengue_2015,fato,dengue,2015.0,tp_result_exame,4,decimal
dengue_2015,fato,dengue,2015.0,dt_coleta_NS1,70,texto
dengue_2015,fato,dengue,2015.0,Tp_result_NS1,4,decimal
dengue_2015,fato,dengue,2015.0,dt_coleta_isolamento,91,texto
dengue_2015,fato,dengue,2015.0,tp_result_isolamento,4,decimal
dengue_2015,fato,dengue,2015.0,dt_coleta_rtpcr,66,texto
dengue_2015,fato,dengue,2015.0,tp_result_rtpcr,4,decimal
dengue_2015,fato,dengue,2015.0,tp_sorotipo,4,decimal
dengue_2015,fato,dengue,2015.0,tp_result_histopatologia,4,decimal
dengue_2015,fato,dengue,2015.0,tp_result_imunohistoquimica,4,decimal
dengue_2015,fato,dengue,2015.0,st_ocorreu_hospitalizacao,3,decimal
dengue_2015,fato,dengue,2015.0,dt_internacao,236,texto
dengue_2015,fato,dengue,2015.0,co_uf_hospital,1,decimal
dengue_2015,fato,dengue,2015.0,co_municipio_hospital,2,decimal
dengue_2015,fato,dengue,2015.0,tp_autoctone_residencia,3,decimal
dengue_2015,fato,dengue,2015.0,co_uf_infeccao,3,decimal
dengue_2015,fato,dengue,2015.0,co_pais_infeccao,1,decimal
dengue_2015,fato,dengue,2015.0,co_municipio_infeccao,5,decimal
dengue_2015,fato,dengue,2015.0,co_distrito_infeccao,7,decimal
dengue_2015,fato,dengue,2015.0,co_bairro_infeccao,81,decimal
dengue_2015,fato,dengue,2015.0,no_bairro_infeccao,87,texto
dengue_2015,fato,dengue,2015.0,tp_classificacao_final,7,decimal
dengue_2015,fato,dengue,2015.0,tp_criterio_confirmacao,3,decimal
dengue_2015,fato,dengue,2015.0,st_doenca_trabalho,3,decimal
dengue_2015,fato,dengue,2015.0,clinc_chik,1,decimal
dengue_2015,fato,dengue,2015.0,tp_evolucao_caso,5,decimal
dengue_2015,fato,dengue,2015.0,dt_obito,29,texto
dengue_2015,fato,dengue,2015.0,dt_encerramento,538,texto
dengue_2015,fato,dengue,2015.0,alrm_hipot,1,decimal
dengue_2015,fato,dengue,2015.0,alrm_plaq,2,decimal
dengue_2015,fato,dengue,2015.0,alrm_vom,2,decimal
dengue_2015,fato,dengue,2015.0,alrm_sang,2,decimal
dengue_2015,fato,dengue,2015.0,alrm_hemat,1,decimal
dengue_2015,fato,dengue,2015.0,alrm_abdom,2,decimal
dengue_2015,fato,dengue,2015.0,alrm_letar,1,decimal
dengue_2015,fato,dengue,2015.0,alrm_hepat,1,decimal
dengue_2015,fato,dengue,2015.0,alrm_liq,1,decimal
dengue_2015,fato,dengue,2015.0,dt_alrm,4,texto
dengue_2015,fato,dengue,2015.0,grav_pulso,1,decimal
dengue_2015,fato,dengue,2015.0,grav_conv,1,decimal
dengue_2015,fato,dengue,2015.0,grav_ench,1,decimal
dengue_2015,fato,dengue,2015.0,grav_insuf,2,decimal
dengue_2015,fato,dengue,2015.0,grav_taqui,1,decimal
dengue_2015,fato,dengue,2015.0,grav_extre,1,decimal
dengue_2015,fato,dengue,2015.0,grav_hipot,1,decimal
dengue_2015,fato,dengue,2015.0,grav_hemat,1,decimal
dengue_2015,fato,dengue,2015.0,grav_melen,1,decimal
dengue_2015,fato,dengue,2015.0,grav_metro,2,decimal
dengue_2015,fato,dengue,2015.0,grav_sang,1,decimal
dengue_2015,fato,dengue,2015.0,grav_ast,1,decimal
dengue_2015,fato,dengue,2015.0,grav_mioc,1,decimal
dengue_2015,fato,dengue,2015.0,grav_consc,1,decimal
dengue_2015,fato,dengue,2015.0,grav_orgao,1,decimal
dengue_2015,fato,dengue,2015.0,dt_grav,1,texto
dengue_2015,fato,dengue,2015.0,mani_hemor,2,decimal
dengue_2015,fato,dengue,2015.0,epistaxe,3,decimal
dengue_2015,fato,dengue,2015.0,gengivo,3,decimal
dengue_2015,fato,dengue,2015.0,metro,2,decimal
dengue_2015,fato,dengue,2015.0,petequias,2,decimal
dengue_2015,fato,dengue,2015.0,hematura,3,decimal
dengue_2015,fato,dengue,2015.0,sangram,3,decimal
dengue_2015,fato,dengue,2015.0,laco_n,3,decimal
dengue_2015,fato,dengue,2015.0,plasmatico,3,decimal
dengue_2015,fato,dengue,2015.0,evidencia,1,decimal
dengue_2015,fato,dengue,2015.0,plaq_menor,6,decimal
dengue_2015,fato,dengue,2015.0,con_fhd,0,vazio
dengue_2015,fato,dengue,2015.0,complica,4,decimal
dengue_2014,fato,dengue,2014.0,nu_notificacao,1177,inteiro
dengue_2014,fato,dengue,2014.0,tp_notificacao,1,inteiro
dengue_2014,fato,dengue,2014.0,co_cid,1,texto
dengue_2014,fato,dengue,2014.0,dt_notificacao,184,texto
dengue_2014,fato,dengue,2014.0,ds_semana_notificacao,31,inteiro
dengue_2014,fato,dengue,2014.0,notificacao_ano,1,inteiro
dengue_2014,fato,dengue,2014.0,co_uf_notificacao,2,inteiro
dengue_2014,fato,dengue,2014.0,co_municipio_notificacao,3,inteiro
dengue_2014,fato,dengue,2014.0,id_regional,1,inteiro
dengue_2014,fato,dengue,2014.0,co_unidade_notificacao,69,inteiro
dengue_2014,fato,dengue,2014.0,dt_diagnostico_sintoma,224,texto
dengue_2014,fato,dengue,2014.0,ds_semana_sintoma,40,inteiro
dengue_2014,fato,dengue,2014.0,dt_nascimento,1069,texto
dengue_2014,fato,dengue,2014.0,nu_idade,92,inteiro
dengue_2014,fato,dengue,2014.0,tp_sexo,3,texto
dengue_2014,fato,dengue,2014.0,tp_gestante,6,inteiro
dengue_2014,fato,dengue,2014.0,tp_raca_cor,6,inteiro
dengue_2014,fato,dengue,2014.0,tp_escolaridade,11,inteiro
dengue_2014,fato,dengue,2014.0,co_uf_residencia,1,inteiro
dengue_2014,fato,dengue,2014.0,co_municipio_residencia,1,inteiro
dengue_2014,fato,dengue,2014.0,co_regional_residencia,1,inteiro
dengue_2014,fato,dengue,2014.0,co_distrito_residencia,6,inteiro
dengue_2014,fato,dengue,2014.0,co_bairro_residencia,88,inteiro
dengue_2014,fato,dengue,2014.0,no_bairro_residencia,88,texto
dengue_2014,fato,dengue,2014.0,co_logradouro_residencia,0,vazio
dengue_2014,fato,dengue,2014.0,nome_logradouro_residencia,1018,texto
dengue_2014,fato,dengue,2014.0,co_geo_campo_1,0,vazio
dengue_2014,fato,dengue,2014.0,co_geo_campo_2,0,vazio
dengue_2014,fato,dengue,2014.0,ds_referencia_residencia,69,texto
dengue_2014,fato,dengue,2014.0,nu_cep_residencia,273,inteiro
dengue_2014,fato,dengue,2014.0,tp_zona_residencia,4,inteiro
dengue_2014,fato,dengue,2014.0,co_pais_residencia,1,inteiro
dengue_2014,fato,dengue,2014.0,tp_duplicidade,1,inteiro
dengue_2014,fato,dengue,2014.0,dt_digitacao,122,texto
dengue_2014,fato,dengue,2014.0,dt_transf_us,0,vazio
dengue_2014,fato,dengue,2014.0,dt_transf_dm,80,texto
dengue_2014,fato,dengue,2014.0,dt_transf_sm,45,texto
dengue_2014,fato,dengue,2014.0,dt_transf_rm,0,vazio
dengue_2014,fato,dengue,2014.0,dt_transf_rs,0,vazio
dengue_2014,fato,dengue,2014.0,dt_transf_se,0,vazio
dengue_2014,fato,dengue,2014.0,nu_lote_vertical,45,inteiro
dengue_2014,fato,dengue,2014.0,nu_lote_horizontal,0,vazio
dengue_2014,fato,dengue,2014.0,tp_fluxo_retorno,0,vazio
dengue_2014,fato,dengue,2014.0,st_fluxo_retorno_recebido,0,vazio
dengue_2014,fato,dengue,2014.0,ds_identificador_registro,0,vazio
dengue_2014,fato,dengue,2014.0,st_importado,0,vazio
dengue_2014,fato,dengue,2014.0,dt_investigacao,200,texto
dengue_2014,fato,dengue,2014.0,co_cbo_ocupacao,16,inteiro
dengue_2014,fato,dengue,2014.0,dt_coleta_exame,119,texto
dengue_2014,fato,dengue,2014.0,tp_result_exame,4,inteiro
dengue_2014,fato,dengue,2014.0,dt_coleta_NS1,5,texto
dengue_2014,fato,dengue,2014.0,Tp_result_NS1,3,inteiro
dengue_2014,fato,dengue,2014.0,dt_coleta_isolamento,5,texto
dengue_2014,fato,dengue,2014.0,tp_result_isolamento,4,inteiro
dengue_2014,fato,dengue,2014.0,dt_coleta_rtpcr,13,texto
dengue_2014,fato,dengue,2014.0,tp_result_rtpcr,4,inteiro
dengue_2014,fato,dengue,2014.0,tp_sorotipo,1,inteiro
dengue_2014,fato,dengue,2014.0,tp_result_histopatologia,2,inteiro
dengue_2014,fato,dengue,2014.0,tp_result_imunohistoquimica,2,inteiro
dengue_2014,fato,dengue,2014.0,tp_classificacao_final,2,inteiro
dengue_2014,fato,dengue,2014.0,tp_criterio_confirmacao,2,inteiro
dengue_2014,fato,dengue,2014.0,tp_autoctone_residencia,3,inteiro
dengue_2014,fato,dengue,2014.0,co_uf_infeccao,1,inteiro
dengue_2014,fato,dengue,2014.0,co_pais_infeccao,1,inteiro
dengue_2014,fato,dengue,2014.0,co_municipio_infeccao,2,inteiro
dengue_2014,fato,dengue,2014.0,co_distrito_infeccao,5,inteiro
dengue_2014,fato,dengue,2014.0,co_bairro_infeccao,24,inteiro
dengue_2014,fato,dengue,2014.0,no_bairro_infeccao,0,vazio
dengue_2014,fato,dengue,2014.0,st_doenca_trabalho,3,inteiro
dengue_2014,fato,dengue,2014.0,tp_evolucao_caso,3,inteiro
dengue_2014,fato,dengue,2014.0,dt_obito,2,texto
dengue_2014,fato,dengue,2014.0,dt_encerramento,182,texto
dengue_2014,fato,dengue,2014.0,st_ocorreu_hospitalizacao,3,inteiro
dengue_2014,fato,dengue,2014.0,dt_internacao,17,texto
dengue_2014,fato,dengue,2014.0,co_uf_hospital,1,inteiro
dengue_2014,fato,dengue,2014.0,co_municipio_hospital,1,inteiro
dengue_2014,fato,dengue,2014.0,co_unidade_hospital,4,inteiro
dengue_2014,fato,dengue,2014.0,nu_ddd_hospital,0,vazio
dengue_2014,fato,dengue,2014.0,nu_telefone_hospital,45,inteiro
dengue_2013,fato,dengue,2013.0,nu_notificacao,3187,inteiro
dengue_2013,fato,dengue,2013.0,tp_notificacao,1,inteiro
dengue_2013,fato,dengue,2013.0,co_cid,1,texto
dengue_2013,fato,dengue,2013.0,dt_notificacao,341,texto
dengue_2013,fato,dengue,2013.0,ds_semana_notificacao,53,inteiro
dengue_2013,fato,dengue,2013.0,notificacao_ano,1,inteiro
dengue_2013,fato,dengue,2013.0,co_uf_notificacao,4,inteiro
dengue_2013,fato,dengue,2013.0,co_municipio_notificacao,14,inteiro
dengue_2013,fato,dengue,2013.0,id_regional,3,inteiro
dengue_2013,fato,dengue,2013.0,co_unidade_notificacao,98,inteiro
dengue_2013,fato,dengue,2013.0,dt_diagnostico_sintoma,358,texto
dengue_2013,fato,dengue,2013.0,ds_semana_sintoma,52,inteiro
dengue_2013,fato,dengue,2013.0,dt_nascimento,2726,texto
dengue_2013,fato,dengue,2013.0,nu_idade,102,inteiro
dengue_2013,fato,dengue,2013.0,tp_sexo,3,texto
dengue_2013,fato,dengue,2013.0,tp_gestante,7,inteiro
dengue_2013,fato,dengue,2013.0,tp_raca_cor,6,inteiro
dengue_2013,fato,dengue,2013.0,tp_escolaridade,11,inteiro
dengue_2013,fato,dengue,2013.0,co_uf_residencia,1,inteiro
dengue_2013,fato,dengue,2013.0,co_municipio_residencia,1,inteiro
dengue_2013,fato,dengue,2013.0,co_regional_residencia,1,inteiro
dengue_2013,fato,dengue,2013.0,co_distrito_residencia,6,inteiro
dengue_2013,fato,dengue,2013.0,co_bairro_residencia,92,inteiro
dengue_2013,fato,dengue,2013.0,no_bairro_residencia,92,texto
dengue_2013,fato,dengue,2013.0,co_logradouro_residencia,0,vazio
dengue_2013,fato,dengue,2013.0,nome_logradouro_residencia,2370,texto
dengue_2013,fato,dengue,2013.0,co_geo_campo_1,0,vazio
dengue_2013,fato,dengue,2013.0,co_geo_campo_2,0,vazio
dengue_2013,fato,dengue,2013.0,ds_referencia_residencia,234,texto
dengue_2013,fato,dengue,2013.0,nu_cep_residencia,631,inteiro
dengue_2013,fato,dengue,2013.0,tp_zona_residencia,3,inteiro
dengue_2013,fato,dengue,2013.0,co_pais_residencia,1,inteiro
dengue_2013,fato,dengue,2013.0,tp_duplicidade,1,inteiro
dengue_2013,fato,dengue,2013.0,dt_digitacao,256,texto
dengue_2013,fato,dengue,2013.0,dt_transf_us,0,vazio
dengue_2013,fato,dengue,2013.0,dt_transf_dm,130,texto
dengue_2013,fato,dengue,2013.0,dt_transf_sm,82,texto
dengue_2013,fato,dengue,2013.0,dt_transf_rm,0,vazio
dengue_2013,fato,dengue,2013.0,dt_transf_rs,0,vazio
dengue_2013,fato,dengue,2013.0,dt_transf_se,0,vazio
dengue_2013,fato,dengue,2013.0,nu_lote_vertical,82,inteiro
dengue_2013,fato,dengue,2013.0,nu_lote_horizontal,0,vazio
dengue_2013,fato,dengue,2013.0,tp_fluxo_retorno,0,vazio
dengue_2013,fato,dengue,2013.0,st_fluxo_retorno_recebido,0,vazio
dengue_2013,fato,dengue,2013.0,ds_identificador_registro,0,vazio
dengue_2013,fato,dengue,2013.0,st_importado,0,vazio
dengue_2013,fato,dengue,2013.0,dt_investigacao,353,texto
dengue_2013,fato,dengue,2013.0,co_cbo_ocupacao,20,inteiro
dengue_2013,fato,dengue,2013.0,dt_coleta_exame,211,texto
dengue_2013,fato,dengue,2013.0,tp_result_exame,4,inteiro
dengue_2013,fato,dengue,2013.0,dt_coleta_NS1,5,texto
dengue_2013,fato,dengue,2013.0,Tp_result_NS1,2,inteiro
dengue_2013,fato,dengue,2013.0,dt_coleta_isolamento,13,texto
dengue_2013,fato,dengue,2013.0,tp_result_isolamento,3,inteiro
dengue_2013,fato,dengue,2013.0,dt_coleta_rtpcr,10,texto
dengue_2013,fato,dengue,2013.0,tp_result_rtpcr,3,inteiro
dengue_2013,fato,dengue,2013.0,tp_sorotipo,2,inteiro
dengue_2013,fato,dengue,2013.0,tp_result_histopatologia,2,inteiro
dengue_2013,fato,dengue,2013.0,tp_result_imunohistoquimica,3,inteiro
dengue_2013,fato,dengue,2013.0,tp_classificacao_final,4,inteiro
dengue_2013,fato,dengue,2013.0,tp_criterio_confirmacao,2,inteiro
dengue_2013,fato,dengue,2013.0,tp_autoctone_residencia,3,inteiro
dengue_2013,fato,dengue,2013.0,co_uf_infeccao,3,inteiro
dengue_2013,fato,dengue,2013.0,co_pais_infeccao,1,inteiro
dengue_2013,fato,dengue,2013.0,co_municipio_infeccao,5,inteiro
dengue_2013,fato,dengue,2013.0,co_distrito_infeccao,4,inteiro
dengue_2013,fato,dengue,2013.0,co_bairro_infeccao,44,inteiro
dengue_2013,fato,dengue,2013.0,no_bairro_infeccao,0,vazio
dengue_2013,fato,dengue,2013.0,st_doenca_trabalho,3,inteiro
dengue_2013,fato,dengue,2013.0,tp_evolucao_caso,4,inteiro
dengue_2013,fato,dengue,2013.0,dt_obito,19,texto
dengue_2013,fato,dengue,2013.0,dt_encerramento,339,texto
dengue_2013,fato,dengue,2013.0,st_ocorreu_hospitalizacao,3,inteiro
dengue_2013,fato,dengue,2013.0,dt_internacao,29,texto
dengue_2013,fato,dengue,2013.0,co_uf_hospital,1,inteiro
dengue_2013,fato,dengue,2013.0,co_municipio_hospital,1,inteiro
dengue_2013,fato,dengue,2013.0,co_unidade_hospital,11,inteiro
dengue_2013,fato,dengue,2013.0,nu_ddd_hospital,1,inteiro
dengue_2013,fato,dengue,2013.0,nu_telefone_hospital,82,inteiro
bairro,dimensao,bairro,,Nº Localidade,95,inteiro
bairro,dimensao,bairro,,Nome Localidade,95,texto
bairro,dimensao,bairro,,Nome Município,1,texto
distrito,dimensao,distrito,,Código Distrito,6,inteiro
distrito,dimensao,distrito,,Distrito,6,texto
distrito,dimensao,distrito,,Código Município,1,inteiro
distrito,dimensao,distrito,,Município,1,texto
agravo,dimensao,agravo,,Código CID,6,texto
agravo,dimensao,agravo,,Agravo,6,texto
municipio,dimensao,municipio,,UF,1,texto
municipio,dimensao,municipio,,Código,186,inteiro
municipio,dimensao,municipio,,Município,186,texto
uf,dimensao,uf,,codigo,27,texto
uf,dimensao,uf,,sigla,27,texto
uf,dimensao,uf,,descricao,27,texto
