identificador,tipo,entidade,ano,coluna,quantidade_null,percentual_null
chikungunya_2025,fato,chikungunya,2025.0,NU_NOTIFIC,0,0.0
chikungunya_2025,fato,chikungunya,2025.0,TP_NOT,0,0.0
chikungunya_2025,fato,chikungunya,2025.0,ID_AGRAVO,0,0.0
chikungunya_2025,fato,chikungunya,2025.0,DT_NOTIFIC,0,0.0
chikungunya_2025,fato,chikungunya,2025.0,SEM_NOT,0,0.0
chikungunya_2025,fato,chikungunya,2025.0,NU_ANO,0,0.0
chikungunya_2025,fato,chikungunya,2025.0,SG_UF_NOT,0,0.0
chikungunya_2025,fato,chikungunya,2025.0,ID_MUNICIP,0,0.0
chikungunya_2025,fato,chikungunya,2025.0,ID_REGIONA,0,0.0
chikungunya_2025,fato,chikungunya,2025.0,ID_UNIDADE,0,0.0
chikungunya_2025,fato,chikungunya,2025.0,DT_SIN_PRI,0,0.0
chikungunya_2025,fato,chikungunya,2025.0,SEM_PRI,0,0.0
chikungunya_2025,fato,chikungunya,2025.0,DT_NASC,9,0.46
chikungunya_2025,fato,chikungunya,2025.0,NU_IDADE_N,0,0.0
chikungunya_2025,fato,chikungunya,2025.0,CS_SEXO,0,0.0
chikungunya_2025,fato,chikungunya,2025.0,CS_GESTANT,0,0.0
chikungunya_2025,fato,chikungunya,2025.0,CS_RACA,0,0.0
chikungunya_2025,fato,chikungunya,2025.0,CS_ESCOL_N,182,9.37
chikungunya_2025,fato,chikungunya,2025.0,SG_UF,0,0.0
chikungunya_2025,fato,chikungunya,2025.0,ID_MN_RESI,0,0.0
chikungunya_2025,fato,chikungunya,2025.0,ID_RG_RESI,0,0.0
chikungunya_2025,fato,chikungunya,2025.0,ID_DISTRIT,1,0.05
chikungunya_2025,fato,chikungunya,2025.0,ID_BAIRRO,1,0.05
chikungunya_2025,fato,chikungunya,2025.0,NM_BAIRRO,0,0.0
chikungunya_2025,fato,chikungunya,2025.0,ID_LOGRADO,1942,100.0
chikungunya_2025,fato,chikungunya,2025.0,NM_LOGRADO,3,0.15
chikungunya_2025,fato,chikungunya,2025.0,NU_CEP,1135,58.44
chikungunya_2025,fato,chikungunya,2025.0,ID_PAIS,0,0.0
chikungunya_2025,fato,chikungunya,2025.0,DT_INVEST,2,0.1
chikungunya_2025,fato,chikungunya,2025.0,ID_OCUPA_N,1839,94.7
chikungunya_2025,fato,chikungunya,2025.0,FEBRE,2,0.1
chikungunya_2025,fato,chikungunya,2025.0,MIALGIA,2,0.1
chikungunya_2025,fato,chikungunya,2025.0,CEFALEIA,2,0.1
chikungunya_2025,fato,chikungunya,2025.0,EXANTEMA,2,0.1
chikungunya_2025,fato,chikungunya,2025.0,VOMITO,2,0.1
chikungunya_2025,fato,chikungunya,2025.0,NAUSEA,2,0.1
chikungunya_2025,fato,chikungunya,2025.0,DOR_COSTAS,2,0.1
chikungunya_2025,fato,chikungunya,2025.0,CONJUNTVIT,2,0.1
chikungunya_2025,fato,chikungunya,2025.0,ARTRITE,2,0.1
chikungunya_2025,fato,chikungunya,2025.0,ARTRALGIA,2,0.1
chikungunya_2025,fato,chikungunya,2025.0,PETEQUIA_N,2,0.1
chikungunya_2025,fato,chikungunya,2025.0,LEUCOPENIA,2,0.1
chikungunya_2025,fato,chikungunya,2025.0,LACO,2,0.1
chikungunya_2025,fato,chikungunya,2025.0,DOR_RETRO,2,0.1
chikungunya_2025,fato,chikungunya,2025.0,DIABETES,2,0.1
chikungunya_2025,fato,chikungunya,2025.0,HEMATOLOG,2,0.1
chikungunya_2025,fato,chikungunya,2025.0,HEPATOPAT,2,0.1
chikungunya_2025,fato,chikungunya,2025.0,RENAL,2,0.1
chikungunya_2025,fato,chikungunya,2025.0,HIPERTENSA,2,0.1
chikungunya_2025,fato,chikungunya,2025.0,ACIDO_PEPT,2,0.1
chikungunya_2025,fato,chikungunya,2025.0,AUTO_IMUNE,2,0.1
chikungunya_2025,fato,chikungunya,2025.0,DT_CHIK_S1,1613,83.06
chikungunya_2025,fato,chikungunya,2025.0,DT_CHIK_S2,1939,99.85
chikungunya_2025,fato,chikungunya,2025.0,DT_PRNT,1924,99.07
chikungunya_2025,fato,chikungunya,2025.0,RES_CHIKS1,1626,83.73
chikungunya_2025,fato,chikungunya,2025.0,RES_CHIKS2,1824,93.92
chikungunya_2025,fato,chikungunya,2025.0,RESUL_PRNT,1826,94.03
chikungunya_2025,fato,chikungunya,2025.0,DT_SORO,1941,99.95
chikungunya_2025,fato,chikungunya,2025.0,RESUL_SORO,1940,99.9
chikungunya_2025,fato,chikungunya,2025.0,DT_NS1,1942,100.0
chikungunya_2025,fato,chikungunya,2025.0,RESUL_NS1,1941,99.95
chikungunya_2025,fato,chikungunya,2025.0,DT_VIRAL,1941,99.95
chikungunya_2025,fato,chikungunya,2025.0,RESUL_VI_N,1811,93.25
chikungunya_2025,fato,chikungunya,2025.0,DT_PCR,1708,87.95
chikungunya_2025,fato,chikungunya,2025.0,RESUL_PCR_,1687,86.87
chikungunya_2025,fato,chikungunya,2025.0,SOROTIPO,1942,100.0
chikungunya_2025,fato,chikungunya,2025.0,HISTOPA_N,1941,99.95
chikungunya_2025,fato,chikungunya,2025.0,IMUNOH_N,1941,99.95
chikungunya_2025,fato,chikungunya,2025.0,HOSPITALIZ,1228,63.23
chikungunya_2025,fato,chikungunya,2025.0,DT_INTERNA,1747,89.96
chikungunya_2025,fato,chikungunya,2025.0,UF,1746,89.91
chikungunya_2025,fato,chikungunya,2025.0,MUNICIPIO,1748,90.01
chikungunya_2025,fato,chikungunya,2025.0,HOSPITAL,1750,90.11
chikungunya_2025,fato,chikungunya,2025.0,DDD_HOSP,1813,93.36
chikungunya_2025,fato,chikungunya,2025.0,TEL_HOSP,1813,93.36
chikungunya_2025,fato,chikungunya,2025.0,TPAUTOCTO,1804,92.89
chikungunya_2025,fato,chikungunya,2025.0,COUFINF,1892,97.43
chikungunya_2025,fato,chikungunya,2025.0,COPAISINF,1892,97.43
chikungunya_2025,fato,chikungunya,2025.0,COMUNINF,1894,97.53
chikungunya_2025,fato,chikungunya,2025.0,CODISINF,1936,99.69
chikungunya_2025,fato,chikungunya,2025.0,CO_BAINF,1919,98.82
chikungunya_2025,fato,chikungunya,2025.0,NOBAIINF,1919,98.82
chikungunya_2025,fato,chikungunya,2025.0,CLASSI_FIN,7,0.36
chikungunya_2025,fato,chikungunya,2025.0,CRITERIO,7,0.36
chikungunya_2025,fato,chikungunya,2025.0,DOENCA_TRA,1942,100.0
chikungunya_2025,fato,chikungunya,2025.0,CLINC_CHIK,466,24.0
chikungunya_2025,fato,chikungunya,2025.0,EVOLUCAO,284,14.62
chikungunya_2025,fato,chikungunya,2025.0,DT_OBITO,1920,98.87
chikungunya_2025,fato,chikungunya,2025.0,DT_ENCERRA,318,16.37
chikungunya_2025,fato,chikungunya,2025.0,ALRM_HIPOT,1942,100.0
chikungunya_2025,fato,chikungunya,2025.0,ALRM_PLAQ,1942,100.0
chikungunya_2025,fato,chikungunya,2025.0,ALRM_VOM,1942,100.0
chikungunya_2025,fato,chikungunya,2025.0,ALRM_SANG,1942,100.0
chikungunya_2025,fato,chikungunya,2025.0,ALRM_HEMAT,1942,100.0
chikungunya_2025,fato,chikungunya,2025.0,ALRM_ABDOM,1942,100.0
chikungunya_2025,fato,chikungunya,2025.0,ALRM_LETAR,1942,100.0
chikungunya_2025,fato,chikungunya,2025.0,ALRM_HEPAT,1942,100.0
chikungunya_2025,fato,chikungunya,2025.0,ALRM_LIQ,1942,100.0
chikungunya_2025,fato,chikungunya,2025.0,DT_ALRM,1942,100.0
chikungunya_2025,fato,chikungunya,2025.0,GRAV_PULSO,1942,100.0
chikungunya_2025,fato,chikungunya,2025.0,GRAV_CONV,1942,100.0
chikungunya_2025,fato,chikungunya,2025.0,GRAV_ENCH,1942,100.0
chikungunya_2025,fato,chikungunya,2025.0,GRAV_INSUF,1942,100.0
chikungunya_2025,fato,chikungunya,2025.0,GRAV_TAQUI,1942,100.0
chikungunya_2025,fato,chikungunya,2025.0,GRAV_EXTRE,1942,100.0
chikungunya_2025,fato,chikungunya,2025.0,GRAV_HIPOT,1942,100.0
chikungunya_2025,fato,chikungunya,2025.0,GRAV_HEMAT,1942,100.0
chikungunya_2025,fato,chikungunya,2025.0,GRAV_MELEN,1942,100.0
chikungunya_2025,fato,chikungunya,2025.0,GRAV_METRO,1942,100.0
chikungunya_2025,fato,chikungunya,2025.0,GRAV_SANG,1942,100.0
chikungunya_2025,fato,chikungunya,2025.0,GRAV_AST,1942,100.0
chikungunya_2025,fato,chikungunya,2025.0,GRAV_MIOC,1942,100.0
chikungunya_2025,fato,chikungunya,2025.0,GRAV_CONSC,1942,100.0
chikungunya_2025,fato,chikungunya,2025.0,GRAV_ORGAO,1942,100.0
chikungunya_2025,fato,chikungunya,2025.0,DT_GRAV,1942,100.0
chikungunya_2025,fato,chikungunya,2025.0,MANI_HEMOR,1942,100.0
chikungunya_2025,fato,chikungunya,2025.0,EPISTAXE,1942,100.0
chikungunya_2025,fato,chikungunya,2025.0,GENGIVO,1942,100.0
chikungunya_2025,fato,chikungunya,2025.0,METRO,1942,100.0
chikungunya_2025,fato,chikungunya,2025.0,PETEQUIAS,1942,100.0
chikungunya_2025,fato,chikungunya,2025.0,HEMATURA,1942,100.0
chikungunya_2025,fato,chikungunya,2025.0,SANGRAM,1942,100.0
chikungunya_2025,fato,chikungunya,2025.0,LACO_N,1942,100.0
chikungunya_2025,fato,chikungunya,2025.0,PLASMATICO,1942,100.0
chikungunya_2025,fato,chikungunya,2025.0,EVIDENCIA,1942,100.0
chikungunya_2025,fato,chikungunya,2025.0,PLAQ_MENOR,1942,100.0
chikungunya_2025,fato,chikungunya,2025.0,CON_FHD,1942,100.0
chikungunya_2025,fato,chikungunya,2025.0,COMPLICA,1942,100.0
chikungunya_2025,fato,chikungunya,2025.0,NU_LOTE_I,1942,100.0
chikungunya_2025,fato,chikungunya,2025.0,DS_OBS,1371,70.6
chikungunya_2024,fato,chikungunya,2024.0,NU_NOTIFIC,0,0.0
chikungunya_2024,fato,chikungunya,2024.0,TP_NOT,0,0.0
chikungunya_2024,fato,chikungunya,2024.0,ID_AGRAVO,0,0.0
chikungunya_2024,fato,chikungunya,2024.0,DT_NOTIFIC,0,0.0
chikungunya_2024,fato,chikungunya,2024.0,SEM_NOT,0,0.0
chikungunya_2024,fato,chikungunya,2024.0,NU_ANO,0,0.0
chikungunya_2024,fato,chikungunya,2024.0,SG_UF_NOT,0,0.0
chikungunya_2024,fato,chikungunya,2024.0,ID_MUNICIP,0,0.0
chikungunya_2024,fato,chikungunya,2024.0,ID_REGIONA,1,0.04
chikungunya_2024,fato,chikungunya,2024.0,ID_UNIDADE,0,0.0
chikungunya_2024,fato,chikungunya,2024.0,DT_SIN_PRI,0,0.0
chikungunya_2024,fato,chikungunya,2024.0,SEM_PRI,0,0.0
chikungunya_2024,fato,chikungunya,2024.0,DT_NASC,19,0.77
chikungunya_2024,fato,chikungunya,2024.0,NU_IDADE_N,0,0.0
chikungunya_2024,fato,chikungunya,2024.0,CS_SEXO,0,0.0
chikungunya_2024,fato,chikungunya,2024.0,CS_GESTANT,1,0.04
chikungunya_2024,fato,chikungunya,2024.0,CS_RACA,0,0.0
chikungunya_2024,fato,chikungunya,2024.0,CS_ESCOL_N,422,17.01
chikungunya_2024,fato,chikungunya,2024.0,SG_UF,0,0.0
chikungunya_2024,fato,chikungunya,2024.0,ID_MN_RESI,0,0.0
chikungunya_2024,fato,chikungunya,2024.0,ID_RG_RESI,0,0.0
chikungunya_2024,fato,chikungunya,2024.0,ID_DISTRIT,4,0.16
chikungunya_2024,fato,chikungunya,2024.0,ID_BAIRRO,0,0.0
chikungunya_2024,fato,chikungunya,2024.0,NM_BAIRRO,0,0.0
chikungunya_2024,fato,chikungunya,2024.0,ID_LOGRADO,2481,100.0
chikungunya_2024,fato,chikungunya,2024.0,NM_LOGRADO,2,0.08
chikungunya_2024,fato,chikungunya,2024.0,NU_CEP,1492,60.14
chikungunya_2024,fato,chikungunya,2024.0,CS_ZONA,173,6.97
chikungunya_2024,fato,chikungunya,2024.0,ID_PAIS,0,0.0
chikungunya_2024,fato,chikungunya,2024.0,DT_INVEST,21,0.85
chikungunya_2024,fato,chikungunya,2024.0,ID_OCUPA_N,2309,93.07
chikungunya_2024,fato,chikungunya,2024.0,FEBRE,21,0.85
chikungunya_2024,fato,chikungunya,2024.0,MIALGIA,21,0.85
chikungunya_2024,fato,chikungunya,2024.0,CEFALEIA,21,0.85
chikungunya_2024,fato,chikungunya,2024.0,EXANTEMA,21,0.85
chikungunya_2024,fato,chikungunya,2024.0,VOMITO,21,0.85
chikungunya_2024,fato,chikungunya,2024.0,NAUSEA,21,0.85
chikungunya_2024,fato,chikungunya,2024.0,DOR_COSTAS,21,0.85
chikungunya_2024,fato,chikungunya,2024.0,CONJUNTVIT,21,0.85
chikungunya_2024,fato,chikungunya,2024.0,ARTRITE,21,0.85
chikungunya_2024,fato,chikungunya,2024.0,ARTRALGIA,21,0.85
chikungunya_2024,fato,chikungunya,2024.0,PETEQUIA_N,21,0.85
chikungunya_2024,fato,chikungunya,2024.0,LEUCOPENIA,21,0.85
chikungunya_2024,fato,chikungunya,2024.0,LACO,21,0.85
chikungunya_2024,fato,chikungunya,2024.0,DOR_RETRO,21,0.85
chikungunya_2024,fato,chikungunya,2024.0,DIABETES,21,0.85
chikungunya_2024,fato,chikungunya,2024.0,HEMATOLOG,21,0.85
chikungunya_2024,fato,chikungunya,2024.0,HEPATOPAT,21,0.85
chikungunya_2024,fato,chikungunya,2024.0,RENAL,21,0.85
chikungunya_2024,fato,chikungunya,2024.0,HIPERTENSA,21,0.85
chikungunya_2024,fato,chikungunya,2024.0,ACIDO_PEPT,21,0.85
chikungunya_2024,fato,chikungunya,2024.0,AUTO_IMUNE,21,0.85
chikungunya_2024,fato,chikungunya,2024.0,DT_CHIK_S1,2068,83.35
chikungunya_2024,fato,chikungunya,2024.0,DT_CHIK_S2,2473,99.68
chikungunya_2024,fato,chikungunya,2024.0,DT_PRNT,2474,99.72
chikungunya_2024,fato,chikungunya,2024.0,RES_CHIKS1,1974,79.56
chikungunya_2024,fato,chikungunya,2024.0,RES_CHIKS2,2289,92.26
chikungunya_2024,fato,chikungunya,2024.0,RESUL_PRNT,2294,92.46
chikungunya_2024,fato,chikungunya,2024.0,DT_SORO,2481,100.0
chikungunya_2024,fato,chikungunya,2024.0,RESUL_SORO,2480,99.96
chikungunya_2024,fato,chikungunya,2024.0,DT_NS1,2481,100.0
chikungunya_2024,fato,chikungunya,2024.0,RESUL_NS1,2480,99.96
chikungunya_2024,fato,chikungunya,2024.0,DT_VIRAL,2481,100.0
chikungunya_2024,fato,chikungunya,2024.0,RESUL_VI_N,2278,91.82
chikungunya_2024,fato,chikungunya,2024.0,DT_PCR,2381,95.97
chikungunya_2024,fato,chikungunya,2024.0,RESUL_PCR_,2198,88.59
chikungunya_2024,fato,chikungunya,2024.0,SOROTIPO,2481,100.0
chikungunya_2024,fato,chikungunya,2024.0,HISTOPA_N,2480,99.96
chikungunya_2024,fato,chikungunya,2024.0,IMUNOH_N,2480,99.96
chikungunya_2024,fato,chikungunya,2024.0,HOSPITALIZ,1137,45.83
chikungunya_2024,fato,chikungunya,2024.0,DT_INTERNA,2350,94.72
chikungunya_2024,fato,chikungunya,2024.0,UF,2350,94.72
chikungunya_2024,fato,chikungunya,2024.0,MUNICIPIO,2350,94.72
chikungunya_2024,fato,chikungunya,2024.0,TPAUTOCTO,2083,83.96
chikungunya_2024,fato,chikungunya,2024.0,COUFINF,2379,95.89
chikungunya_2024,fato,chikungunya,2024.0,COPAISINF,2379,95.89
chikungunya_2024,fato,chikungunya,2024.0,COMUNINF,2382,96.01
chikungunya_2024,fato,chikungunya,2024.0,CODISINF,2466,99.4
chikungunya_2024,fato,chikungunya,2024.0,CO_BAINF,2457,99.03
chikungunya_2024,fato,chikungunya,2024.0,NOBAIINF,2457,99.03
chikungunya_2024,fato,chikungunya,2024.0,CLASSI_FIN,26,1.05
chikungunya_2024,fato,chikungunya,2024.0,CRITERIO,25,1.01
chikungunya_2024,fato,chikungunya,2024.0,DOENCA_TRA,2481,100.0
chikungunya_2024,fato,chikungunya,2024.0,CLINC_CHIK,466,18.78
chikungunya_2024,fato,chikungunya,2024.0,EVOLUCAO,160,6.45
chikungunya_2024,fato,chikungunya,2024.0,DT_OBITO,2465,99.36
chikungunya_2024,fato,chikungunya,2024.0,DT_ENCERRA,171,6.89
chikungunya_2024,fato,chikungunya,2024.0,ALRM_HIPOT,2481,100.0
chikungunya_2024,fato,chikungunya,2024.0,ALRM_PLAQ,2481,100.0
chikungunya_2024,fato,chikungunya,2024.0,ALRM_VOM,2481,100.0
chikungunya_2024,fato,chikungunya,2024.0,ALRM_SANG,2481,100.0
chikungunya_2024,fato,chikungunya,2024.0,ALRM_HEMAT,2481,100.0
chikungunya_2024,fato,chikungunya,2024.0,ALRM_ABDOM,2481,100.0
chikungunya_2024,fato,chikungunya,2024.0,ALRM_LETAR,2481,100.0
chikungunya_2024,fato,chikungunya,2024.0,ALRM_HEPAT,2481,100.0
chikungunya_2024,fato,chikungunya,2024.0,ALRM_LIQ,2481,100.0
chikungunya_2024,fato,chikungunya,2024.0,DT_ALRM,2481,100.0
chikungunya_2024,fato,chikungunya,2024.0,GRAV_PULSO,2481,100.0
chikungunya_2024,fato,chikungunya,2024.0,GRAV_CONV,2481,100.0
chikungunya_2024,fato,chikungunya,2024.0,GRAV_ENCH,2481,100.0
chikungunya_2024,fato,chikungunya,2024.0,GRAV_INSUF,2481,100.0
chikungunya_2024,fato,chikungunya,2024.0,GRAV_TAQUI,2481,100.0
chikungunya_2024,fato,chikungunya,2024.0,GRAV_EXTRE,2481,100.0
chikungunya_2024,fato,chikungunya,2024.0,GRAV_HIPOT,2481,100.0
chikungunya_2024,fato,chikungunya,2024.0,GRAV_HEMAT,2481,100.0
chikungunya_2024,fato,chikungunya,2024.0,GRAV_MELEN,2481,100.0
chikungunya_2024,fato,chikungunya,2024.0,GRAV_METRO,2481,100.0
chikungunya_2024,fato,chikungunya,2024.0,GRAV_SANG,2481,100.0
chikungunya_2024,fato,chikungunya,2024.0,GRAV_AST,2481,100.0
chikungunya_2024,fato,chikungunya,2024.0,GRAV_MIOC,2481,100.0
chikungunya_2024,fato,chikungunya,2024.0,GRAV_CONSC,2481,100.0
chikungunya_2024,fato,chikungunya,2024.0,GRAV_ORGAO,2481,100.0
chikungunya_2024,fato,chikungunya,2024.0,DT_GRAV,2481,100.0
chikungunya_2024,fato,chikungunya,2024.0,MANI_HEMOR,2481,100.0
chikungunya_2024,fato,chikungunya,2024.0,EPISTAXE,2481,100.0
chikungunya_2024,fato,chikungunya,2024.0,GENGIVO,2481,100.0
chikungunya_2024,fato,chikungunya,2024.0,METRO,2481,100.0
chikungunya_2024,fato,chikungunya,2024.0,PETEQUIAS,2481,100.0
chikungunya_2024,fato,chikungunya,2024.0,HEMATURA,2481,100.0
chikungunya_2024,fato,chikungunya,2024.0,SANGRAM,2481,100.0
chikungunya_2024,fato,chikungunya,2024.0,LACO_N,2481,100.0
chikungunya_2024,fato,chikungunya,2024.0,PLASMATICO,2481,100.0
chikungunya_2024,fato,chikungunya,2024.0,EVIDENCIA,2481,100.0
chikungunya_2024,fato,chikungunya,2024.0,PLAQ_MENOR,2481,100.0
chikungunya_2024,fato,chikungunya,2024.0,CON_FHD,2481,100.0
chikungunya_2024,fato,chikungunya,2024.0,COMPLICA,2481,100.0
chikungunya_2024,fato,chikungunya,2024.0,Unnamed: 126,2481,100.0
chikungunya_2024,fato,chikungunya,2024.0,Unnamed: 127,2481,100.0
chikungunya_2024,fato,chikungunya,2024.0,Unnamed: 128,2481,100.0
chikungunya_2024,fato,chikungunya,2024.0,Unnamed: 129,2481,100.0
chikungunya_2024,fato,chikungunya,2024.0,Unnamed: 130,2481,100.0
chikungunya_2024,fato,chikungunya,2024.0,Unnamed: 131,2481,100.0
chikungunya_2024,fato,chikungunya,2024.0,Unnamed: 132,2481,100.0
chikungunya_2024,fato,chikungunya,2024.0,Unnamed: 133,2481,100.0
chikungunya_2024,fato,chikungunya,2024.0,Unnamed: 134,2481,100.0
chikungunya_2024,fato,chikungunya,2024.0,Unnamed: 135,2481,100.0
chikungunya_2024,fato,chikungunya,2024.0,Unnamed: 136,2481,100.0
chikungunya_2024,fato,chikungunya,2024.0,Unnamed: 137,2481,100.0
chikungunya_2024,fato,chikungunya,2024.0,Unnamed: 138,2481,100.0
chikungunya_2024,fato,chikungunya,2024.0,Unnamed: 139,2481,100.0
chikungunya_2024,fato,chikungunya,2024.0,Unnamed: 140,2481,100.0
chikungunya_2024,fato,chikungunya,2024.0,Unnamed: 141,2481,100.0
chikungunya_2024,fato,chikungunya,2024.0,Unnamed: 142,2481,100.0
chikungunya_2023,fato,chikungunya,2023.0,NU_NOTIFIC,0,0.0
chikungunya_2023,fato,chikungunya,2023.0,TP_NOT,0,0.0
chikungunya_2023,fato,chikungunya,2023.0,ID_AGRAVO,0,0.0
chikungunya_2023,fato,chikungunya,2023.0,DT_NOTIFIC,0,0.0
chikungunya_2023,fato,chikungunya,2023.0,SEM_NOT,0,0.0
chikungunya_2023,fato,chikungunya,2023.0,NU_ANO,0,0.0
chikungunya_2023,fato,chikungunya,2023.0,SG_UF_NOT,0,0.0
chikungunya_2023,fato,chikungunya,2023.0,ID_MUNICIP,0,0.0
chikungunya_2023,fato,chikungunya,2023.0,ID_REGIONA,0,0.0
chikungunya_2023,fato,chikungunya,2023.0,ID_UNIDADE,0,0.0
chikungunya_2023,fato,chikungunya,2023.0,DT_SIN_PRI,0,0.0
chikungunya_2023,fato,chikungunya,2023.0,SEM_PRI,0,0.0
chikungunya_2023,fato,chikungunya,2023.0,DT_NASC,12,0.77
chikungunya_2023,fato,chikungunya,2023.0,NU_IDADE_N,0,0.0
chikungunya_2023,fato,chikungunya,2023.0,CS_SEXO,0,0.0
chikungunya_2023,fato,chikungunya,2023.0,CS_GESTANT,0,0.0
chikungunya_2023,fato,chikungunya,2023.0,CS_RACA,0,0.0
chikungunya_2023,fato,chikungunya,2023.0,CS_ESCOL_N,248,15.95
chikungunya_2023,fato,chikungunya,2023.0,SG_UF,0,0.0
chikungunya_2023,fato,chikungunya,2023.0,ID_MN_RESI,0,0.0
chikungunya_2023,fato,chikungunya,2023.0,ID_RG_RESI,0,0.0
chikungunya_2023,fato,chikungunya,2023.0,ID_DISTRIT,0,0.0
chikungunya_2023,fato,chikungunya,2023.0,ID_BAIRRO,0,0.0
chikungunya_2023,fato,chikungunya,2023.0,NM_BAIRRO,0,0.0
chikungunya_2023,fato,chikungunya,2023.0,ID_LOGRADO,1555,100.0
chikungunya_2023,fato,chikungunya,2023.0,NM_LOGRADO,23,1.48
chikungunya_2023,fato,chikungunya,2023.0,NU_CEP,755,48.55
chikungunya_2023,fato,chikungunya,2023.0,CS_ZONA,68,4.37
chikungunya_2023,fato,chikungunya,2023.0,ID_PAIS,0,0.0
chikungunya_2023,fato,chikungunya,2023.0,DT_INVEST,0,0.0
chikungunya_2023,fato,chikungunya,2023.0,ID_OCUPA_N,1460,93.89
chikungunya_2023,fato,chikungunya,2023.0,FEBRE,0,0.0
chikungunya_2023,fato,chikungunya,2023.0,MIALGIA,0,0.0
chikungunya_2023,fato,chikungunya,2023.0,CEFALEIA,0,0.0
chikungunya_2023,fato,chikungunya,2023.0,EXANTEMA,0,0.0
chikungunya_2023,fato,chikungunya,2023.0,VOMITO,0,0.0
chikungunya_2023,fato,chikungunya,2023.0,NAUSEA,0,0.0
chikungunya_2023,fato,chikungunya,2023.0,DOR_COSTAS,0,0.0
chikungunya_2023,fato,chikungunya,2023.0,CONJUNTVIT,0,0.0
chikungunya_2023,fato,chikungunya,2023.0,ARTRITE,0,0.0
chikungunya_2023,fato,chikungunya,2023.0,ARTRALGIA,0,0.0
chikungunya_2023,fato,chikungunya,2023.0,PETEQUIA_N,0,0.0
chikungunya_2023,fato,chikungunya,2023.0,LEUCOPENIA,0,0.0
chikungunya_2023,fato,chikungunya,2023.0,LACO,0,0.0
chikungunya_2023,fato,chikungunya,2023.0,DOR_RETRO,0,0.0
chikungunya_2023,fato,chikungunya,2023.0,DIABETES,0,0.0
chikungunya_2023,fato,chikungunya,2023.0,HEMATOLOG,0,0.0
chikungunya_2023,fato,chikungunya,2023.0,HEPATOPAT,0,0.0
chikungunya_2023,fato,chikungunya,2023.0,RENAL,0,0.0
chikungunya_2023,fato,chikungunya,2023.0,HIPERTENSA,0,0.0
chikungunya_2023,fato,chikungunya,2023.0,ACIDO_PEPT,0,0.0
chikungunya_2023,fato,chikungunya,2023.0,AUTO_IMUNE,0,0.0
chikungunya_2023,fato,chikungunya,2023.0,DT_CHIK_S1,1329,85.47
chikungunya_2023,fato,chikungunya,2023.0,DT_CHIK_S2,1552,99.81
chikungunya_2023,fato,chikungunya,2023.0,DT_PRNT,1553,99.87
chikungunya_2023,fato,chikungunya,2023.0,RES_CHIKS1,1215,78.14
chikungunya_2023,fato,chikungunya,2023.0,RES_CHIKS2,1354,87.07
chikungunya_2023,fato,chikungunya,2023.0,RESUL_PRNT,1353,87.01
chikungunya_2023,fato,chikungunya,2023.0,DT_SORO,1554,99.94
chikungunya_2023,fato,chikungunya,2023.0,RESUL_SORO,1552,99.81
chikungunya_2023,fato,chikungunya,2023.0,DT_NS1,1555,100.0
chikungunya_2023,fato,chikungunya,2023.0,RESUL_NS1,1553,99.87
chikungunya_2023,fato,chikungunya,2023.0,DT_VIRAL,1554,99.94
chikungunya_2023,fato,chikungunya,2023.0,RESUL_VI_N,1315,84.57
chikungunya_2023,fato,chikungunya,2023.0,DT_PCR,1522,97.88
chikungunya_2023,fato,chikungunya,2023.0,RESUL_PCR_,1308,84.12
chikungunya_2023,fato,chikungunya,2023.0,SOROTIPO,1555,100.0
chikungunya_2023,fato,chikungunya,2023.0,HISTOPA_N,1553,99.87
chikungunya_2023,fato,chikungunya,2023.0,IMUNOH_N,1554,99.94
chikungunya_2023,fato,chikungunya,2023.0,HOSPITALIZ,682,43.86
chikungunya_2023,fato,chikungunya,2023.0,DT_INTERNA,1482,95.31
chikungunya_2023,fato,chikungunya,2023.0,UF,1482,95.31
chikungunya_2023,fato,chikungunya,2023.0,MUNICIPIO,1483,95.37
chikungunya_2023,fato,chikungunya,2023.0,TPAUTOCTO,1265,81.35
chikungunya_2023,fato,chikungunya,2023.0,COUFINF,1457,93.7
chikungunya_2023,fato,chikungunya,2023.0,COPAISINF,1457,93.7
chikungunya_2023,fato,chikungunya,2023.0,COMUNINF,1460,93.89
chikungunya_2023,fato,chikungunya,2023.0,CODISINF,1509,97.04
chikungunya_2023,fato,chikungunya,2023.0,CO_BAINF,1519,97.68
chikungunya_2023,fato,chikungunya,2023.0,NOBAIINF,1517,97.56
chikungunya_2023,fato,chikungunya,2023.0,CLASSI_FIN,2,0.13
chikungunya_2023,fato,chikungunya,2023.0,CRITERIO,1,0.06
chikungunya_2023,fato,chikungunya,2023.0,DOENCA_TRA,1555,100.0
chikungunya_2023,fato,chikungunya,2023.0,CLINC_CHIK,208,13.38
chikungunya_2023,fato,chikungunya,2023.0,EVOLUCAO,7,0.45
chikungunya_2023,fato,chikungunya,2023.0,DT_OBITO,1544,99.29
chikungunya_2023,fato,chikungunya,2023.0,DT_ENCERRA,2,0.13
chikungunya_2023,fato,chikungunya,2023.0,ALRM_HIPOT,1555,100.0
chikungunya_2023,fato,chikungunya,2023.0,ALRM_PLAQ,1555,100.0
chikungunya_2023,fato,chikungunya,2023.0,ALRM_VOM,1555,100.0
chikungunya_2023,fato,chikungunya,2023.0,ALRM_SANG,1555,100.0
chikungunya_2023,fato,chikungunya,2023.0,ALRM_HEMAT,1555,100.0
chikungunya_2023,fato,chikungunya,2023.0,ALRM_ABDOM,1555,100.0
chikungunya_2023,fato,chikungunya,2023.0,ALRM_LETAR,1555,100.0
chikungunya_2023,fato,chikungunya,2023.0,ALRM_HEPAT,1555,100.0
chikungunya_2023,fato,chikungunya,2023.0,ALRM_LIQ,1555,100.0
chikungunya_2023,fato,chikungunya,2023.0,DT_ALRM,1555,100.0
chikungunya_2023,fato,chikungunya,2023.0,GRAV_PULSO,1555,100.0
chikungunya_2023,fato,chikungunya,2023.0,GRAV_CONV,1555,100.0
chikungunya_2023,fato,chikungunya,2023.0,GRAV_ENCH,1555,100.0
chikungunya_2023,fato,chikungunya,2023.0,GRAV_INSUF,1555,100.0
chikungunya_2023,fato,chikungunya,2023.0,GRAV_TAQUI,1555,100.0
chikungunya_2023,fato,chikungunya,2023.0,GRAV_EXTRE,1555,100.0
chikungunya_2023,fato,chikungunya,2023.0,GRAV_HIPOT,1555,100.0
chikungunya_2023,fato,chikungunya,2023.0,GRAV_HEMAT,1555,100.0
chikungunya_2023,fato,chikungunya,2023.0,GRAV_MELEN,1555,100.0
chikungunya_2023,fato,chikungunya,2023.0,GRAV_METRO,1555,100.0
chikungunya_2023,fato,chikungunya,2023.0,GRAV_SANG,1555,100.0
chikungunya_2023,fato,chikungunya,2023.0,GRAV_AST,1555,100.0
chikungunya_2023,fato,chikungunya,2023.0,GRAV_MIOC,1555,100.0
chikungunya_2023,fato,chikungunya,2023.0,GRAV_CONSC,1555,100.0
chikungunya_2023,fato,chikungunya,2023.0,GRAV_ORGAO,1555,100.0
chikungunya_2023,fato,chikungunya,2023.0,DT_GRAV,1555,100.0
chikungunya_2023,fato,chikungunya,2023.0,MANI_HEMOR,1555,100.0
chikungunya_2023,fato,chikungunya,2023.0,EPISTAXE,1555,100.0
chikungunya_2023,fato,chikungunya,2023.0,GENGIVO,1555,100.0
chikungunya_2023,fato,chikungunya,2023.0,METRO,1555,100.0
chikungunya_2023,fato,chikungunya,2023.0,PETEQUIAS,1555,100.0
chikungunya_2023,fato,chikungunya,2023.0,HEMATURA,1555,100.0
chikungunya_2023,fato,chikungunya,2023.0,SANGRAM,1555,100.0
chikungunya_2023,fato,chikungunya,2023.0,LACO_N,1555,100.0
chikungunya_2023,fato,chikungunya,2023.0,PLASMATICO,1555,100.0
chikungunya_2023,fato,chikungunya,2023.0,EVIDENCIA,1555,100.0
chikungunya_2023,fato,chikungunya,2023.0,PLAQ_MENOR,1555,100.0
chikungunya_2023,fato,chikungunya,2023.0,CON_FHD,1555,100.0
chikungunya_2022,fato,chikungunya,2022.0,NU_NOTIFIC,0,0.0
chikungunya_2022,fato,chikungunya,2022.0,TP_NOT,0,0.0
chikungunya_2022,fato,chikungunya,2022.0,ID_AGRAVO,0,0.0
chikungunya_2022,fato,chikungunya,2022.0,DT_NOTIFIC,0,0.0
chikungunya_2022,fato,chikungunya,2022.0,SEM_NOT,0,0.0
chikungunya_2022,fato,chikungunya,2022.0,NU_ANO,0,0.0
chikungunya_2022,fato,chikungunya,2022.0,SG_UF_NOT,0,0.0
chikungunya_2022,fato,chikungunya,2022.0,ID_MUNICIP,0,0.0
chikungunya_2022,fato,chikungunya,2022.0,ID_REGIONA,1,0.05
chikungunya_2022,fato,chikungunya,2022.0,ID_UNIDADE,0,0.0
chikungunya_2022,fato,chikungunya,2022.0,DT_SIN_PRI,0,0.0
chikungunya_2022,fato,chikungunya,2022.0,SEM_PRI,0,0.0
chikungunya_2022,fato,chikungunya,2022.0,DT_NASC,13,0.62
chikungunya_2022,fato,chikungunya,2022.0,NU_IDADE_N,0,0.0
chikungunya_2022,fato,chikungunya,2022.0,CS_SEXO,0,0.0
chikungunya_2022,fato,chikungunya,2022.0,CS_GESTANT,0,0.0
chikungunya_2022,fato,chikungunya,2022.0,CS_RACA,0,0.0
chikungunya_2022,fato,chikungunya,2022.0,CS_ESCOL_N,300,14.22
chikungunya_2022,fato,chikungunya,2022.0,SG_UF,0,0.0
chikungunya_2022,fato,chikungunya,2022.0,ID_MN_RESI,0,0.0
chikungunya_2022,fato,chikungunya,2022.0,ID_RG_RESI,0,0.0
chikungunya_2022,fato,chikungunya,2022.0,ID_DISTRIT,1,0.05
chikungunya_2022,fato,chikungunya,2022.0,ID_BAIRRO,1,0.05
chikungunya_2022,fato,chikungunya,2022.0,NM_BAIRRO,0,0.0
chikungunya_2022,fato,chikungunya,2022.0,ID_LOGRADO,2110,100.0
chikungunya_2022,fato,chikungunya,2022.0,NM_LOGRADO,49,2.32
chikungunya_2022,fato,chikungunya,2022.0,NU_CEP,1195,56.64
chikungunya_2022,fato,chikungunya,2022.0,CS_ZONA,101,4.79
chikungunya_2022,fato,chikungunya,2022.0,ID_PAIS,0,0.0
chikungunya_2022,fato,chikungunya,2022.0,DT_INVEST,0,0.0
chikungunya_2022,fato,chikungunya,2022.0,ID_OCUPA_N,1940,91.94
chikungunya_2022,fato,chikungunya,2022.0,FEBRE,0,0.0
chikungunya_2022,fato,chikungunya,2022.0,MIALGIA,0,0.0
chikungunya_2022,fato,chikungunya,2022.0,CEFALEIA,0,0.0
chikungunya_2022,fato,chikungunya,2022.0,EXANTEMA,0,0.0
chikungunya_2022,fato,chikungunya,2022.0,VOMITO,0,0.0
chikungunya_2022,fato,chikungunya,2022.0,NAUSEA,0,0.0
chikungunya_2022,fato,chikungunya,2022.0,DOR_COSTAS,0,0.0
chikungunya_2022,fato,chikungunya,2022.0,CONJUNTVIT,0,0.0
chikungunya_2022,fato,chikungunya,2022.0,ARTRITE,0,0.0
chikungunya_2022,fato,chikungunya,2022.0,ARTRALGIA,0,0.0
chikungunya_2022,fato,chikungunya,2022.0,PETEQUIA_N,0,0.0
chikungunya_2022,fato,chikungunya,2022.0,LEUCOPENIA,0,0.0
chikungunya_2022,fato,chikungunya,2022.0,LACO,0,0.0
chikungunya_2022,fato,chikungunya,2022.0,DOR_RETRO,0,0.0
chikungunya_2022,fato,chikungunya,2022.0,DIABETES,0,0.0
chikungunya_2022,fato,chikungunya,2022.0,HEMATOLOG,0,0.0
chikungunya_2022,fato,chikungunya,2022.0,HEPATOPAT,0,0.0
chikungunya_2022,fato,chikungunya,2022.0,RENAL,0,0.0
chikungunya_2022,fato,chikungunya,2022.0,HIPERTENSA,0,0.0
chikungunya_2022,fato,chikungunya,2022.0,ACIDO_PEPT,0,0.0
chikungunya_2022,fato,chikungunya,2022.0,AUTO_IMUNE,0,0.0
chikungunya_2022,fato,chikungunya,2022.0,DT_CHIK_S1,1776,84.17
chikungunya_2022,fato,chikungunya,2022.0,DT_CHIK_S2,2110,100.0
chikungunya_2022,fato,chikungunya,2022.0,DT_PRNT,2091,99.1
chikungunya_2022,fato,chikungunya,2022.0,RES_CHIKS1,1391,65.92
chikungunya_2022,fato,chikungunya,2022.0,RES_CHIKS2,1794,85.02
chikungunya_2022,fato,chikungunya,2022.0,RESUL_PRNT,1791,84.88
chikungunya_2022,fato,chikungunya,2022.0,DT_SORO,2109,99.95
chikungunya_2022,fato,chikungunya,2022.0,RESUL_SORO,2110,100.0
chikungunya_2022,fato,chikungunya,2022.0,DT_NS1,2110,100.0
chikungunya_2022,fato,chikungunya,2022.0,RESUL_NS1,2110,100.0
chikungunya_2022,fato,chikungunya,2022.0,DT_VIRAL,2098,99.43
chikungunya_2022,fato,chikungunya,2022.0,RESUL_VI_N,1710,81.04
chikungunya_2022,fato,chikungunya,2022.0,DT_PCR,2042,96.78
chikungunya_2022,fato,chikungunya,2022.0,RESUL_PCR_,1666,78.96
chikungunya_2022,fato,chikungunya,2022.0,SOROTIPO,2110,100.0
chikungunya_2022,fato,chikungunya,2022.0,HISTOPA_N,2110,100.0
chikungunya_2022,fato,chikungunya,2022.0,IMUNOH_N,2110,100.0
chikungunya_2022,fato,chikungunya,2022.0,HOSPITALIZ,742,35.17
chikungunya_2022,fato,chikungunya,2022.0,DT_INTERNA,2022,95.83
chikungunya_2022,fato,chikungunya,2022.0,UF,2020,95.73
chikungunya_2022,fato,chikungunya,2022.0,MUNICIPIO,2022,95.83
chikungunya_2022,fato,chikungunya,2022.0,TPAUTOCTO,1467,69.53
chikungunya_2022,fato,chikungunya,2022.0,COUFINF,1612,76.4
chikungunya_2022,fato,chikungunya,2022.0,COPAISINF,1612,76.4
chikungunya_2022,fato,chikungunya,2022.0,COMUNINF,1614,76.49
chikungunya_2022,fato,chikungunya,2022.0,CODISINF,1756,83.22
chikungunya_2022,fato,chikungunya,2022.0,CO_BAINF,1792,84.93
chikungunya_2022,fato,chikungunya,2022.0,NOBAIINF,1791,84.88
chikungunya_2022,fato,chikungunya,2022.0,CLASSI_FIN,4,0.19
chikungunya_2022,fato,chikungunya,2022.0,CRITERIO,1,0.05
chikungunya_2022,fato,chikungunya,2022.0,DOENCA_TRA,2110,100.0
chikungunya_2022,fato,chikungunya,2022.0,CLINC_CHIK,142,6.73
chikungunya_2022,fato,chikungunya,2022.0,EVOLUCAO,1,0.05
chikungunya_2022,fato,chikungunya,2022.0,DT_OBITO,2104,99.72
chikungunya_2022,fato,chikungunya,2022.0,DT_ENCERRA,5,0.24
chikungunya_2022,fato,chikungunya,2022.0,ALRM_HIPOT,2110,100.0
chikungunya_2022,fato,chikungunya,2022.0,ALRM_PLAQ,2110,100.0
chikungunya_2022,fato,chikungunya,2022.0,ALRM_VOM,2110,100.0
chikungunya_2022,fato,chikungunya,2022.0,ALRM_SANG,2110,100.0
chikungunya_2022,fato,chikungunya,2022.0,ALRM_HEMAT,2110,100.0
chikungunya_2022,fato,chikungunya,2022.0,ALRM_ABDOM,2110,100.0
chikungunya_2022,fato,chikungunya,2022.0,ALRM_LETAR,2110,100.0
chikungunya_2022,fato,chikungunya,2022.0,ALRM_HEPAT,2110,100.0
chikungunya_2022,fato,chikungunya,2022.0,ALRM_LIQ,2110,100.0
chikungunya_2022,fato,chikungunya,2022.0,DT_ALRM,2110,100.0
chikungunya_2022,fato,chikungunya,2022.0,GRAV_PULSO,2110,100.0
chikungunya_2022,fato,chikungunya,2022.0,GRAV_CONV,2110,100.0
chikungunya_2022,fato,chikungunya,2022.0,GRAV_ENCH,2110,100.0
chikungunya_2022,fato,chikungunya,2022.0,GRAV_INSUF,2110,100.0
chikungunya_2022,fato,chikungunya,2022.0,GRAV_TAQUI,2110,100.0
chikungunya_2022,fato,chikungunya,2022.0,GRAV_EXTRE,2110,100.0
chikungunya_2022,fato,chikungunya,2022.0,GRAV_HIPOT,2110,100.0
chikungunya_2022,fato,chikungunya,2022.0,GRAV_HEMAT,2110,100.0
chikungunya_2022,fato,chikungunya,2022.0,GRAV_MELEN,2110,100.0
chikungunya_2022,fato,chikungunya,2022.0,GRAV_METRO,2110,100.0
chikungunya_2022,fato,chikungunya,2022.0,GRAV_SANG,2110,100.0
chikungunya_2022,fato,chikungunya,2022.0,GRAV_AST,2110,100.0
chikungunya_2022,fato,chikungunya,2022.0,GRAV_MIOC,2110,100.0
chikungunya_2022,fato,chikungunya,2022.0,GRAV_CONSC,2110,100.0
chikungunya_2022,fato,chikungunya,2022.0,GRAV_ORGAO,2110,100.0
chikungunya_2022,fato,chikungunya,2022.0,DT_GRAV,2110,100.0
chikungunya_2022,fato,chikungunya,2022.0,MANI_HEMOR,2110,100.0
chikungunya_2022,fato,chikungunya,2022.0,EPISTAXE,2110,100.0
chikungunya_2022,fato,chikungunya,2022.0,GENGIVO,2110,100.0
chikungunya_2022,fato,chikungunya,2022.0,METRO,2110,100.0
chikungunya_2022,fato,chikungunya,2022.0,PETEQUIAS,2110,100.0
chikungunya_2022,fato,chikungunya,2022.0,HEMATURA,2110,100.0
chikungunya_2022,fato,chikungunya,2022.0,SANGRAM,2110,100.0
chikungunya_2022,fato,chikungunya,2022.0,LACO_N,2110,100.0
chikungunya_2022,fato,chikungunya,2022.0,PLASMATICO,2110,100.0
chikungunya_2022,fato,chikungunya,2022.0,EVIDENCIA,2110,100.0
chikungunya_2022,fato,chikungunya,2022.0,PLAQ_MENOR,2110,100.0
chikungunya_2022,fato,chikungunya,2022.0,CON_FHD,2110,100.0
chikungunya_2021,fato,chikungunya,2021.0,NU_NOTIFIC,0,0.0
chikungunya_2021,fato,chikungunya,2021.0,TP_NOT,0,0.0
chikungunya_2021,fato,chikungunya,2021.0,ID_AGRAVO,0,0.0
chikungunya_2021,fato,chikungunya,2021.0,DT_NOTIFIC,0,0.0
chikungunya_2021,fato,chikungunya,2021.0,SEM_NOT,0,0.0
chikungunya_2021,fato,chikungunya,2021.0,NU_ANO,0,0.0
chikungunya_2021,fato,chikungunya,2021.0,SG_UF_NOT,0,0.0
chikungunya_2021,fato,chikungunya,2021.0,ID_MUNICIP,0,0.0
chikungunya_2021,fato,chikungunya,2021.0,ID_REGIONA,0,0.0
chikungunya_2021,fato,chikungunya,2021.0,ID_UNIDADE,0,0.0
chikungunya_2021,fato,chikungunya,2021.0,DT_SIN_PRI,0,0.0
chikungunya_2021,fato,chikungunya,2021.0,SEM_PRI,0,0.0
chikungunya_2021,fato,chikungunya,2021.0,DT_NASC,649,3.67
chikungunya_2021,fato,chikungunya,2021.0,NU_IDADE_N,0,0.0
chikungunya_2021,fato,chikungunya,2021.0,CS_SEXO,0,0.0
chikungunya_2021,fato,chikungunya,2021.0,CS_GESTANT,2,0.01
chikungunya_2021,fato,chikungunya,2021.0,CS_RACA,0,0.0
chikungunya_2021,fato,chikungunya,2021.0,CS_ESCOL_N,3537,20.02
chikungunya_2021,fato,chikungunya,2021.0,SG_UF,0,0.0
chikungunya_2021,fato,chikungunya,2021.0,ID_MN_RESI,0,0.0
chikungunya_2021,fato,chikungunya,2021.0,ID_RG_RESI,0,0.0
chikungunya_2021,fato,chikungunya,2021.0,ID_DISTRIT,0,0.0
chikungunya_2021,fato,chikungunya,2021.0,ID_BAIRRO,0,0.0
chikungunya_2021,fato,chikungunya,2021.0,NM_BAIRRO,0,0.0
chikungunya_2021,fato,chikungunya,2021.0,ID_LOGRADO,17664,100.0
chikungunya_2021,fato,chikungunya,2021.0,NM_LOGRADO,313,1.77
chikungunya_2021,fato,chikungunya,2021.0,NU_CEP,13946,78.95
chikungunya_2021,fato,chikungunya,2021.0,CS_ZONA,1033,5.85
chikungunya_2021,fato,chikungunya,2021.0,ID_PAIS,0,0.0
chikungunya_2021,fato,chikungunya,2021.0,DT_INVEST,0,0.0
chikungunya_2021,fato,chikungunya,2021.0,ID_OCUPA_N,16327,92.43
chikungunya_2021,fato,chikungunya,2021.0,FEBRE,0,0.0
chikungunya_2021,fato,chikungunya,2021.0,MIALGIA,0,0.0
chikungunya_2021,fato,chikungunya,2021.0,CEFALEIA,0,0.0
chikungunya_2021,fato,chikungunya,2021.0,EXANTEMA,0,0.0
chikungunya_2021,fato,chikungunya,2021.0,VOMITO,0,0.0
chikungunya_2021,fato,chikungunya,2021.0,NAUSEA,0,0.0
chikungunya_2021,fato,chikungunya,2021.0,DOR_COSTAS,0,0.0
chikungunya_2021,fato,chikungunya,2021.0,CONJUNTVIT,0,0.0
chikungunya_2021,fato,chikungunya,2021.0,ARTRITE,0,0.0
chikungunya_2021,fato,chikungunya,2021.0,ARTRALGIA,0,0.0
chikungunya_2021,fato,chikungunya,2021.0,PETEQUIA_N,0,0.0
chikungunya_2021,fato,chikungunya,2021.0,LEUCOPENIA,0,0.0
chikungunya_2021,fato,chikungunya,2021.0,LACO,0,0.0
chikungunya_2021,fato,chikungunya,2021.0,DOR_RETRO,0,0.0
chikungunya_2021,fato,chikungunya,2021.0,DIABETES,0,0.0
chikungunya_2021,fato,chikungunya,2021.0,HEMATOLOG,0,0.0
chikungunya_2021,fato,chikungunya,2021.0,HEPATOPAT,0,0.0
chikungunya_2021,fato,chikungunya,2021.0,RENAL,0,0.0
chikungunya_2021,fato,chikungunya,2021.0,HIPERTENSA,0,0.0
chikungunya_2021,fato,chikungunya,2021.0,ACIDO_PEPT,0,0.0
chikungunya_2021,fato,chikungunya,2021.0,AUTO_IMUNE,0,0.0
chikungunya_2021,fato,chikungunya,2021.0,DT_CHIK_S1,16587,93.9
chikungunya_2021,fato,chikungunya,2021.0,DT_CHIK_S2,17659,99.97
chikungunya_2021,fato,chikungunya,2021.0,DT_PRNT,17639,99.86
chikungunya_2021,fato,chikungunya,2021.0,RES_CHIKS1,13295,75.27
chikungunya_2021,fato,chikungunya,2021.0,RES_CHIKS2,14552,82.38
chikungunya_2021,fato,chikungunya,2021.0,RESUL_PRNT,14552,82.38
chikungunya_2021,fato,chikungunya,2021.0,DT_SORO,17664,100.0
chikungunya_2021,fato,chikungunya,2021.0,RESUL_SORO,17661,99.98
chikungunya_2021,fato,chikungunya,2021.0,DT_NS1,17664,100.0
chikungunya_2021,fato,chikungunya,2021.0,RESUL_NS1,17661,99.98
chikungunya_2021,fato,chikungunya,2021.0,DT_VIRAL,17650,99.92
chikungunya_2021,fato,chikungunya,2021.0,RESUL_VI_N,13956,79.01
chikungunya_2021,fato,chikungunya,2021.0,DT_PCR,17512,99.14
chikungunya_2021,fato,chikungunya,2021.0,RESUL_PCR_,13951,78.98
chikungunya_2021,fato,chikungunya,2021.0,SOROTIPO,17664,100.0
chikungunya_2021,fato,chikungunya,2021.0,HISTOPA_N,17662,99.99
chikungunya_2021,fato,chikungunya,2021.0,IMUNOH_N,17662,99.99
chikungunya_2021,fato,chikungunya,2021.0,HOSPITALIZ,7886,44.64
chikungunya_2021,fato,chikungunya,2021.0,DT_INTERNA,17471,98.91
chikungunya_2021,fato,chikungunya,2021.0,UF,17462,98.86
chikungunya_2021,fato,chikungunya,2021.0,MUNICIPIO,17475,98.93
chikungunya_2021,fato,chikungunya,2021.0,TPAUTOCTO,12104,68.52
chikungunya_2021,fato,chikungunya,2021.0,COUFINF,13713,77.63
chikungunya_2021,fato,chikungunya,2021.0,COPAISINF,13713,77.63
chikungunya_2021,fato,chikungunya,2021.0,COMUNINF,13739,77.78
chikungunya_2021,fato,chikungunya,2021.0,CODISINF,14804,83.81
chikungunya_2021,fato,chikungunya,2021.0,CO_BAINF,15163,85.84
chikungunya_2021,fato,chikungunya,2021.0,NOBAIINF,15155,85.8
chikungunya_2021,fato,chikungunya,2021.0,CLASSI_FIN,0,0.0
chikungunya_2021,fato,chikungunya,2021.0,CRITERIO,0,0.0
chikungunya_2021,fato,chikungunya,2021.0,DOENCA_TRA,17664,100.0
chikungunya_2021,fato,chikungunya,2021.0,CLINC_CHIK,753,4.26
chikungunya_2021,fato,chikungunya,2021.0,EVOLUCAO,0,0.0
chikungunya_2021,fato,chikungunya,2021.0,DT_OBITO,17653,99.94
chikungunya_2021,fato,chikungunya,2021.0,DT_ENCERRA,0,0.0
chikungunya_2021,fato,chikungunya,2021.0,ALRM_HIPOT,17664,100.0
chikungunya_2021,fato,chikungunya,2021.0,ALRM_PLAQ,17664,100.0
chikungunya_2021,fato,chikungunya,2021.0,ALRM_VOM,17664,100.0
chikungunya_2021,fato,chikungunya,2021.0,ALRM_SANG,17664,100.0
chikungunya_2021,fato,chikungunya,2021.0,ALRM_HEMAT,17664,100.0
chikungunya_2021,fato,chikungunya,2021.0,ALRM_ABDOM,17664,100.0
chikungunya_2021,fato,chikungunya,2021.0,ALRM_LETAR,17664,100.0
chikungunya_2021,fato,chikungunya,2021.0,ALRM_HEPAT,17664,100.0
chikungunya_2021,fato,chikungunya,2021.0,ALRM_LIQ,17664,100.0
chikungunya_2021,fato,chikungunya,2021.0,DT_ALRM,17664,100.0
chikungunya_2021,fato,chikungunya,2021.0,GRAV_PULSO,17664,100.0
chikungunya_2021,fato,chikungunya,2021.0,GRAV_CONV,17664,100.0
chikungunya_2021,fato,chikungunya,2021.0,GRAV_ENCH,17664,100.0
chikungunya_2021,fato,chikungunya,2021.0,GRAV_INSUF,17664,100.0
chikungunya_2021,fato,chikungunya,2021.0,GRAV_TAQUI,17664,100.0
chikungunya_2021,fato,chikungunya,2021.0,GRAV_EXTRE,17664,100.0
chikungunya_2021,fato,chikungunya,2021.0,GRAV_HIPOT,17664,100.0
chikungunya_2021,fato,chikungunya,2021.0,GRAV_HEMAT,17664,100.0
chikungunya_2021,fato,chikungunya,2021.0,GRAV_MELEN,17664,100.0
chikungunya_2021,fato,chikungunya,2021.0,GRAV_METRO,17664,100.0
chikungunya_2021,fato,chikungunya,2021.0,GRAV_SANG,17664,100.0
chikungunya_2021,fato,chikungunya,2021.0,GRAV_AST,17664,100.0
chikungunya_2021,fato,chikungunya,2021.0,GRAV_MIOC,17664,100.0
chikungunya_2021,fato,chikungunya,2021.0,GRAV_CONSC,17664,100.0
chikungunya_2021,fato,chikungunya,2021.0,GRAV_ORGAO,17664,100.0
chikungunya_2021,fato,chikungunya,2021.0,DT_GRAV,17664,100.0
chikungunya_2021,fato,chikungunya,2021.0,MANI_HEMOR,17664,100.0
chikungunya_2021,fato,chikungunya,2021.0,EPISTAXE,17664,100.0
chikungunya_2021,fato,chikungunya,2021.0,GENGIVO,17664,100.0
chikungunya_2021,fato,chikungunya,2021.0,METRO,17664,100.0
chikungunya_2021,fato,chikungunya,2021.0,PETEQUIAS,17664,100.0
chikungunya_2021,fato,chikungunya,2021.0,HEMATURA,17664,100.0
chikungunya_2021,fato,chikungunya,2021.0,SANGRAM,17664,100.0
chikungunya_2021,fato,chikungunya,2021.0,LACO_N,17664,100.0
chikungunya_2021,fato,chikungunya,2021.0,PLASMATICO,17664,100.0
chikungunya_2021,fato,chikungunya,2021.0,EVIDENCIA,17664,100.0
chikungunya_2021,fato,chikungunya,2021.0,PLAQ_MENOR,17664,100.0
chikungunya_2021,fato,chikungunya,2021.0,CON_FHD,17664,100.0
chikungunya_2021,fato,chikungunya,2021.0,COMPLICA,17664,100.0
chikungunya_2020,fato,chikungunya,2020.0,nu_notificacao,0,0.0
chikungunya_2020,fato,chikungunya,2020.0,tp_notificacao,0,0.0
chikungunya_2020,fato,chikungunya,2020.0,co_cid,0,0.0
chikungunya_2020,fato,chikungunya,2020.0,dt_notificacao,0,0.0
chikungunya_2020,fato,chikungunya,2020.0,ds_semana_notificacao,0,0.0
chikungunya_2020,fato,chikungunya,2020.0,notificacao_ano,0,0.0
chikungunya_2020,fato,chikungunya,2020.0,co_uf_notificacao,0,0.0
chikungunya_2020,fato,chikungunya,2020.0,co_municipio_notificacao,0,0.0
chikungunya_2020,fato,chikungunya,2020.0,id_regional,0,0.0
chikungunya_2020,fato,chikungunya,2020.0,co_unidade_notificacao,0,0.0
chikungunya_2020,fato,chikungunya,2020.0,dt_diagnostico_sintoma,0,0.0
chikungunya_2020,fato,chikungunya,2020.0,ds_semana_sintoma,0,0.0
chikungunya_2020,fato,chikungunya,2020.0,dt_nascimento,59,2.1
chikungunya_2020,fato,chikungunya,2020.0,nu_idade,0,0.0
chikungunya_2020,fato,chikungunya,2020.0,tp_sexo,0,0.0
chikungunya_2020,fato,chikungunya,2020.0,tp_gestante,0,0.0
chikungunya_2020,fato,chikungunya,2020.0,tp_raca_cor,0,0.0
chikungunya_2020,fato,chikungunya,2020.0,tp_escolaridade,520,18.55
chikungunya_2020,fato,chikungunya,2020.0,co_uf_residencia,0,0.0
chikungunya_2020,fato,chikungunya,2020.0,co_municipio_residencia,0,0.0
chikungunya_2020,fato,chikungunya,2020.0,co_regional_residencia,0,0.0
chikungunya_2020,fato,chikungunya,2020.0,co_distrito_residencia,2,0.07
chikungunya_2020,fato,chikungunya,2020.0,co_bairro_residencia,3,0.11
chikungunya_2020,fato,chikungunya,2020.0,no_bairro_residencia,3,0.11
chikungunya_2020,fato,chikungunya,2020.0,co_logradouro_residencia,2803,100.0
chikungunya_2020,fato,chikungunya,2020.0,nome_logradouro_residencia,56,2.0
chikungunya_2020,fato,chikungunya,2020.0,nu_cep_residencia,2396,85.48
chikungunya_2020,fato,chikungunya,2020.0,tp_zona_residencia,78,2.78
chikungunya_2020,fato,chikungunya,2020.0,co_pais_residencia,0,0.0
chikungunya_2020,fato,chikungunya,2020.0,dt_investigacao,15,0.54
chikungunya_2020,fato,chikungunya,2020.0,co_cbo_ocupacao,2648,94.47
chikungunya_2020,fato,chikungunya,2020.0,febre,14,0.5
chikungunya_2020,fato,chikungunya,2020.0,mialgia,14,0.5
chikungunya_2020,fato,chikungunya,2020.0,cefaleia,14,0.5
chikungunya_2020,fato,chikungunya,2020.0,exantema,14,0.5
chikungunya_2020,fato,chikungunya,2020.0,vomito,14,0.5
chikungunya_2020,fato,chikungunya,2020.0,nausea,14,0.5
chikungunya_2020,fato,chikungunya,2020.0,dor_costas,14,0.5
chikungunya_2020,fato,chikungunya,2020.0,conjutivite,14,0.5
chikungunya_2020,fato,chikungunya,2020.0,artrite,14,0.5
chikungunya_2020,fato,chikungunya,2020.0,artralgia,14,0.5
chikungunya_2020,fato,chikungunya,2020.0,petequia_n,14,0.5
chikungunya_2020,fato,chikungunya,2020.0,leucopenia,14,0.5
chikungunya_2020,fato,chikungunya,2020.0,laco,14,0.5
chikungunya_2020,fato,chikungunya,2020.0,dor_retro,14,0.5
chikungunya_2020,fato,chikungunya,2020.0,diabetes,14,0.5
chikungunya_2020,fato,chikungunya,2020.0,hematolog,14,0.5
chikungunya_2020,fato,chikungunya,2020.0,hepatopat,14,0.5
chikungunya_2020,fato,chikungunya,2020.0,renal,14,0.5
chikungunya_2020,fato,chikungunya,2020.0,hipertensao,14,0.5
chikungunya_2020,fato,chikungunya,2020.0,acido_pept,14,0.5
chikungunya_2020,fato,chikungunya,2020.0,auto_imune,14,0.5
chikungunya_2020,fato,chikungunya,2020.0,dt_chil_s1,2487,88.73
chikungunya_2020,fato,chikungunya,2020.0,dt_chil_s2,2802,99.96
chikungunya_2020,fato,chikungunya,2020.0,dt_prnt,2786,99.39
chikungunya_2020,fato,chikungunya,2020.0,res_chiks1,2261,80.66
chikungunya_2020,fato,chikungunya,2020.0,res_chiks2,2472,88.19
chikungunya_2020,fato,chikungunya,2020.0,resul_prnt,2474,88.26
chikungunya_2020,fato,chikungunya,2020.0,dt_coleta_exame,2803,100.0
chikungunya_2020,fato,chikungunya,2020.0,tp_result_exame,2802,99.96
chikungunya_2020,fato,chikungunya,2020.0,dt_coleta_NS1,2803,100.0
chikungunya_2020,fato,chikungunya,2020.0,Tp_result_NS1,2802,99.96
chikungunya_2020,fato,chikungunya,2020.0,dt_coleta_isolamento,2797,99.79
chikungunya_2020,fato,chikungunya,2020.0,tp_result_isolamento,2398,85.55
chikungunya_2020,fato,chikungunya,2020.0,dt_coleta_rtpcr,2790,99.54
chikungunya_2020,fato,chikungunya,2020.0,tp_result_rtpcr,2390,85.27
chikungunya_2020,fato,chikungunya,2020.0,tp_sorotipo,2803,100.0
chikungunya_2020,fato,chikungunya,2020.0,tp_result_histopatologia,2803,100.0
chikungunya_2020,fato,chikungunya,2020.0,tp_result_imunohistoquimica,2803,100.0
chikungunya_2020,fato,chikungunya,2020.0,st_ocorreu_hospitalizacao,1495,53.34
chikungunya_2020,fato,chikungunya,2020.0,dt_internacao,2761,98.5
chikungunya_2020,fato,chikungunya,2020.0,co_uf_hospital,2760,98.47
chikungunya_2020,fato,chikungunya,2020.0,co_municipio_hospital,2761,98.5
chikungunya_2020,fato,chikungunya,2020.0,tp_autoctone_residencia,2011,71.74
chikungunya_2020,fato,chikungunya,2020.0,co_uf_infeccao,2490,88.83
chikungunya_2020,fato,chikungunya,2020.0,co_pais_infeccao,2490,88.83
chikungunya_2020,fato,chikungunya,2020.0,co_municipio_infeccao,2496,89.05
chikungunya_2020,fato,chikungunya,2020.0,co_distrito_infeccao,2560,91.33
chikungunya_2020,fato,chikungunya,2020.0,co_bairro_infeccao,2561,91.37
chikungunya_2020,fato,chikungunya,2020.0,no_bairro_infeccao,2561,91.37
chikungunya_2020,fato,chikungunya,2020.0,tp_classificacao_final,61,2.18
chikungunya_2020,fato,chikungunya,2020.0,tp_criterio_confirmacao,61,2.18
chikungunya_2020,fato,chikungunya,2020.0,st_doenca_trabalho,2803,100.0
chikungunya_2020,fato,chikungunya,2020.0,clinc_chik,196,6.99
chikungunya_2020,fato,chikungunya,2020.0,tp_evolucao_caso,81,2.89
chikungunya_2020,fato,chikungunya,2020.0,dt_obito,2796,99.75
chikungunya_2020,fato,chikungunya,2020.0,dt_encerramento,74,2.64
chikungunya_2020,fato,chikungunya,2020.0,alrm_hipot,2803,100.0
chikungunya_2020,fato,chikungunya,2020.0,alrm_plaq,2803,100.0
chikungunya_2020,fato,chikungunya,2020.0,alrm_vom,2803,100.0
chikungunya_2020,fato,chikungunya,2020.0,alrm_sang,2803,100.0
chikungunya_2020,fato,chikungunya,2020.0,alrm_hemat,2803,100.0
chikungunya_2020,fato,chikungunya,2020.0,alrm_abdom,2803,100.0
chikungunya_2020,fato,chikungunya,2020.0,alrm_letar,2803,100.0
chikungunya_2020,fato,chikungunya,2020.0,alrm_hepat,2803,100.0
chikungunya_2020,fato,chikungunya,2020.0,alrm_liq,2803,100.0
chikungunya_2020,fato,chikungunya,2020.0,dt_alrm,2803,100.0
chikungunya_2020,fato,chikungunya,2020.0,grav_pulso,2803,100.0
chikungunya_2020,fato,chikungunya,2020.0,grav_conv,2803,100.0
chikungunya_2020,fato,chikungunya,2020.0,grav_ench,2803,100.0
chikungunya_2020,fato,chikungunya,2020.0,grav_insuf,2803,100.0
chikungunya_2020,fato,chikungunya,2020.0,grav_taqui,2803,100.0
chikungunya_2020,fato,chikungunya,2020.0,grav_extre,2803,100.0
chikungunya_2020,fato,chikungunya,2020.0,grav_hipot,2803,100.0
chikungunya_2020,fato,chikungunya,2020.0,grav_hemat,2803,100.0
chikungunya_2020,fato,chikungunya,2020.0,grav_melen,2803,100.0
chikungunya_2020,fato,chikungunya,2020.0,grav_metro,2803,100.0
chikungunya_2020,fato,chikungunya,2020.0,grav_sang,2803,100.0
chikungunya_2020,fato,chikungunya,2020.0,grav_ast,2803,100.0
chikungunya_2020,fato,chikungunya,2020.0,grav_mioc,2803,100.0
chikungunya_2020,fato,chikungunya,2020.0,grav_consc,2803,100.0
chikungunya_2020,fato,chikungunya,2020.0,grav_orgao,2803,100.0
chikungunya_2020,fato,chikungunya,2020.0,dt_grav,2803,100.0
chikungunya_2020,fato,chikungunya,2020.0,mami_hemor,2803,100.0
chikungunya_2020,fato,chikungunya,2020.0,epistaxe,2803,100.0
chikungunya_2020,fato,chikungunya,2020.0,gengivo,2803,100.0
chikungunya_2020,fato,chikungunya,2020.0,metro,2803,100.0
chikungunya_2020,fato,chikungunya,2020.0,petequias,2803,100.0
chikungunya_2020,fato,chikungunya,2020.0,hematura,2803,100.0
chikungunya_2020,fato,chikungunya,2020.0,sangram,2803,100.0
chikungunya_2020,fato,chikungunya,2020.0,laco_n,2803,100.0
chikungunya_2020,fato,chikungunya,2020.0,plasmatico,2803,100.0
chikungunya_2020,fato,chikungunya,2020.0,evidencia,2803,100.0
chikungunya_2020,fato,chikungunya,2020.0,plaq_menor,2803,100.0
chikungunya_2020,fato,chikungunya,2020.0,con_fhd,2803,100.0
chikungunya_2019,fato,chikungunya,2019.0,nu_notificacao,0,0.0
chikungunya_2019,fato,chikungunya,2019.0,tp_notificacao,0,0.0
chikungunya_2019,fato,chikungunya,2019.0,co_cid,0,0.0
chikungunya_2019,fato,chikungunya,2019.0,dt_notificacao,0,0.0
chikungunya_2019,fato,chikungunya,2019.0,ds_semana_notificacao,0,0.0
chikungunya_2019,fato,chikungunya,2019.0,notificacao_ano,0,0.0
chikungunya_2019,fato,chikungunya,2019.0,co_uf_notificacao,0,0.0
chikungunya_2019,fato,chikungunya,2019.0,co_municipio_notificacao,0,0.0
chikungunya_2019,fato,chikungunya,2019.0,id_regional,0,0.0
chikungunya_2019,fato,chikungunya,2019.0,co_unidade_notificacao,0,0.0
chikungunya_2019,fato,chikungunya,2019.0,dt_diagnostico_sintoma,0,0.0
chikungunya_2019,fato,chikungunya,2019.0,ds_semana_sintoma,0,0.0
chikungunya_2019,fato,chikungunya,2019.0,dt_nascimento,57,3.96
chikungunya_2019,fato,chikungunya,2019.0,nu_idade,0,0.0
chikungunya_2019,fato,chikungunya,2019.0,tp_sexo,0,0.0
chikungunya_2019,fato,chikungunya,2019.0,tp_gestante,1,0.07
chikungunya_2019,fato,chikungunya,2019.0,tp_raca_cor,0,0.0
chikungunya_2019,fato,chikungunya,2019.0,tp_escolaridade,226,15.68
chikungunya_2019,fato,chikungunya,2019.0,co_uf_residencia,0,0.0
chikungunya_2019,fato,chikungunya,2019.0,co_municipio_residencia,0,0.0
chikungunya_2019,fato,chikungunya,2019.0,co_regional_residencia,0,0.0
chikungunya_2019,fato,chikungunya,2019.0,co_distrito_residencia,27,1.87
chikungunya_2019,fato,chikungunya,2019.0,co_bairro_residencia,16,1.11
chikungunya_2019,fato,chikungunya,2019.0,no_bairro_residencia,8,0.56
chikungunya_2019,fato,chikungunya,2019.0,co_logradouro_residencia,1441,100.0
chikungunya_2019,fato,chikungunya,2019.0,nome_logradouro_residencia,38,2.64
chikungunya_2019,fato,chikungunya,2019.0,nu_cep_residencia,1081,75.02
chikungunya_2019,fato,chikungunya,2019.0,tp_zona_residencia,83,5.76
chikungunya_2019,fato,chikungunya,2019.0,co_pais_residencia,0,0.0
chikungunya_2019,fato,chikungunya,2019.0,dt_investigacao,1,0.07
chikungunya_2019,fato,chikungunya,2019.0,co_cbo_ocupacao,1288,89.38
chikungunya_2019,fato,chikungunya,2019.0,febre,1,0.07
chikungunya_2019,fato,chikungunya,2019.0,mialgia,1,0.07
chikungunya_2019,fato,chikungunya,2019.0,cefaleia,1,0.07
chikungunya_2019,fato,chikungunya,2019.0,exantema,1,0.07
chikungunya_2019,fato,chikungunya,2019.0,vomito,1,0.07
chikungunya_2019,fato,chikungunya,2019.0,nausea,1,0.07
chikungunya_2019,fato,chikungunya,2019.0,dor_costas,1,0.07
chikungunya_2019,fato,chikungunya,2019.0,conjutivite,1,0.07
chikungunya_2019,fato,chikungunya,2019.0,artrite,1,0.07
chikungunya_2019,fato,chikungunya,2019.0,artralgia,1,0.07
chikungunya_2019,fato,chikungunya,2019.0,petequia_n,1,0.07
chikungunya_2019,fato,chikungunya,2019.0,leucopenia,1,0.07
chikungunya_2019,fato,chikungunya,2019.0,laco,1,0.07
chikungunya_2019,fato,chikungunya,2019.0,dor_retro,1,0.07
chikungunya_2019,fato,chikungunya,2019.0,diabetes,1,0.07
chikungunya_2019,fato,chikungunya,2019.0,hematolog,1,0.07
chikungunya_2019,fato,chikungunya,2019.0,hepatopat,1,0.07
chikungunya_2019,fato,chikungunya,2019.0,renal,1,0.07
chikungunya_2019,fato,chikungunya,2019.0,hipertensao,1,0.07
chikungunya_2019,fato,chikungunya,2019.0,acido_pept,1,0.07
chikungunya_2019,fato,chikungunya,2019.0,auto_imune,1,0.07
chikungunya_2019,fato,chikungunya,2019.0,dt_chil_s1,951,66.0
chikungunya_2019,fato,chikungunya,2019.0,dt_chil_s2,1439,99.86
chikungunya_2019,fato,chikungunya,2019.0,dt_prnt,1426,98.96
chikungunya_2019,fato,chikungunya,2019.0,res_chiks1,774,53.71
chikungunya_2019,fato,chikungunya,2019.0,res_chiks2,1215,84.32
chikungunya_2019,fato,chikungunya,2019.0,resul_prnt,1225,85.01
chikungunya_2019,fato,chikungunya,2019.0,dt_coleta_exame,1439,99.86
chikungunya_2019,fato,chikungunya,2019.0,tp_result_exame,1439,99.86
chikungunya_2019,fato,chikungunya,2019.0,dt_coleta_NS1,1441,100.0
chikungunya_2019,fato,chikungunya,2019.0,Tp_result_NS1,1439,99.86
chikungunya_2019,fato,chikungunya,2019.0,dt_coleta_isolamento,1435,99.58
chikungunya_2019,fato,chikungunya,2019.0,tp_result_isolamento,1054,73.14
chikungunya_2019,fato,chikungunya,2019.0,dt_coleta_rtpcr,1359,94.31
chikungunya_2019,fato,chikungunya,2019.0,tp_result_rtpcr,1016,70.51
chikungunya_2019,fato,chikungunya,2019.0,tp_sorotipo,1440,99.93
chikungunya_2019,fato,chikungunya,2019.0,tp_result_histopatologia,1439,99.86
chikungunya_2019,fato,chikungunya,2019.0,tp_result_imunohistoquimica,1439,99.86
chikungunya_2019,fato,chikungunya,2019.0,st_ocorreu_hospitalizacao,556,38.58
chikungunya_2019,fato,chikungunya,2019.0,dt_internacao,1330,92.3
chikungunya_2019,fato,chikungunya,2019.0,co_uf_hospital,1327,92.09
chikungunya_2019,fato,chikungunya,2019.0,co_municipio_hospital,1329,92.23
chikungunya_2019,fato,chikungunya,2019.0,tp_autoctone_residencia,1157,80.29
chikungunya_2019,fato,chikungunya,2019.0,co_uf_infeccao,1278,88.69
chikungunya_2019,fato,chikungunya,2019.0,co_pais_infeccao,1278,88.69
chikungunya_2019,fato,chikungunya,2019.0,co_municipio_infeccao,1280,88.83
chikungunya_2019,fato,chikungunya,2019.0,co_distrito_infeccao,1325,91.95
chikungunya_2019,fato,chikungunya,2019.0,co_bairro_infeccao,1348,93.55
chikungunya_2019,fato,chikungunya,2019.0,no_bairro_infeccao,1348,93.55
chikungunya_2019,fato,chikungunya,2019.0,tp_classificacao_final,4,0.28
chikungunya_2019,fato,chikungunya,2019.0,tp_criterio_confirmacao,4,0.28
chikungunya_2019,fato,chikungunya,2019.0,st_doenca_trabalho,1441,100.0
chikungunya_2019,fato,chikungunya,2019.0,clinc_chik,356,24.71
chikungunya_2019,fato,chikungunya,2019.0,tp_evolucao_caso,11,0.76
chikungunya_2019,fato,chikungunya,2019.0,dt_obito,1416,98.27
chikungunya_2019,fato,chikungunya,2019.0,dt_encerramento,3,0.21
chikungunya_2019,fato,chikungunya,2019.0,alrm_hipot,1441,100.0
chikungunya_2019,fato,chikungunya,2019.0,alrm_plaq,1441,100.0
chikungunya_2019,fato,chikungunya,2019.0,alrm_vom,1441,100.0
chikungunya_2019,fato,chikungunya,2019.0,alrm_sang,1441,100.0
chikungunya_2019,fato,chikungunya,2019.0,alrm_hemat,1441,100.0
chikungunya_2019,fato,chikungunya,2019.0,alrm_abdom,1441,100.0
chikungunya_2019,fato,chikungunya,2019.0,alrm_letar,1441,100.0
chikungunya_2019,fato,chikungunya,2019.0,alrm_hepat,1441,100.0
chikungunya_2019,fato,chikungunya,2019.0,alrm_liq,1441,100.0
chikungunya_2019,fato,chikungunya,2019.0,dt_alrm,1441,100.0
chikungunya_2019,fato,chikungunya,2019.0,grav_pulso,1441,100.0
chikungunya_2019,fato,chikungunya,2019.0,grav_conv,1441,100.0
chikungunya_2019,fato,chikungunya,2019.0,grav_ench,1441,100.0
chikungunya_2019,fato,chikungunya,2019.0,grav_insuf,1441,100.0
chikungunya_2019,fato,chikungunya,2019.0,grav_taqui,1441,100.0
chikungunya_2019,fato,chikungunya,2019.0,grav_extre,1441,100.0
chikungunya_2019,fato,chikungunya,2019.0,grav_hipot,1441,100.0
chikungunya_2019,fato,chikungunya,2019.0,grav_hemat,1441,100.0
chikungunya_2019,fato,chikungunya,2019.0,grav_melen,1441,100.0
chikungunya_2019,fato,chikungunya,2019.0,grav_metro,1441,100.0
chikungunya_2019,fato,chikungunya,2019.0,grav_sang,1441,100.0
chikungunya_2019,fato,chikungunya,2019.0,grav_ast,1441,100.0
chikungunya_2019,fato,chikungunya,2019.0,grav_mioc,1441,100.0
chikungunya_2019,fato,chikungunya,2019.0,grav_consc,1441,100.0
chikungunya_2019,fato,chikungunya,2019.0,grav_orgao,1441,100.0
chikungunya_2019,fato,chikungunya,2019.0,dt_grav,1441,100.0
chikungunya_2019,fato,chikungunya,2019.0,mami_hemor,1441,100.0
chikungunya_2019,fato,chikungunya,2019.0,epistaxe,1441,100.0
chikungunya_2019,fato,chikungunya,2019.0,gengivo,1441,100.0
chikungunya_2019,fato,chikungunya,2019.0,metro,1441,100.0
chikungunya_2019,fato,chikungunya,2019.0,petequias,1441,100.0
chikungunya_2019,fato,chikungunya,2019.0,hematura,1441,100.0
chikungunya_2019,fato,chikungunya,2019.0,sangram,1441,100.0
chikungunya_2019,fato,chikungunya,2019.0,laco_n,1441,100.0
chikungunya_2019,fato,chikungunya,2019.0,plasmatico,1441,100.0
chikungunya_2019,fato,chikungunya,2019.0,evidencia,1441,100.0
chikungunya_2019,fato,chikungunya,2019.0,plaq_menor,1441,100.0
chikungunya_2019,fato,chikungunya,2019.0,con_fhd,1441,100.0
chikungunya_2018,fato,chikungunya,2018.0,nu_notificacao,0,0.0
chikungunya_2018,fato,chikungunya,2018.0,tp_notificacao,0,0.0
chikungunya_2018,fato,chikungunya,2018.0,co_cid,0,0.0
chikungunya_2018,fato,chikungunya,2018.0,dt_notificacao,0,0.0
chikungunya_2018,fato,chikungunya,2018.0,ds_semana_notificacao,0,0.0
chikungunya_2018,fato,chikungunya,2018.0,notificacao_ano,0,0.0
chikungunya_2018,fato,chikungunya,2018.0,co_uf_notificacao,0,0.0
chikungunya_2018,fato,chikungunya,2018.0,co_municipio_notificacao,0,0.0
chikungunya_2018,fato,chikungunya,2018.0,id_regional,1,0.16
chikungunya_2018,fato,chikungunya,2018.0,co_unidade_notificacao,0,0.0
chikungunya_2018,fato,chikungunya,2018.0,dt_diagnostico_sintoma,0,0.0
chikungunya_2018,fato,chikungunya,2018.0,ds_semana_sintoma,0,0.0
chikungunya_2018,fato,chikungunya,2018.0,dt_nascimento,12,1.88
chikungunya_2018,fato,chikungunya,2018.0,nu_idade,0,0.0
chikungunya_2018,fato,chikungunya,2018.0,tp_sexo,0,0.0
chikungunya_2018,fato,chikungunya,2018.0,tp_gestante,0,0.0
chikungunya_2018,fato,chikungunya,2018.0,tp_raca_cor,0,0.0
chikungunya_2018,fato,chikungunya,2018.0,tp_escolaridade,73,11.42
chikungunya_2018,fato,chikungunya,2018.0,co_uf_residencia,0,0.0
chikungunya_2018,fato,chikungunya,2018.0,co_municipio_residencia,0,0.0
chikungunya_2018,fato,chikungunya,2018.0,co_regional_residencia,0,0.0
chikungunya_2018,fato,chikungunya,2018.0,co_distrito_residencia,3,0.47
chikungunya_2018,fato,chikungunya,2018.0,co_bairro_residencia,3,0.47
chikungunya_2018,fato,chikungunya,2018.0,no_bairro_residencia,1,0.16
chikungunya_2018,fato,chikungunya,2018.0,co_logradouro_residencia,639,100.0
chikungunya_2018,fato,chikungunya,2018.0,nome_logradouro_residencia,13,2.03
chikungunya_2018,fato,chikungunya,2018.0,nu_cep_residencia,495,77.46
chikungunya_2018,fato,chikungunya,2018.0,tp_zona_residencia,32,5.01
chikungunya_2018,fato,chikungunya,2018.0,co_pais_residencia,0,0.0
chikungunya_2018,fato,chikungunya,2018.0,dt_investigacao,3,0.47
chikungunya_2018,fato,chikungunya,2018.0,co_cbo_ocupacao,600,93.9
chikungunya_2018,fato,chikungunya,2018.0,febre,3,0.47
chikungunya_2018,fato,chikungunya,2018.0,mialgia,3,0.47
chikungunya_2018,fato,chikungunya,2018.0,cefaleia,3,0.47
chikungunya_2018,fato,chikungunya,2018.0,exantema,3,0.47
chikungunya_2018,fato,chikungunya,2018.0,vomito,3,0.47
chikungunya_2018,fato,chikungunya,2018.0,nausea,3,0.47
chikungunya_2018,fato,chikungunya,2018.0,dor_costas,3,0.47
chikungunya_2018,fato,chikungunya,2018.0,conjutivite,3,0.47
chikungunya_2018,fato,chikungunya,2018.0,artrite,3,0.47
chikungunya_2018,fato,chikungunya,2018.0,artralgia,3,0.47
chikungunya_2018,fato,chikungunya,2018.0,petequia_n,3,0.47
chikungunya_2018,fato,chikungunya,2018.0,leucopenia,3,0.47
chikungunya_2018,fato,chikungunya,2018.0,laco,3,0.47
chikungunya_2018,fato,chikungunya,2018.0,dor_retro,3,0.47
chikungunya_2018,fato,chikungunya,2018.0,diabetes,3,0.47
chikungunya_2018,fato,chikungunya,2018.0,hematolog,3,0.47
chikungunya_2018,fato,chikungunya,2018.0,hepatopat,3,0.47
chikungunya_2018,fato,chikungunya,2018.0,renal,3,0.47
chikungunya_2018,fato,chikungunya,2018.0,hipertensao,3,0.47
chikungunya_2018,fato,chikungunya,2018.0,acido_pept,3,0.47
chikungunya_2018,fato,chikungunya,2018.0,auto_imune,3,0.47
chikungunya_2018,fato,chikungunya,2018.0,dt_chil_s1,471,73.71
chikungunya_2018,fato,chikungunya,2018.0,dt_chil_s2,638,99.84
chikungunya_2018,fato,chikungunya,2018.0,dt_prnt,634,99.22
chikungunya_2018,fato,chikungunya,2018.0,res_chiks1,416,65.1
chikungunya_2018,fato,chikungunya,2018.0,res_chiks2,570,89.2
chikungunya_2018,fato,chikungunya,2018.0,resul_prnt,574,89.83
chikungunya_2018,fato,chikungunya,2018.0,dt_coleta_exame,638,99.84
chikungunya_2018,fato,chikungunya,2018.0,tp_result_exame,637,99.69
chikungunya_2018,fato,chikungunya,2018.0,dt_coleta_NS1,639,100.0
chikungunya_2018,fato,chikungunya,2018.0,Tp_result_NS1,638,99.84
chikungunya_2018,fato,chikungunya,2018.0,dt_coleta_isolamento,639,100.0
chikungunya_2018,fato,chikungunya,2018.0,tp_result_isolamento,475,74.33
chikungunya_2018,fato,chikungunya,2018.0,dt_coleta_rtpcr,621,97.18
chikungunya_2018,fato,chikungunya,2018.0,tp_result_rtpcr,472,73.87
chikungunya_2018,fato,chikungunya,2018.0,tp_sorotipo,639,100.0
chikungunya_2018,fato,chikungunya,2018.0,tp_result_histopatologia,638,99.84
chikungunya_2018,fato,chikungunya,2018.0,tp_result_imunohistoquimica,638,99.84
chikungunya_2018,fato,chikungunya,2018.0,st_ocorreu_hospitalizacao,299,46.79
chikungunya_2018,fato,chikungunya,2018.0,dt_internacao,590,92.33
chikungunya_2018,fato,chikungunya,2018.0,co_uf_hospital,591,92.49
chikungunya_2018,fato,chikungunya,2018.0,co_municipio_hospital,592,92.64
chikungunya_2018,fato,chikungunya,2018.0,tp_autoctone_residencia,529,82.79
chikungunya_2018,fato,chikungunya,2018.0,co_uf_infeccao,537,84.04
chikungunya_2018,fato,chikungunya,2018.0,co_pais_infeccao,537,84.04
chikungunya_2018,fato,chikungunya,2018.0,co_municipio_infeccao,537,84.04
chikungunya_2018,fato,chikungunya,2018.0,co_distrito_infeccao,574,89.83
chikungunya_2018,fato,chikungunya,2018.0,co_bairro_infeccao,592,92.64
chikungunya_2018,fato,chikungunya,2018.0,no_bairro_infeccao,592,92.64
chikungunya_2018,fato,chikungunya,2018.0,tp_classificacao_final,11,1.72
chikungunya_2018,fato,chikungunya,2018.0,tp_criterio_confirmacao,9,1.41
chikungunya_2018,fato,chikungunya,2018.0,st_doenca_trabalho,639,100.0
chikungunya_2018,fato,chikungunya,2018.0,clinc_chik,207,32.39
chikungunya_2018,fato,chikungunya,2018.0,tp_evolucao_caso,23,3.6
chikungunya_2018,fato,chikungunya,2018.0,dt_obito,631,98.75
chikungunya_2018,fato,chikungunya,2018.0,dt_encerramento,14,2.19
chikungunya_2018,fato,chikungunya,2018.0,alrm_hipot,639,100.0
chikungunya_2018,fato,chikungunya,2018.0,alrm_plaq,639,100.0
chikungunya_2018,fato,chikungunya,2018.0,alrm_vom,639,100.0
chikungunya_2018,fato,chikungunya,2018.0,alrm_sang,639,100.0
chikungunya_2018,fato,chikungunya,2018.0,alrm_hemat,639,100.0
chikungunya_2018,fato,chikungunya,2018.0,alrm_abdom,639,100.0
chikungunya_2018,fato,chikungunya,2018.0,alrm_letar,639,100.0
chikungunya_2018,fato,chikungunya,2018.0,alrm_hepat,639,100.0
chikungunya_2018,fato,chikungunya,2018.0,alrm_liq,639,100.0
chikungunya_2018,fato,chikungunya,2018.0,dt_alrm,639,100.0
chikungunya_2018,fato,chikungunya,2018.0,grav_pulso,639,100.0
chikungunya_2018,fato,chikungunya,2018.0,grav_conv,639,100.0
chikungunya_2018,fato,chikungunya,2018.0,grav_ench,639,100.0
chikungunya_2018,fato,chikungunya,2018.0,grav_insuf,639,100.0
chikungunya_2018,fato,chikungunya,2018.0,grav_taqui,639,100.0
chikungunya_2018,fato,chikungunya,2018.0,grav_extre,639,100.0
chikungunya_2018,fato,chikungunya,2018.0,grav_hipot,639,100.0
chikungunya_2018,fato,chikungunya,2018.0,grav_hemat,639,100.0
chikungunya_2018,fato,chikungunya,2018.0,grav_melen,639,100.0
chikungunya_2018,fato,chikungunya,2018.0,grav_metro,639,100.0
chikungunya_2018,fato,chikungunya,2018.0,grav_sang,639,100.0
chikungunya_2018,fato,chikungunya,2018.0,grav_ast,639,100.0
chikungunya_2018,fato,chikungunya,2018.0,grav_mioc,639,100.0
chikungunya_2018,fato,chikungunya,2018.0,grav_consc,639,100.0
chikungunya_2018,fato,chikungunya,2018.0,grav_orgao,639,100.0
chikungunya_2018,fato,chikungunya,2018.0,dt_grav,639,100.0
chikungunya_2018,fato,chikungunya,2018.0,mami_hemor,639,100.0
chikungunya_2018,fato,chikungunya,2018.0,epistaxe,639,100.0
chikungunya_2018,fato,chikungunya,2018.0,gengivo,639,100.0
chikungunya_2018,fato,chikungunya,2018.0,metro,639,100.0
chikungunya_2018,fato,chikungunya,2018.0,petequias,639,100.0
chikungunya_2018,fato,chikungunya,2018.0,hematura,639,100.0
chikungunya_2018,fato,chikungunya,2018.0,sangram,639,100.0
chikungunya_2018,fato,chikungunya,2018.0,laco_n,639,100.0
chikungunya_2018,fato,chikungunya,2018.0,plasmatico,639,100.0
chikungunya_2018,fato,chikungunya,2018.0,evidencia,639,100.0
chikungunya_2018,fato,chikungunya,2018.0,plaq_menor,639,100.0
chikungunya_2018,fato,chikungunya,2018.0,con_fhd,639,100.0
chikungunya_2017,fato,chikungunya,2017.0,nu_notificacao,0,0.0
chikungunya_2017,fato,chikungunya,2017.0,tp_notificacao,0,0.0
chikungunya_2017,fato,chikungunya,2017.0,A92,0,0.0
chikungunya_2017,fato,chikungunya,2017.0,dt_notificacao,0,0.0
chikungunya_2017,fato,chikungunya,2017.0,ds_semana_notificacao,0,0.0
chikungunya_2017,fato,chikungunya,2017.0,notificacao_ano,0,0.0
chikungunya_2017,fato,chikungunya,2017.0,co_uf_notificacao,0,0.0
chikungunya_2017,fato,chikungunya,2017.0,co_municipio_notificacao,0,0.0
chikungunya_2017,fato,chikungunya,2017.0,id_regional,0,0.0
chikungunya_2017,fato,chikungunya,2017.0,co_unidade_notificacao,0,0.0
chikungunya_2017,fato,chikungunya,2017.0,dt_diagnostico_sintoma,0,0.0
chikungunya_2017,fato,chikungunya,2017.0,ds_semana_sintoma,0,0.0
chikungunya_2017,fato,chikungunya,2017.0,dt_nascimento,24,2.31
chikungunya_2017,fato,chikungunya,2017.0,nu_idade,0,0.0
chikungunya_2017,fato,chikungunya,2017.0,tp_sexo,1,0.1
chikungunya_2017,fato,chikungunya,2017.0,tp_gestante,0,0.0
chikungunya_2017,fato,chikungunya,2017.0,tp_raca_cor,1,0.1
chikungunya_2017,fato,chikungunya,2017.0,tp_escolaridade,54,5.21
chikungunya_2017,fato,chikungunya,2017.0,co_uf_residencia,1,0.1
chikungunya_2017,fato,chikungunya,2017.0,co_municipio_residencia,0,0.0
chikungunya_2017,fato,chikungunya,2017.0,co_regional_residencia,0,0.0
chikungunya_2017,fato,chikungunya,2017.0,co_distrito_residencia,1,0.1
chikungunya_2017,fato,chikungunya,2017.0,co_bairro_residencia,1,0.1
chikungunya_2017,fato,chikungunya,2017.0,no_bairro_residencia,0,0.0
chikungunya_2017,fato,chikungunya,2017.0,co_logradouro_residencia,1037,100.0
chikungunya_2017,fato,chikungunya,2017.0,nome_logradouro_residencia,11,1.06
chikungunya_2017,fato,chikungunya,2017.0,nu_cep_residencia,720,69.43
chikungunya_2017,fato,chikungunya,2017.0,tp_zona_residencia,27,2.6
chikungunya_2017,fato,chikungunya,2017.0,co_pais_residencia,0,0.0
chikungunya_2017,fato,chikungunya,2017.0,dt_investigacao,1,0.1
chikungunya_2017,fato,chikungunya,2017.0,co_cbo_ocupacao,1000,96.43
chikungunya_2017,fato,chikungunya,2017.0,febre,1,0.1
chikungunya_2017,fato,chikungunya,2017.0,mialgia,1,0.1
chikungunya_2017,fato,chikungunya,2017.0,cefaleia,1,0.1
chikungunya_2017,fato,chikungunya,2017.0,exantema,1,0.1
chikungunya_2017,fato,chikungunya,2017.0,vomito,1,0.1
chikungunya_2017,fato,chikungunya,2017.0,nausea,1,0.1
chikungunya_2017,fato,chikungunya,2017.0,dor_costas,1,0.1
chikungunya_2017,fato,chikungunya,2017.0,conjutivite,1,0.1
chikungunya_2017,fato,chikungunya,2017.0,artrite,1,0.1
chikungunya_2017,fato,chikungunya,2017.0,artralgia,1,0.1
chikungunya_2017,fato,chikungunya,2017.0,petequia_n,1,0.1
chikungunya_2017,fato,chikungunya,2017.0,leucopenia,1,0.1
chikungunya_2017,fato,chikungunya,2017.0,laco,1,0.1
chikungunya_2017,fato,chikungunya,2017.0,dor_retro,1,0.1
chikungunya_2017,fato,chikungunya,2017.0,diabetes,1,0.1
chikungunya_2017,fato,chikungunya,2017.0,hematolog,1,0.1
chikungunya_2017,fato,chikungunya,2017.0,hepatopat,1,0.1
chikungunya_2017,fato,chikungunya,2017.0,renal,1,0.1
chikungunya_2017,fato,chikungunya,2017.0,hipertensao,1,0.1
chikungunya_2017,fato,chikungunya,2017.0,acido_pept,1,0.1
chikungunya_2017,fato,chikungunya,2017.0,auto_imune,1,0.1
chikungunya_2017,fato,chikungunya,2017.0,dt_chil_s1,911,87.85
chikungunya_2017,fato,chikungunya,2017.0,dt_chil_s2,1037,100.0
chikungunya_2017,fato,chikungunya,2017.0,dt_prnt,1026,98.94
chikungunya_2017,fato,chikungunya,2017.0,res_chiks1,794,76.57
chikungunya_2017,fato,chikungunya,2017.0,res_chiks2,890,85.82
chikungunya_2017,fato,chikungunya,2017.0,resul_prnt,891,85.92
chikungunya_2017,fato,chikungunya,2017.0,dt_coleta_exame,1037,100.0
chikungunya_2017,fato,chikungunya,2017.0,tp_result_exame,1037,100.0
chikungunya_2017,fato,chikungunya,2017.0,dt_coleta_NS1,1037,100.0
chikungunya_2017,fato,chikungunya,2017.0,Tp_result_NS1,1037,100.0
chikungunya_2017,fato,chikungunya,2017.0,dt_coleta_isolamento,1037,100.0
chikungunya_2017,fato,chikungunya,2017.0,tp_result_isolamento,825,79.56
chikungunya_2017,fato,chikungunya,2017.0,dt_coleta_rtpcr,1024,98.75
chikungunya_2017,fato,chikungunya,2017.0,tp_result_rtpcr,818,78.88
chikungunya_2017,fato,chikungunya,2017.0,tp_sorotipo,1037,100.0
chikungunya_2017,fato,chikungunya,2017.0,tp_result_histopatologia,1037,100.0
chikungunya_2017,fato,chikungunya,2017.0,tp_result_imunohistoquimica,1037,100.0
chikungunya_2017,fato,chikungunya,2017.0,st_ocorreu_hospitalizacao,449,43.3
chikungunya_2017,fato,chikungunya,2017.0,dt_internacao,989,95.37
chikungunya_2017,fato,chikungunya,2017.0,co_uf_hospital,988,95.27
chikungunya_2017,fato,chikungunya,2017.0,co_municipio_hospital,988,95.27
chikungunya_2017,fato,chikungunya,2017.0,tp_autoctone_residencia,762,73.48
chikungunya_2017,fato,chikungunya,2017.0,co_uf_infeccao,823,79.36
chikungunya_2017,fato,chikungunya,2017.0,co_pais_infeccao,823,79.36
chikungunya_2017,fato,chikungunya,2017.0,co_municipio_infeccao,825,79.56
chikungunya_2017,fato,chikungunya,2017.0,co_distrito_infeccao,853,82.26
chikungunya_2017,fato,chikungunya,2017.0,co_bairro_infeccao,864,83.32
chikungunya_2017,fato,chikungunya,2017.0,no_bairro_infeccao,864,83.32
chikungunya_2017,fato,chikungunya,2017.0,tp_classificacao_final,1,0.1
chikungunya_2017,fato,chikungunya,2017.0,tp_criterio_confirmacao,1,0.1
chikungunya_2017,fato,chikungunya,2017.0,st_doenca_trabalho,1037,100.0
chikungunya_2017,fato,chikungunya,2017.0,clinc_chik,355,34.23
chikungunya_2017,fato,chikungunya,2017.0,tp_evolucao_caso,2,0.19
chikungunya_2017,fato,chikungunya,2017.0,dt_obito,1027,99.04
chikungunya_2017,fato,chikungunya,2017.0,dt_encerramento,2,0.19
chikungunya_2017,fato,chikungunya,2017.0,alrm_hipot,1037,100.0
chikungunya_2017,fato,chikungunya,2017.0,alrm_plaq,1037,100.0
chikungunya_2017,fato,chikungunya,2017.0,alrm_vom,1037,100.0
chikungunya_2017,fato,chikungunya,2017.0,alrm_sang,1037,100.0
chikungunya_2017,fato,chikungunya,2017.0,alrm_hemat,1037,100.0
chikungunya_2017,fato,chikungunya,2017.0,alrm_abdom,1037,100.0
chikungunya_2017,fato,chikungunya,2017.0,alrm_letar,1037,100.0
chikungunya_2017,fato,chikungunya,2017.0,alrm_hepat,1037,100.0
chikungunya_2017,fato,chikungunya,2017.0,alrm_liq,1037,100.0
chikungunya_2017,fato,chikungunya,2017.0,dt_alrm,1037,100.0
chikungunya_2017,fato,chikungunya,2017.0,grav_pulso,1037,100.0
chikungunya_2017,fato,chikungunya,2017.0,grav_conv,1037,100.0
chikungunya_2017,fato,chikungunya,2017.0,grav_ench,1037,100.0
chikungunya_2017,fato,chikungunya,2017.0,grav_insuf,1037,100.0
chikungunya_2017,fato,chikungunya,2017.0,grav_taqui,1037,100.0
chikungunya_2017,fato,chikungunya,2017.0,grav_extre,1037,100.0
chikungunya_2017,fato,chikungunya,2017.0,grav_hipot,1037,100.0
chikungunya_2017,fato,chikungunya,2017.0,grav_hemat,1037,100.0
chikungunya_2017,fato,chikungunya,2017.0,grav_melen,1037,100.0
chikungunya_2017,fato,chikungunya,2017.0,grav_metro,1037,100.0
chikungunya_2017,fato,chikungunya,2017.0,grav_sang,1037,100.0
chikungunya_2017,fato,chikungunya,2017.0,grav_ast,1037,100.0
chikungunya_2017,fato,chikungunya,2017.0,grav_mioc,1037,100.0
chikungunya_2017,fato,chikungunya,2017.0,grav_consc,1037,100.0
chikungunya_2017,fato,chikungunya,2017.0,grav_orgao,1037,100.0
chikungunya_2017,fato,chikungunya,2017.0,dt_grav,1037,100.0
chikungunya_2017,fato,chikungunya,2017.0,mami_hemor,1037,100.0
chikungunya_2017,fato,chikungunya,2017.0,epistaxe,1037,100.0
chikungunya_2017,fato,chikungunya,2017.0,gengivo,1037,100.0
chikungunya_2017,fato,chikungunya,2017.0,metro,1037,100.0
chikungunya_2017,fato,chikungunya,2017.0,petequias,1037,100.0
chikungunya_2017,fato,chikungunya,2017.0,hematura,1037,100.0
chikungunya_2017,fato,chikungunya,2017.0,sangram,1037,100.0
chikungunya_2017,fato,chikungunya,2017.0,laco_n,1037,100.0
chikungunya_2017,fato,chikungunya,2017.0,plasmatico,1037,100.0
chikungunya_2017,fato,chikungunya,2017.0,evidencia,1037,100.0
chikungunya_2017,fato,chikungunya,2017.0,plaq_menor,1037,100.0
chikungunya_2017,fato,chikungunya,2017.0,con_fhd,1037,100.0
chikungunya_2016,fato,chikungunya,2016.0,nu_notificacao,0,0.0
chikungunya_2016,fato,chikungunya,2016.0,tp_notificacao,0,0.0
chikungunya_2016,fato,chikungunya,2016.0,co_cid,0,0.0
chikungunya_2016,fato,chikungunya,2016.0,dt_notificacao,0,0.0
chikungunya_2016,fato,chikungunya,2016.0,ds_semana_notificacao,0,0.0
chikungunya_2016,fato,chikungunya,2016.0,notificacao_ano,0,0.0
chikungunya_2016,fato,chikungunya,2016.0,co_uf_notificacao,0,0.0
chikungunya_2016,fato,chikungunya,2016.0,co_municipio_notificacao,0,0.0
chikungunya_2016,fato,chikungunya,2016.0,id_regional,0,0.0
chikungunya_2016,fato,chikungunya,2016.0,co_unidade_notificacao,0,0.0
chikungunya_2016,fato,chikungunya,2016.0,dt_diagnostico_sintoma,0,0.0
chikungunya_2016,fato,chikungunya,2016.0,ds_semana_sintoma,0,0.0
chikungunya_2016,fato,chikungunya,2016.0,dt_nascimento,216,1.92
chikungunya_2016,fato,chikungunya,2016.0,nu_idade,0,0.0
chikungunya_2016,fato,chikungunya,2016.0,tp_sexo,0,0.0
chikungunya_2016,fato,chikungunya,2016.0,tp_gestante,0,0.0
chikungunya_2016,fato,chikungunya,2016.0,tp_raca_cor,351,3.12
chikungunya_2016,fato,chikungunya,2016.0,tp_escolaridade,2060,18.31
chikungunya_2016,fato,chikungunya,2016.0,co_uf_residencia,0,0.0
chikungunya_2016,fato,chikungunya,2016.0,co_municipio_residencia,0,0.0
chikungunya_2016,fato,chikungunya,2016.0,co_regional_residencia,0,0.0
chikungunya_2016,fato,chikungunya,2016.0,co_distrito_residencia,8,0.07
chikungunya_2016,fato,chikungunya,2016.0,co_bairro_residencia,4098,36.43
chikungunya_2016,fato,chikungunya,2016.0,no_bairro_residencia,3893,34.61
chikungunya_2016,fato,chikungunya,2016.0,co_logradouro_residencia,11248,100.0
chikungunya_2016,fato,chikungunya,2016.0,nome_logradouro_residencia,248,2.2
chikungunya_2016,fato,chikungunya,2016.0,nu_cep_residencia,8474,75.34
chikungunya_2016,fato,chikungunya,2016.0,tp_zona_residencia,629,5.59
chikungunya_2016,fato,chikungunya,2016.0,co_pais_residencia,0,0.0
chikungunya_2016,fato,chikungunya,2016.0,dt_investigacao,0,0.0
chikungunya_2016,fato,chikungunya,2016.0,co_cbo_ocupacao,11003,97.82
chikungunya_2016,fato,chikungunya,2016.0,febre,3761,33.44
chikungunya_2016,fato,chikungunya,2016.0,mialgia,3761,33.44
chikungunya_2016,fato,chikungunya,2016.0,cefaleia,3761,33.44
chikungunya_2016,fato,chikungunya,2016.0,exantema,3761,33.44
chikungunya_2016,fato,chikungunya,2016.0,vomito,3761,33.44
chikungunya_2016,fato,chikungunya,2016.0,nausea,3761,33.44
chikungunya_2016,fato,chikungunya,2016.0,dor_costas,3761,33.44
chikungunya_2016,fato,chikungunya,2016.0,conjutivite,3761,33.44
chikungunya_2016,fato,chikungunya,2016.0,artrite,3761,33.44
chikungunya_2016,fato,chikungunya,2016.0,artralgia,3761,33.44
chikungunya_2016,fato,chikungunya,2016.0,petequia_n,3761,33.44
chikungunya_2016,fato,chikungunya,2016.0,leucopenia,3761,33.44
chikungunya_2016,fato,chikungunya,2016.0,laco,3761,33.44
chikungunya_2016,fato,chikungunya,2016.0,dor_retro,3761,33.44
chikungunya_2016,fato,chikungunya,2016.0,diabetes,3761,33.44
chikungunya_2016,fato,chikungunya,2016.0,hematolog,3761,33.44
chikungunya_2016,fato,chikungunya,2016.0,hepatopat,3761,33.44
chikungunya_2016,fato,chikungunya,2016.0,renal,3761,33.44
chikungunya_2016,fato,chikungunya,2016.0,hipertensao,3761,33.44
chikungunya_2016,fato,chikungunya,2016.0,acido_pept,3761,33.44
chikungunya_2016,fato,chikungunya,2016.0,auto_imune,3761,33.44
chikungunya_2016,fato,chikungunya,2016.0,dt_chil_s1,10731,95.4
chikungunya_2016,fato,chikungunya,2016.0,dt_chil_s2,11239,99.92
chikungunya_2016,fato,chikungunya,2016.0,dt_prnt,11209,99.65
chikungunya_2016,fato,chikungunya,2016.0,res_chiks1,10255,91.17
chikungunya_2016,fato,chikungunya,2016.0,res_chiks2,10670,94.86
chikungunya_2016,fato,chikungunya,2016.0,resul_prnt,10667,94.83
chikungunya_2016,fato,chikungunya,2016.0,dt_coleta_exame,11248,100.0
chikungunya_2016,fato,chikungunya,2016.0,tp_result_exame,11248,100.0
chikungunya_2016,fato,chikungunya,2016.0,dt_coleta_NS1,11248,100.0
chikungunya_2016,fato,chikungunya,2016.0,Tp_result_NS1,11248,100.0
chikungunya_2016,fato,chikungunya,2016.0,dt_coleta_isolamento,11233,99.87
chikungunya_2016,fato,chikungunya,2016.0,tp_result_isolamento,10360,92.11
chikungunya_2016,fato,chikungunya,2016.0,dt_coleta_rtpcr,11188,99.47
chikungunya_2016,fato,chikungunya,2016.0,tp_result_rtpcr,10328,91.82
chikungunya_2016,fato,chikungunya,2016.0,tp_sorotipo,11248,100.0
chikungunya_2016,fato,chikungunya,2016.0,tp_result_histopatologia,11248,100.0
chikungunya_2016,fato,chikungunya,2016.0,tp_result_imunohistoquimica,11248,100.0
chikungunya_2016,fato,chikungunya,2016.0,st_ocorreu_hospitalizacao,7792,69.27
chikungunya_2016,fato,chikungunya,2016.0,dt_internacao,11109,98.76
chikungunya_2016,fato,chikungunya,2016.0,co_uf_hospital,11085,98.55
chikungunya_2016,fato,chikungunya,2016.0,co_municipio_hospital,11089,98.59
chikungunya_2016,fato,chikungunya,2016.0,tp_autoctone_residencia,6500,57.79
chikungunya_2016,fato,chikungunya,2016.0,co_uf_infeccao,7395,65.75
chikungunya_2016,fato,chikungunya,2016.0,co_pais_infeccao,7395,65.75
chikungunya_2016,fato,chikungunya,2016.0,co_municipio_infeccao,7396,65.75
chikungunya_2016,fato,chikungunya,2016.0,co_distrito_infeccao,9425,83.79
chikungunya_2016,fato,chikungunya,2016.0,co_bairro_infeccao,10065,89.48
chikungunya_2016,fato,chikungunya,2016.0,no_bairro_infeccao,10041,89.27
chikungunya_2016,fato,chikungunya,2016.0,tp_classificacao_final,4,0.04
chikungunya_2016,fato,chikungunya,2016.0,tp_criterio_confirmacao,4,0.04
chikungunya_2016,fato,chikungunya,2016.0,st_doenca_trabalho,8779,78.05
chikungunya_2016,fato,chikungunya,2016.0,clinc_chik,4606,40.95
chikungunya_2016,fato,chikungunya,2016.0,tp_evolucao_caso,4,0.04
chikungunya_2016,fato,chikungunya,2016.0,dt_obito,11125,98.91
chikungunya_2016,fato,chikungunya,2016.0,dt_encerramento,7,0.06
chikungunya_2016,fato,chikungunya,2016.0,alrm_hipot,11248,100.0
chikungunya_2016,fato,chikungunya,2016.0,alrm_plaq,11248,100.0
chikungunya_2016,fato,chikungunya,2016.0,alrm_vom,11248,100.0
chikungunya_2016,fato,chikungunya,2016.0,alrm_sang,11248,100.0
chikungunya_2016,fato,chikungunya,2016.0,alrm_hemat,11248,100.0
chikungunya_2016,fato,chikungunya,2016.0,alrm_abdom,11248,100.0
chikungunya_2016,fato,chikungunya,2016.0,alrm_letar,11248,100.0
chikungunya_2016,fato,chikungunya,2016.0,alrm_hepat,11248,100.0
chikungunya_2016,fato,chikungunya,2016.0,alrm_liq,11248,100.0
chikungunya_2016,fato,chikungunya,2016.0,dt_alrm,11248,100.0
chikungunya_2016,fato,chikungunya,2016.0,grav_pulso,11248,100.0
chikungunya_2016,fato,chikungunya,2016.0,grav_conv,11248,100.0
chikungunya_2016,fato,chikungunya,2016.0,grav_ench,11248,100.0
chikungunya_2016,fato,chikungunya,2016.0,grav_insuf,11248,100.0
chikungunya_2016,fato,chikungunya,2016.0,grav_taqui,11248,100.0
chikungunya_2016,fato,chikungunya,2016.0,grav_extre,11248,100.0
chikungunya_2016,fato,chikungunya,2016.0,grav_hipot,11248,100.0
chikungunya_2016,fato,chikungunya,2016.0,grav_hemat,11248,100.0
chikungunya_2016,fato,chikungunya,2016.0,grav_melen,11248,100.0
chikungunya_2016,fato,chikungunya,2016.0,grav_metro,11248,100.0
chikungunya_2016,fato,chikungunya,2016.0,grav_sang,11248,100.0
chikungunya_2016,fato,chikungunya,2016.0,grav_ast,11248,100.0
chikungunya_2016,fato,chikungunya,2016.0,grav_mioc,11248,100.0
chikungunya_2016,fato,chikungunya,2016.0,grav_consc,11248,100.0
chikungunya_2016,fato,chikungunya,2016.0,grav_orgao,11248,100.0
chikungunya_2016,fato,chikungunya,2016.0,dt_grav,11248,100.0
chikungunya_2016,fato,chikungunya,2016.0,mami_hemor,11248,100.0
chikungunya_2016,fato,chikungunya,2016.0,epistaxe,11248,100.0
chikungunya_2016,fato,chikungunya,2016.0,gengivo,11248,100.0
chikungunya_2016,fato,chikungunya,2016.0,metro,11248,100.0
chikungunya_2016,fato,chikungunya,2016.0,petequias,11248,100.0
chikungunya_2016,fato,chikungunya,2016.0,hematura,11248,100.0
chikungunya_2016,fato,chikungunya,2016.0,sangram,11248,100.0
chikungunya_2016,fato,chikungunya,2016.0,laco_n,11248,100.0
chikungunya_2016,fato,chikungunya,2016.0,plasmatico,11248,100.0
chikungunya_2016,fato,chikungunya,2016.0,evidencia,11248,100.0
chikungunya_2016,fato,chikungunya,2016.0,plaq_menor,11248,100.0
chikungunya_2016,fato,chikungunya,2016.0,con_fhd,11248,100.0
chikungunya_2015,fato,chikungunya,2015.0,nu_notificacao,0,0.0
chikungunya_2015,fato,chikungunya,2015.0,tp_notificacao,0,0.0
chikungunya_2015,fato,chikungunya,2015.0,co_cid,0,0.0
chikungunya_2015,fato,chikungunya,2015.0,dt_notificacao,0,0.0
chikungunya_2015,fato,chikungunya,2015.0,ds_semana_notificacao,0,0.0
chikungunya_2015,fato,chikungunya,2015.0,notificacao_ano,0,0.0
chikungunya_2015,fato,chikungunya,2015.0,co_uf_notificacao,0,0.0
chikungunya_2015,fato,chikungunya,2015.0,co_municipio_notificacao,0,0.0
chikungunya_2015,fato,chikungunya,2015.0,id_regional,0,0.0
chikungunya_2015,fato,chikungunya,2015.0,co_unidade_notificacao,0,0.0
chikungunya_2015,fato,chikungunya,2015.0,dt_diagnostico_sintoma,0,0.0
chikungunya_2015,fato,chikungunya,2015.0,ds_semana_sintoma,0,0.0
chikungunya_2015,fato,chikungunya,2015.0,dt_nascimento,58,3.22
chikungunya_2015,fato,chikungunya,2015.0,nu_idade,0,0.0
chikungunya_2015,fato,chikungunya,2015.0,tp_sexo,1,0.06
chikungunya_2015,fato,chikungunya,2015.0,tp_gestante,0,0.0
chikungunya_2015,fato,chikungunya,2015.0,tp_raca_cor,130,7.21
chikungunya_2015,fato,chikungunya,2015.0,tp_escolaridade,609,33.76
chikungunya_2015,fato,chikungunya,2015.0,co_uf_residencia,1,0.06
chikungunya_2015,fato,chikungunya,2015.0,co_municipio_residencia,0,0.0
chikungunya_2015,fato,chikungunya,2015.0,co_regional_residencia,0,0.0
chikungunya_2015,fato,chikungunya,2015.0,co_distrito_residencia,3,0.17
chikungunya_2015,fato,chikungunya,2015.0,co_bairro_residencia,1244,68.96
chikungunya_2015,fato,chikungunya,2015.0,no_bairro_residencia,1236,68.51
chikungunya_2015,fato,chikungunya,2015.0,co_logradouro_residencia,1804,100.0
chikungunya_2015,fato,chikungunya,2015.0,nome_logradouro_residencia,18,1.0
chikungunya_2015,fato,chikungunya,2015.0,nu_cep_residencia,1532,84.92
chikungunya_2015,fato,chikungunya,2015.0,tp_zona_residencia,85,4.71
chikungunya_2015,fato,chikungunya,2015.0,co_pais_residencia,0,0.0
chikungunya_2015,fato,chikungunya,2015.0,dt_investigacao,0,0.0
chikungunya_2015,fato,chikungunya,2015.0,co_cbo_ocupacao,1777,98.5
chikungunya_2015,fato,chikungunya,2015.0,febre,1104,61.2
chikungunya_2015,fato,chikungunya,2015.0,mialgia,1104,61.2
chikungunya_2015,fato,chikungunya,2015.0,cefaleia,1104,61.2
chikungunya_2015,fato,chikungunya,2015.0,exantema,1104,61.2
chikungunya_2015,fato,chikungunya,2015.0,vomito,1104,61.2
chikungunya_2015,fato,chikungunya,2015.0,nausea,1104,61.2
chikungunya_2015,fato,chikungunya,2015.0,dor_costas,1104,61.2
chikungunya_2015,fato,chikungunya,2015.0,conjutivite,1104,61.2
chikungunya_2015,fato,chikungunya,2015.0,artrite,1104,61.2
chikungunya_2015,fato,chikungunya,2015.0,artralgia,1104,61.2
chikungunya_2015,fato,chikungunya,2015.0,petequia_n,1104,61.2
chikungunya_2015,fato,chikungunya,2015.0,leucopenia,1104,61.2
chikungunya_2015,fato,chikungunya,2015.0,laco,1104,61.2
chikungunya_2015,fato,chikungunya,2015.0,dor_retro,1104,61.2
chikungunya_2015,fato,chikungunya,2015.0,diabetes,1104,61.2
chikungunya_2015,fato,chikungunya,2015.0,hematolog,1104,61.2
chikungunya_2015,fato,chikungunya,2015.0,hepatopat,1104,61.2
chikungunya_2015,fato,chikungunya,2015.0,renal,1104,61.2
chikungunya_2015,fato,chikungunya,2015.0,hipertensao,1104,61.2
chikungunya_2015,fato,chikungunya,2015.0,acido_pept,1104,61.2
chikungunya_2015,fato,chikungunya,2015.0,auto_imune,1104,61.2
chikungunya_2015,fato,chikungunya,2015.0,dt_chil_s1,1685,93.4
chikungunya_2015,fato,chikungunya,2015.0,dt_chil_s2,1804,100.0
chikungunya_2015,fato,chikungunya,2015.0,dt_prnt,1802,99.89
chikungunya_2015,fato,chikungunya,2015.0,res_chiks1,1673,92.74
chikungunya_2015,fato,chikungunya,2015.0,res_chiks2,1782,98.78
chikungunya_2015,fato,chikungunya,2015.0,resul_prnt,1781,98.73
chikungunya_2015,fato,chikungunya,2015.0,dt_coleta_exame,1804,100.0
chikungunya_2015,fato,chikungunya,2015.0,tp_result_exame,1804,100.0
chikungunya_2015,fato,chikungunya,2015.0,dt_coleta_NS1,1804,100.0
chikungunya_2015,fato,chikungunya,2015.0,Tp_result_NS1,1804,100.0
chikungunya_2015,fato,chikungunya,2015.0,dt_coleta_isolamento,1803,99.94
chikungunya_2015,fato,chikungunya,2015.0,tp_result_isolamento,1785,98.95
chikungunya_2015,fato,chikungunya,2015.0,dt_coleta_rtpcr,1784,98.89
chikungunya_2015,fato,chikungunya,2015.0,tp_result_rtpcr,1768,98.0
chikungunya_2015,fato,chikungunya,2015.0,tp_sorotipo,1804,100.0
chikungunya_2015,fato,chikungunya,2015.0,tp_result_histopatologia,1804,100.0
chikungunya_2015,fato,chikungunya,2015.0,tp_result_imunohistoquimica,1804,100.0
chikungunya_2015,fato,chikungunya,2015.0,st_ocorreu_hospitalizacao,1460,80.93
chikungunya_2015,fato,chikungunya,2015.0,dt_internacao,1798,99.67
chikungunya_2015,fato,chikungunya,2015.0,co_uf_hospital,1797,99.61
chikungunya_2015,fato,chikungunya,2015.0,co_municipio_hospital,1798,99.67
chikungunya_2015,fato,chikungunya,2015.0,tp_autoctone_residencia,833,46.18
chikungunya_2015,fato,chikungunya,2015.0,co_uf_infeccao,1000,55.43
chikungunya_2015,fato,chikungunya,2015.0,co_pais_infeccao,1000,55.43
chikungunya_2015,fato,chikungunya,2015.0,co_municipio_infeccao,1000,55.43
chikungunya_2015,fato,chikungunya,2015.0,co_distrito_infeccao,1253,69.46
chikungunya_2015,fato,chikungunya,2015.0,co_bairro_infeccao,1772,98.23
chikungunya_2015,fato,chikungunya,2015.0,no_bairro_infeccao,1761,97.62
chikungunya_2015,fato,chikungunya,2015.0,tp_classificacao_final,4,0.22
chikungunya_2015,fato,chikungunya,2015.0,tp_criterio_confirmacao,8,0.44
chikungunya_2015,fato,chikungunya,2015.0,st_doenca_trabalho,1015,56.26
chikungunya_2015,fato,chikungunya,2015.0,clinc_chik,1385,76.77
chikungunya_2015,fato,chikungunya,2015.0,tp_evolucao_caso,8,0.44
chikungunya_2015,fato,chikungunya,2015.0,dt_obito,1798,99.67
chikungunya_2015,fato,chikungunya,2015.0,dt_encerramento,4,0.22
chikungunya_2015,fato,chikungunya,2015.0,alrm_hipot,1804,100.0
chikungunya_2015,fato,chikungunya,2015.0,alrm_plaq,1804,100.0
chikungunya_2015,fato,chikungunya,2015.0,alrm_vom,1804,100.0
chikungunya_2015,fato,chikungunya,2015.0,alrm_sang,1804,100.0
chikungunya_2015,fato,chikungunya,2015.0,alrm_hemat,1804,100.0
chikungunya_2015,fato,chikungunya,2015.0,alrm_abdom,1804,100.0
chikungunya_2015,fato,chikungunya,2015.0,alrm_letar,1804,100.0
chikungunya_2015,fato,chikungunya,2015.0,alrm_hepat,1804,100.0
chikungunya_2015,fato,chikungunya,2015.0,alrm_liq,1804,100.0
chikungunya_2015,fato,chikungunya,2015.0,dt_alrm,1804,100.0
chikungunya_2015,fato,chikungunya,2015.0,grav_pulso,1804,100.0
chikungunya_2015,fato,chikungunya,2015.0,grav_conv,1804,100.0
chikungunya_2015,fato,chikungunya,2015.0,grav_ench,1804,100.0
chikungunya_2015,fato,chikungunya,2015.0,grav_insuf,1804,100.0
chikungunya_2015,fato,chikungunya,2015.0,grav_taqui,1804,100.0
chikungunya_2015,fato,chikungunya,2015.0,grav_extre,1804,100.0
chikungunya_2015,fato,chikungunya,2015.0,grav_hipot,1804,100.0
chikungunya_2015,fato,chikungunya,2015.0,grav_hemat,1804,100.0
chikungunya_2015,fato,chikungunya,2015.0,grav_melen,1804,100.0
chikungunya_2015,fato,chikungunya,2015.0,grav_metro,1804,100.0
chikungunya_2015,fato,chikungunya,2015.0,grav_sang,1804,100.0
chikungunya_2015,fato,chikungunya,2015.0,grav_ast,1804,100.0
chikungunya_2015,fato,chikungunya,2015.0,grav_mioc,1804,100.0
chikungunya_2015,fato,chikungunya,2015.0,grav_consc,1804,100.0
chikungunya_2015,fato,chikungunya,2015.0,grav_orgao,1804,100.0
chikungunya_2015,fato,chikungunya,2015.0,dt_grav,1804,100.0
chikungunya_2015,fato,chikungunya,2015.0,mami_hemor,1804,100.0
chikungunya_2015,fato,chikungunya,2015.0,epistaxe,1804,100.0
chikungunya_2015,fato,chikungunya,2015.0,gengivo,1804,100.0
chikungunya_2015,fato,chikungunya,2015.0,metro,1804,100.0
chikungunya_2015,fato,chikungunya,2015.0,petequias,1804,100.0
chikungunya_2015,fato,chikungunya,2015.0,hematura,1804,100.0
chikungunya_2015,fato,chikungunya,2015.0,sangram,1804,100.0
chikungunya_2015,fato,chikungunya,2015.0,laco_n,1804,100.0
chikungunya_2015,fato,chikungunya,2015.0,plasmatico,1804,100.0
chikungunya_2015,fato,chikungunya,2015.0,evidencia,1804,100.0
chikungunya_2015,fato,chikungunya,2015.0,plaq_menor,1804,100.0
chikungunya_2015,fato,chikungunya,2015.0,conf_fhd,1804,100.0
zika_2025,fato,zika,2025.0,NU_NOTIFIC,0,0.0
zika_2025,fato,zika,2025.0,TP_NOT,0,0.0
zika_2025,fato,zika,2025.0,ID_AGRAVO,0,0.0
zika_2025,fato,zika,2025.0,CS_SUSPEIT,821,100.0
zika_2025,fato,zika,2025.0,DT_NOTIFIC,0,0.0
zika_2025,fato,zika,2025.0,SEM_NOT,0,0.0
zika_2025,fato,zika,2025.0,NU_ANO,0,0.0
zika_2025,fato,zika,2025.0,SG_UF_NOT,0,0.0
zika_2025,fato,zika,2025.0,ID_MUNICIP,0,0.0
zika_2025,fato,zika,2025.0,ID_REGIONA,0,0.0
zika_2025,fato,zika,2025.0,ID_UNIDADE,0,0.0
zika_2025,fato,zika,2025.0,DT_SIN_PRI,0,0.0
zika_2025,fato,zika,2025.0,SEM_PRI,0,0.0
zika_2025,fato,zika,2025.0,DT_NASC,5,0.61
zika_2025,fato,zika,2025.0,NU_IDADE_N,0,0.0
zika_2025,fato,zika,2025.0,CS_SEXO,0,0.0
zika_2025,fato,zika,2025.0,CS_GESTANT,0,0.0
zika_2025,fato,zika,2025.0,CS_RACA,0,0.0
zika_2025,fato,zika,2025.0,CS_ESCOL_N,26,3.17
zika_2025,fato,zika,2025.0,SG_UF,0,0.0
zika_2025,fato,zika,2025.0,ID_MN_RESI,0,0.0
zika_2025,fato,zika,2025.0,ID_RG_RESI,0,0.0
zika_2025,fato,zika,2025.0,ID_DISTRIT,3,0.37
zika_2025,fato,zika,2025.0,ID_BAIRRO,3,0.37
zika_2025,fato,zika,2025.0,NM_BAIRRO,1,0.12
zika_2025,fato,zika,2025.0,ID_LOGRADO,821,100.0
zika_2025,fato,zika,2025.0,NM_LOGRADO,7,0.85
zika_2025,fato,zika,2025.0,NU_CEP,579,70.52
zika_2025,fato,zika,2025.0,CS_ZONA,22,2.68
zika_2025,fato,zika,2025.0,ID_PAIS,0,0.0
zika_2025,fato,zika,2025.0,NDUPLIC_N,815,99.27
zika_2025,fato,zika,2025.0,IN_VINCULA,821,100.0
zika_2025,fato,zika,2025.0,DT_INVEST,21,2.56
zika_2025,fato,zika,2025.0,ID_OCUPA_N,821,100.0
zika_2025,fato,zika,2025.0,CLASSI_FIN,102,12.42
zika_2025,fato,zika,2025.0,CRITERIO,104,12.67
zika_2025,fato,zika,2025.0,TPAUTOCTO,798,97.2
zika_2025,fato,zika,2025.0,COUFINF,809,98.54
zika_2025,fato,zika,2025.0,COPAISINF,0,0.0
zika_2025,fato,zika,2025.0,COMUNINF,810,98.66
zika_2025,fato,zika,2025.0,CODISINF,821,100.0
zika_2025,fato,zika,2025.0,CO_BAINFC,0,0.0
zika_2025,fato,zika,2025.0,NOBAIINF,817,99.51
zika_2025,fato,zika,2025.0,DOENCA_TRA,803,97.81
zika_2025,fato,zika,2025.0,EVOLUCAO,103,12.55
zika_2025,fato,zika,2025.0,DT_OBITO,819,99.76
zika_2025,fato,zika,2025.0,DT_ENCERRA,102,12.42
zika_2024,fato,zika,2024.0,NU_NOTIFIC,0,0.0
zika_2024,fato,zika,2024.0,TP_NOT,0,0.0
zika_2024,fato,zika,2024.0,ID_AGRAVO,0,0.0
zika_2024,fato,zika,2024.0,CS_SUSPEIT,475,100.0
zika_2024,fato,zika,2024.0,DT_NOTIFIC,0,0.0
zika_2024,fato,zika,2024.0,SEM_NOT,0,0.0
zika_2024,fato,zika,2024.0,NU_ANO,0,0.0
zika_2024,fato,zika,2024.0,SG_UF_NOT,0,0.0
zika_2024,fato,zika,2024.0,ID_MUNICIP,0,0.0
zika_2024,fato,zika,2024.0,ID_REGIONA,0,0.0
zika_2024,fato,zika,2024.0,ID_UNIDADE,0,0.0
zika_2024,fato,zika,2024.0,DT_SIN_PRI,0,0.0
zika_2024,fato,zika,2024.0,SEM_PRI,0,0.0
zika_2024,fato,zika,2024.0,DT_NASC,2,0.42
zika_2024,fato,zika,2024.0,NU_IDADE_N,0,0.0
zika_2024,fato,zika,2024.0,CS_SEXO,0,0.0
zika_2024,fato,zika,2024.0,CS_GESTANT,0,0.0
zika_2024,fato,zika,2024.0,CS_RACA,0,0.0
zika_2024,fato,zika,2024.0,CS_ESCOL_N,98,20.63
zika_2024,fato,zika,2024.0,SG_UF,0,0.0
zika_2024,fato,zika,2024.0,ID_MN_RESI,0,0.0
zika_2024,fato,zika,2024.0,ID_RG_RESI,0,0.0
zika_2024,fato,zika,2024.0,ID_DISTRIT,0,0.0
zika_2024,fato,zika,2024.0,ID_BAIRRO,0,0.0
zika_2024,fato,zika,2024.0,NM_BAIRRO,0,0.0
zika_2024,fato,zika,2024.0,ID_LOGRADO,475,100.0
zika_2024,fato,zika,2024.0,NM_LOGRADO,1,0.21
zika_2024,fato,zika,2024.0,NU_CEP,374,78.74
zika_2024,fato,zika,2024.0,CS_ZONA,24,5.05
zika_2024,fato,zika,2024.0,ID_PAIS,0,0.0
zika_2024,fato,zika,2024.0,NDUPLIC_N,471,99.16
zika_2024,fato,zika,2024.0,IN_VINCULA,475,100.0
zika_2024,fato,zika,2024.0,DT_INVEST,1,0.21
zika_2024,fato,zika,2024.0,ID_OCUPA_N,475,100.0
zika_2024,fato,zika,2024.0,CLASSI_FIN,3,0.63
zika_2024,fato,zika,2024.0,CRITERIO,3,0.63
zika_2024,fato,zika,2024.0,TPAUTOCTO,472,99.37
zika_2024,fato,zika,2024.0,COUFINF,474,99.79
zika_2024,fato,zika,2024.0,COPAISINF,0,0.0
zika_2024,fato,zika,2024.0,COMUNINF,474,99.79
zika_2024,fato,zika,2024.0,CODISINF,475,100.0
zika_2024,fato,zika,2024.0,CO_BAINFC,0,0.0
zika_2024,fato,zika,2024.0,NOBAIINF,474,99.79
zika_2024,fato,zika,2024.0,DOENCA_TRA,455,95.79
zika_2024,fato,zika,2024.0,EVOLUCAO,4,0.84
zika_2024,fato,zika,2024.0,DT_OBITO,471,99.16
zika_2024,fato,zika,2024.0,DT_ENCERRA,3,0.63
zika_2023,fato,zika,2023.0,NU_NOTIFIC,0,0.0
zika_2023,fato,zika,2023.0,TP_NOT,0,0.0
zika_2023,fato,zika,2023.0,ID_AGRAVO,0,0.0
zika_2023,fato,zika,2023.0,CS_SUSPEIT,226,100.0
zika_2023,fato,zika,2023.0,DT_NOTIFIC,0,0.0
zika_2023,fato,zika,2023.0,SEM_NOT,0,0.0
zika_2023,fato,zika,2023.0,NU_ANO,0,0.0
zika_2023,fato,zika,2023.0,SG_UF_NOT,0,0.0
zika_2023,fato,zika,2023.0,ID_MUNICIP,0,0.0
zika_2023,fato,zika,2023.0,ID_REGIONA,0,0.0
zika_2023,fato,zika,2023.0,ID_UNIDADE,0,0.0
zika_2023,fato,zika,2023.0,DT_SIN_PRI,0,0.0
zika_2023,fato,zika,2023.0,SEM_PRI,0,0.0
zika_2023,fato,zika,2023.0,DT_NASC,4,1.77
zika_2023,fato,zika,2023.0,NU_IDADE_N,0,0.0
zika_2023,fato,zika,2023.0,CS_SEXO,0,0.0
zika_2023,fato,zika,2023.0,CS_GESTANT,0,0.0
zika_2023,fato,zika,2023.0,CS_RACA,0,0.0
zika_2023,fato,zika,2023.0,CS_ESCOL_N,36,15.93
zika_2023,fato,zika,2023.0,SG_UF,0,0.0
zika_2023,fato,zika,2023.0,ID_MN_RESI,0,0.0
zika_2023,fato,zika,2023.0,ID_RG_RESI,0,0.0
zika_2023,fato,zika,2023.0,ID_DISTRIT,0,0.0
zika_2023,fato,zika,2023.0,ID_BAIRRO,0,0.0
zika_2023,fato,zika,2023.0,NM_BAIRRO,0,0.0
zika_2023,fato,zika,2023.0,ID_LOGRADO,226,100.0
zika_2023,fato,zika,2023.0,NM_LOGRADO,0,0.0
zika_2023,fato,zika,2023.0,NU_CEP,201,88.94
zika_2023,fato,zika,2023.0,CS_ZONA,0,0.0
zika_2023,fato,zika,2023.0,ID_PAIS,0,0.0
zika_2023,fato,zika,2023.0,NDUPLIC_N,0,0.0
zika_2023,fato,zika,2023.0,IN_VINCULA,0,0.0
zika_2023,fato,zika,2023.0,DT_INVEST,1,0.44
zika_2023,fato,zika,2023.0,ID_OCUPA_N,226,100.0
zika_2023,fato,zika,2023.0,CLASSI_FIN,0,0.0
zika_2023,fato,zika,2023.0,CRITERIO,5,2.21
zika_2023,fato,zika,2023.0,TPAUTOCTO,224,99.12
zika_2023,fato,zika,2023.0,COUFINF,226,100.0
zika_2023,fato,zika,2023.0,COPAISINF,0,0.0
zika_2023,fato,zika,2023.0,COMUNINF,226,100.0
zika_2023,fato,zika,2023.0,CODISINF,226,100.0
zika_2023,fato,zika,2023.0,CO_BAINFC,0,0.0
zika_2023,fato,zika,2023.0,NOBAIINF,226,100.0
zika_2023,fato,zika,2023.0,DOENCA_TRA,220,97.35
zika_2023,fato,zika,2023.0,EVOLUCAO,4,1.77
zika_2023,fato,zika,2023.0,DT_OBITO,222,98.23
zika_2023,fato,zika,2023.0,DT_ENCERRA,0,0.0
zika_2022,fato,zika,2022.0,NU_NOTIFIC,0,0.0
zika_2022,fato,zika,2022.0,TP_NOT,0,0.0
zika_2022,fato,zika,2022.0,ID_AGRAVO,0,0.0
zika_2022,fato,zika,2022.0,CS_SUSPEIT,216,100.0
zika_2022,fato,zika,2022.0,DT_NOTIFIC,0,0.0
zika_2022,fato,zika,2022.0,SEM_NOT,0,0.0
zika_2022,fato,zika,2022.0,NU_ANO,0,0.0
zika_2022,fato,zika,2022.0,SG_UF_NOT,0,0.0
zika_2022,fato,zika,2022.0,ID_MUNICIP,0,0.0
zika_2022,fato,zika,2022.0,ID_REGIONA,2,0.93
zika_2022,fato,zika,2022.0,ID_UNIDADE,0,0.0
zika_2022,fato,zika,2022.0,DT_SIN_PRI,0,0.0
zika_2022,fato,zika,2022.0,SEM_PRI,0,0.0
zika_2022,fato,zika,2022.0,DT_NASC,8,3.7
zika_2022,fato,zika,2022.0,NU_IDADE_N,0,0.0
zika_2022,fato,zika,2022.0,CS_SEXO,0,0.0
zika_2022,fato,zika,2022.0,CS_GESTANT,0,0.0
zika_2022,fato,zika,2022.0,CS_RACA,0,0.0
zika_2022,fato,zika,2022.0,CS_ESCOL_N,32,14.81
zika_2022,fato,zika,2022.0,SG_UF,0,0.0
zika_2022,fato,zika,2022.0,ID_MN_RESI,0,0.0
zika_2022,fato,zika,2022.0,ID_RG_RESI,0,0.0
zika_2022,fato,zika,2022.0,ID_DISTRIT,0,0.0
zika_2022,fato,zika,2022.0,ID_BAIRRO,1,0.46
zika_2022,fato,zika,2022.0,NM_BAIRRO,1,0.46
zika_2022,fato,zika,2022.0,ID_LOGRADO,216,100.0
zika_2022,fato,zika,2022.0,NM_LOGRADO,7,3.24
zika_2022,fato,zika,2022.0,NU_CEP,179,82.87
zika_2022,fato,zika,2022.0,CS_ZONA,1,0.46
zika_2022,fato,zika,2022.0,ID_PAIS,0,0.0
zika_2022,fato,zika,2022.0,NDUPLIC_N,0,0.0
zika_2022,fato,zika,2022.0,IN_VINCULA,0,0.0
zika_2022,fato,zika,2022.0,DT_INVEST,0,0.0
zika_2022,fato,zika,2022.0,ID_OCUPA_N,216,100.0
zika_2022,fato,zika,2022.0,CLASSI_FIN,0,0.0
zika_2022,fato,zika,2022.0,CRITERIO,0,0.0
zika_2022,fato,zika,2022.0,TPAUTOCTO,214,99.07
zika_2022,fato,zika,2022.0,COUFINF,216,100.0
zika_2022,fato,zika,2022.0,COPAISINF,0,0.0
zika_2022,fato,zika,2022.0,COMUNINF,216,100.0
zika_2022,fato,zika,2022.0,CODISINF,216,100.0
zika_2022,fato,zika,2022.0,CO_BAINFC,0,0.0
zika_2022,fato,zika,2022.0,NOBAIINF,216,100.0
zika_2022,fato,zika,2022.0,DOENCA_TRA,212,98.15
zika_2022,fato,zika,2022.0,EVOLUCAO,0,0.0
zika_2022,fato,zika,2022.0,DT_OBITO,215,99.54
zika_2022,fato,zika,2022.0,DT_ENCERRA,0,0.0
zika_2021,fato,zika,2021.0,NU_NOTIFIC,0,0.0
zika_2021,fato,zika,2021.0,TP_NOT,0,0.0
zika_2021,fato,zika,2021.0,ID_AGRAVO,0,0.0
zika_2021,fato,zika,2021.0,DT_NOTIFIC,0,0.0
zika_2021,fato,zika,2021.0,SEM_NOT,0,0.0
zika_2021,fato,zika,2021.0,NU_ANO,0,0.0
zika_2021,fato,zika,2021.0,SG_UF_NOT,0,0.0
zika_2021,fato,zika,2021.0,ID_MUNICIP,0,0.0
zika_2021,fato,zika,2021.0,ID_REGIONA,0,0.0
zika_2021,fato,zika,2021.0,ID_UNIDADE,0,0.0
zika_2021,fato,zika,2021.0,DT_SIN_PRI,0,0.0
zika_2021,fato,zika,2021.0,SEM_PRI,0,0.0
zika_2021,fato,zika,2021.0,DT_NASC,649,3.67
zika_2021,fato,zika,2021.0,NU_IDADE_N,0,0.0
zika_2021,fato,zika,2021.0,CS_SEXO,0,0.0
zika_2021,fato,zika,2021.0,CS_GESTANT,2,0.01
zika_2021,fato,zika,2021.0,CS_RACA,0,0.0
zika_2021,fato,zika,2021.0,CS_ESCOL_N,3537,20.02
zika_2021,fato,zika,2021.0,SG_UF,0,0.0
zika_2021,fato,zika,2021.0,ID_MN_RESI,0,0.0
zika_2021,fato,zika,2021.0,ID_RG_RESI,0,0.0
zika_2021,fato,zika,2021.0,ID_DISTRIT,0,0.0
zika_2021,fato,zika,2021.0,ID_BAIRRO,0,0.0
zika_2021,fato,zika,2021.0,NM_BAIRRO,0,0.0
zika_2021,fato,zika,2021.0,ID_LOGRADO,17664,100.0
zika_2021,fato,zika,2021.0,NM_LOGRADO,313,1.77
zika_2021,fato,zika,2021.0,NU_CEP,13946,78.95
zika_2021,fato,zika,2021.0,CS_ZONA,1033,5.85
zika_2021,fato,zika,2021.0,ID_PAIS,0,0.0
zika_2021,fato,zika,2021.0,DT_INVEST,0,0.0
zika_2021,fato,zika,2021.0,ID_OCUPA_N,16327,92.43
zika_2021,fato,zika,2021.0,FEBRE,0,0.0
zika_2021,fato,zika,2021.0,MIALGIA,0,0.0
zika_2021,fato,zika,2021.0,CEFALEIA,0,0.0
zika_2021,fato,zika,2021.0,EXANTEMA,0,0.0
zika_2021,fato,zika,2021.0,VOMITO,0,0.0
zika_2021,fato,zika,2021.0,NAUSEA,0,0.0
zika_2021,fato,zika,2021.0,DOR_COSTAS,0,0.0
zika_2021,fato,zika,2021.0,CONJUNTVIT,0,0.0
zika_2021,fato,zika,2021.0,ARTRITE,0,0.0
zika_2021,fato,zika,2021.0,ARTRALGIA,0,0.0
zika_2021,fato,zika,2021.0,PETEQUIA_N,0,0.0
zika_2021,fato,zika,2021.0,LEUCOPENIA,0,0.0
zika_2021,fato,zika,2021.0,LACO,0,0.0
zika_2021,fato,zika,2021.0,DOR_RETRO,0,0.0
zika_2021,fato,zika,2021.0,DIABETES,0,0.0
zika_2021,fato,zika,2021.0,HEMATOLOG,0,0.0
zika_2021,fato,zika,2021.0,HEPATOPAT,0,0.0
zika_2021,fato,zika,2021.0,RENAL,0,0.0
zika_2021,fato,zika,2021.0,HIPERTENSA,0,0.0
zika_2021,fato,zika,2021.0,ACIDO_PEPT,0,0.0
zika_2021,fato,zika,2021.0,AUTO_IMUNE,0,0.0
zika_2021,fato,zika,2021.0,DT_CHIK_S1,16587,93.9
zika_2021,fato,zika,2021.0,DT_CHIK_S2,17659,99.97
zika_2021,fato,zika,2021.0,DT_PRNT,17639,99.86
zika_2021,fato,zika,2021.0,RES_CHIKS1,13295,75.27
zika_2021,fato,zika,2021.0,RES_CHIKS2,14552,82.38
zika_2021,fato,zika,2021.0,RESUL_PRNT,14552,82.38
zika_2021,fato,zika,2021.0,DT_SORO,17664,100.0
zika_2021,fato,zika,2021.0,RESUL_SORO,17661,99.98
zika_2021,fato,zika,2021.0,DT_NS1,17664,100.0
zika_2021,fato,zika,2021.0,RESUL_NS1,17661,99.98
zika_2021,fato,zika,2021.0,DT_VIRAL,17650,99.92
zika_2021,fato,zika,2021.0,RESUL_VI_N,13956,79.01
zika_2021,fato,zika,2021.0,DT_PCR,17512,99.14
zika_2021,fato,zika,2021.0,RESUL_PCR_,13951,78.98
zika_2021,fato,zika,2021.0,SOROTIPO,17664,100.0
zika_2021,fato,zika,2021.0,HISTOPA_N,17662,99.99
zika_2021,fato,zika,2021.0,IMUNOH_N,17662,99.99
zika_2021,fato,zika,2021.0,HOSPITALIZ,7886,44.64
zika_2021,fato,zika,2021.0,DT_INTERNA,17471,98.91
zika_2021,fato,zika,2021.0,UF,17462,98.86
zika_2021,fato,zika,2021.0,MUNICIPIO,17475,98.93
zika_2021,fato,zika,2021.0,TPAUTOCTO,12104,68.52
zika_2021,fato,zika,2021.0,COUFINF,13713,77.63
zika_2021,fato,zika,2021.0,COPAISINF,13713,77.63
zika_2021,fato,zika,2021.0,COMUNINF,13739,77.78
zika_2021,fato,zika,2021.0,CODISINF,14804,83.81
zika_2021,fato,zika,2021.0,CO_BAINF,15163,85.84
zika_2021,fato,zika,2021.0,NOBAIINF,15155,85.8
zika_2021,fato,zika,2021.0,CLASSI_FIN,0,0.0
zika_2021,fato,zika,2021.0,CRITERIO,0,0.0
zika_2021,fato,zika,2021.0,DOENCA_TRA,17664,100.0
zika_2021,fato,zika,2021.0,CLINC_CHIK,753,4.26
zika_2021,fato,zika,2021.0,EVOLUCAO,0,0.0
zika_2021,fato,zika,2021.0,DT_OBITO,17653,99.94
zika_2021,fato,zika,2021.0,DT_ENCERRA,0,0.0
zika_2021,fato,zika,2021.0,ALRM_HIPOT,17664,100.0
zika_2021,fato,zika,2021.0,ALRM_PLAQ,17664,100.0
zika_2021,fato,zika,2021.0,ALRM_VOM,17664,100.0
zika_2021,fato,zika,2021.0,ALRM_SANG,17664,100.0
zika_2021,fato,zika,2021.0,ALRM_HEMAT,17664,100.0
zika_2021,fato,zika,2021.0,ALRM_ABDOM,17664,100.0
zika_2021,fato,zika,2021.0,ALRM_LETAR,17664,100.0
zika_2021,fato,zika,2021.0,ALRM_HEPAT,17664,100.0
zika_2021,fato,zika,2021.0,ALRM_LIQ,17664,100.0
zika_2021,fato,zika,2021.0,DT_ALRM,17664,100.0
zika_2021,fato,zika,2021.0,GRAV_PULSO,17664,100.0
zika_2021,fato,zika,2021.0,GRAV_CONV,17664,100.0
zika_2021,fato,zika,2021.0,GRAV_ENCH,17664,100.0
zika_2021,fato,zika,2021.0,GRAV_INSUF,17664,100.0
zika_2021,fato,zika,2021.0,GRAV_TAQUI,17664,100.0
zika_2021,fato,zika,2021.0,GRAV_EXTRE,17664,100.0
zika_2021,fato,zika,2021.0,GRAV_HIPOT,17664,100.0
zika_2021,fato,zika,2021.0,GRAV_HEMAT,17664,100.0
zika_2021,fato,zika,2021.0,GRAV_MELEN,17664,100.0
zika_2021,fato,zika,2021.0,GRAV_METRO,17664,100.0
zika_2021,fato,zika,2021.0,GRAV_SANG,17664,100.0
zika_2021,fato,zika,2021.0,GRAV_AST,17664,100.0
zika_2021,fato,zika,2021.0,GRAV_MIOC,17664,100.0
zika_2021,fato,zika,2021.0,GRAV_CONSC,17664,100.0
zika_2021,fato,zika,2021.0,GRAV_ORGAO,17664,100.0
zika_2021,fato,zika,2021.0,DT_GRAV,17664,100.0
zika_2021,fato,zika,2021.0,MANI_HEMOR,17664,100.0
zika_2021,fato,zika,2021.0,EPISTAXE,17664,100.0
zika_2021,fato,zika,2021.0,GENGIVO,17664,100.0
zika_2021,fato,zika,2021.0,METRO,17664,100.0
zika_2021,fato,zika,2021.0,PETEQUIAS,17664,100.0
zika_2021,fato,zika,2021.0,HEMATURA,17664,100.0
zika_2021,fato,zika,2021.0,SANGRAM,17664,100.0
zika_2021,fato,zika,2021.0,LACO_N,17664,100.0
zika_2021,fato,zika,2021.0,PLASMATICO,17664,100.0
zika_2021,fato,zika,2021.0,EVIDENCIA,17664,100.0
zika_2021,fato,zika,2021.0,PLAQ_MENOR,17664,100.0
zika_2021,fato,zika,2021.0,CON_FHD,17664,100.0
zika_2020,fato,zika,2020.0,nu_notificacao,0,0.0
zika_2020,fato,zika,2020.0,tp_notificacao,0,0.0
zika_2020,fato,zika,2020.0,co_cid,0,0.0
zika_2020,fato,zika,2020.0,dt_notificacao,0,0.0
zika_2020,fato,zika,2020.0,ds_semana_notificacao,0,0.0
zika_2020,fato,zika,2020.0,ano_notificacao,0,0.0
zika_2020,fato,zika,2020.0,co_uf_notificacao,0,0.0
zika_2020,fato,zika,2020.0,co_municipio_notificacao,0,0.0
zika_2020,fato,zika,2020.0,id_regional,0,0.0
zika_2020,fato,zika,2020.0,co_unidade_notificacao,0,0.0
zika_2020,fato,zika,2020.0,dt_diagnostico_sintoma,0,0.0
zika_2020,fato,zika,2020.0,ds_semana_sintoma,0,0.0
zika_2020,fato,zika,2020.0,dt_nascimento,10,4.02
zika_2020,fato,zika,2020.0,nu_idade,0,0.0
zika_2020,fato,zika,2020.0,tp_sexo,0,0.0
zika_2020,fato,zika,2020.0,tp_gestante,0,0.0
zika_2020,fato,zika,2020.0,tp_raca_cor,0,0.0
zika_2020,fato,zika,2020.0,tp_escolaridade,4,1.61
zika_2020,fato,zika,2020.0,co_uf_residencia,0,0.0
zika_2020,fato,zika,2020.0,co_municipio_residencia,0,0.0
zika_2020,fato,zika,2020.0,id_rg_residencia,0,0.0
zika_2020,fato,zika,2020.0,co_distrito_residencia,2,0.8
zika_2020,fato,zika,2020.0,co_bairro_residencia,1,0.4
zika_2020,fato,zika,2020.0,no_bairro_residencia,0,0.0
zika_2020,fato,zika,2020.0,co_logradouro_residencia,249,100.0
zika_2020,fato,zika,2020.0,nm_logradouro_residencia,2,0.8
zika_2020,fato,zika,2020.0,nu_cep_residencia,238,95.58
zika_2020,fato,zika,2020.0,tp_zona_residencia,9,3.61
zika_2020,fato,zika,2020.0,co_pais_residencia,0,0.0
zika_2020,fato,zika,2020.0,dt_investigacao,0,0.0
zika_2020,fato,zika,2020.0,tp_classificacao_final,0,0.0
zika_2020,fato,zika,2020.0,tp_criterio_confirmacao,0,0.0
zika_2020,fato,zika,2020.0,tp_autoctone_residencia,248,99.6
zika_2020,fato,zika,2020.0,co_uf_infeccao,249,100.0
zika_2020,fato,zika,2020.0,co_pais_infeccao,0,0.0
zika_2020,fato,zika,2020.0,co_municipio_infeccao,249,100.0
zika_2020,fato,zika,2020.0,co_distrito_infeccao,249,100.0
zika_2020,fato,zika,2020.0,co_bairro_infeccao,0,0.0
zika_2020,fato,zika,2020.0,no_bairro_infeccao,249,100.0
zika_2020,fato,zika,2020.0,st_doenca_trabalho,248,99.6
zika_2020,fato,zika,2020.0,tp_evolucao_caso,0,0.0
zika_2020,fato,zika,2020.0,dt_obito,247,99.2
zika_2020,fato,zika,2020.0,dt_encerra,0,0.0
zika_2019,fato,zika,2019.0,nu_notificacao,0,0.0
zika_2019,fato,zika,2019.0,tp_notificacao,0,0.0
zika_2019,fato,zika,2019.0,co_cid,0,0.0
zika_2019,fato,zika,2019.0,dt_notificacao,0,0.0
zika_2019,fato,zika,2019.0,ds_semana_notificacao,0,0.0
zika_2019,fato,zika,2019.0,ano_notificacao,0,0.0
zika_2019,fato,zika,2019.0,co_uf_notificacao,0,0.0
zika_2019,fato,zika,2019.0,co_municipio_notificacao,0,0.0
zika_2019,fato,zika,2019.0,id_regional,0,0.0
zika_2019,fato,zika,2019.0,co_unidade_notificacao,0,0.0
zika_2019,fato,zika,2019.0,dt_diagnostico_sintoma,0,0.0
zika_2019,fato,zika,2019.0,ds_semana_sintoma,0,0.0
zika_2019,fato,zika,2019.0,dt_nascimento,33,15.64
zika_2019,fato,zika,2019.0,nu_idade,0,0.0
zika_2019,fato,zika,2019.0,tp_sexo,0,0.0
zika_2019,fato,zika,2019.0,tp_gestante,0,0.0
zika_2019,fato,zika,2019.0,tp_raca_cor,0,0.0
zika_2019,fato,zika,2019.0,tp_escolaridade,0,0.0
zika_2019,fato,zika,2019.0,co_uf_residencia,0,0.0
zika_2019,fato,zika,2019.0,co_municipio_residencia,0,0.0
zika_2019,fato,zika,2019.0,id_rg_residencia,0,0.0
zika_2019,fato,zika,2019.0,co_distrito_residencia,0,0.0
zika_2019,fato,zika,2019.0,co_bairro_residencia,2,0.95
zika_2019,fato,zika,2019.0,no_bairro_residencia,2,0.95
zika_2019,fato,zika,2019.0,co_logradouro_residencia,211,100.0
zika_2019,fato,zika,2019.0,nm_logradouro_residencia,8,3.79
zika_2019,fato,zika,2019.0,nu_cep_residencia,199,94.31
zika_2019,fato,zika,2019.0,tp_zona_residencia,4,1.9
zika_2019,fato,zika,2019.0,co_pais_residencia,0,0.0
zika_2019,fato,zika,2019.0,dt_investigacao,0,0.0
zika_2019,fato,zika,2019.0,tp_classificacao_final,0,0.0
zika_2019,fato,zika,2019.0,tp_criterio_confirmacao,29,13.74
zika_2019,fato,zika,2019.0,tp_autoctone_residencia,201,95.26
zika_2019,fato,zika,2019.0,co_uf_infeccao,206,97.63
zika_2019,fato,zika,2019.0,co_pais_infeccao,0,0.0
zika_2019,fato,zika,2019.0,co_municipio_infeccao,206,97.63
zika_2019,fato,zika,2019.0,co_distrito_infeccao,211,100.0
zika_2019,fato,zika,2019.0,co_bairro_infeccao,0,0.0
zika_2019,fato,zika,2019.0,no_bairro_infeccao,210,99.53
zika_2019,fato,zika,2019.0,st_doenca_trabalho,201,95.26
zika_2019,fato,zika,2019.0,tp_evolucao_caso,2,0.95
zika_2019,fato,zika,2019.0,dt_obito,207,98.1
zika_2019,fato,zika,2019.0,dt_encerra,0,0.0
zika_2018,fato,zika,2018.0,nu_notificacao,0,0.0
zika_2018,fato,zika,2018.0,tp_notificacao,0,0.0
zika_2018,fato,zika,2018.0,co_cid,0,0.0
zika_2018,fato,zika,2018.0,dt_notificacao,0,0.0
zika_2018,fato,zika,2018.0,ds_semana_notificacao,0,0.0
zika_2018,fato,zika,2018.0,ano_notificacao,0,0.0
zika_2018,fato,zika,2018.0,co_uf_notificacao,0,0.0
zika_2018,fato,zika,2018.0,co_municipio_notificacao,0,0.0
zika_2018,fato,zika,2018.0,id_regional,0,0.0
zika_2018,fato,zika,2018.0,co_unidade_notificacao,0,0.0
zika_2018,fato,zika,2018.0,dt_diagnostico_sintoma,0,0.0
zika_2018,fato,zika,2018.0,ds_semana_sintoma,0,0.0
zika_2018,fato,zika,2018.0,dt_nascimento,25,21.37
zika_2018,fato,zika,2018.0,nu_idade,0,0.0
zika_2018,fato,zika,2018.0,tp_sexo,0,0.0
zika_2018,fato,zika,2018.0,tp_gestante,0,0.0
zika_2018,fato,zika,2018.0,tp_raca_cor,0,0.0
zika_2018,fato,zika,2018.0,tp_escolaridade,1,0.85
zika_2018,fato,zika,2018.0,co_uf_residencia,0,0.0
zika_2018,fato,zika,2018.0,co_municipio_residencia,0,0.0
zika_2018,fato,zika,2018.0,id_rg_residencia,0,0.0
zika_2018,fato,zika,2018.0,co_distrito_residencia,1,0.85
zika_2018,fato,zika,2018.0,co_bairro_residencia,2,1.71
zika_2018,fato,zika,2018.0,no_bairro_residencia,2,1.71
zika_2018,fato,zika,2018.0,co_logradouro_residencia,117,100.0
zika_2018,fato,zika,2018.0,nm_logradouro_residencia,3,2.56
zika_2018,fato,zika,2018.0,nu_cep_residencia,103,88.03
zika_2018,fato,zika,2018.0,tp_zona_residencia,4,3.42
zika_2018,fato,zika,2018.0,co_pais_residencia,0,0.0
zika_2018,fato,zika,2018.0,dt_investigacao,3,2.56
zika_2018,fato,zika,2018.0,tp_classificacao_final,0,0.0
zika_2018,fato,zika,2018.0,tp_criterio_confirmacao,9,7.69
zika_2018,fato,zika,2018.0,tp_autoctone_residencia,104,88.89
zika_2018,fato,zika,2018.0,co_uf_infeccao,113,96.58
zika_2018,fato,zika,2018.0,co_pais_infeccao,0,0.0
zika_2018,fato,zika,2018.0,co_municipio_infeccao,113,96.58
zika_2018,fato,zika,2018.0,co_distrito_infeccao,117,100.0
zika_2018,fato,zika,2018.0,co_bairro_infeccao,0,0.0
zika_2018,fato,zika,2018.0,no_bairro_infeccao,114,97.44
zika_2018,fato,zika,2018.0,st_doenca_trabalho,103,88.03
zika_2018,fato,zika,2018.0,tp_evolucao_caso,9,7.69
zika_2018,fato,zika,2018.0,dt_obito,116,99.15
zika_2018,fato,zika,2018.0,dt_encerra,0,0.0
zika_2017,fato,zika,2017.0,nu_notificacao,0,0.0
zika_2017,fato,zika,2017.0,tp_notificacao,0,0.0
zika_2017,fato,zika,2017.0,co_cid,0,0.0
zika_2017,fato,zika,2017.0,dt_notificacao,0,0.0
zika_2017,fato,zika,2017.0,ds_semana_notificacao,0,0.0
zika_2017,fato,zika,2017.0,ano_notificacao,0,0.0
zika_2017,fato,zika,2017.0,co_uf_notificacao,0,0.0
zika_2017,fato,zika,2017.0,co_municipio_notificacao,0,0.0
zika_2017,fato,zika,2017.0,id_regional,0,0.0
zika_2017,fato,zika,2017.0,co_unidade_notificacao,0,0.0
zika_2017,fato,zika,2017.0,dt_diagnostico_sintoma,0,0.0
zika_2017,fato,zika,2017.0,ds_semana_sintoma,0,0.0
zika_2017,fato,zika,2017.0,dt_nascimento,19,14.18
zika_2017,fato,zika,2017.0,nu_idade,0,0.0
zika_2017,fato,zika,2017.0,tp_sexo,0,0.0
zika_2017,fato,zika,2017.0,tp_gestante,0,0.0
zika_2017,fato,zika,2017.0,tp_raca_cor,0,0.0
zika_2017,fato,zika,2017.0,tp_escolaridade,8,5.97
zika_2017,fato,zika,2017.0,co_uf_residencia,0,0.0
zika_2017,fato,zika,2017.0,co_municipio_residencia,0,0.0
zika_2017,fato,zika,2017.0,id_rg_residencia,0,0.0
zika_2017,fato,zika,2017.0,co_distrito_residencia,1,0.75
zika_2017,fato,zika,2017.0,co_bairro_residencia,1,0.75
zika_2017,fato,zika,2017.0,no_bairro_residencia,0,0.0
zika_2017,fato,zika,2017.0,co_logradouro_residencia,134,100.0
zika_2017,fato,zika,2017.0,nm_logradouro_residencia,3,2.24
zika_2017,fato,zika,2017.0,nu_cep_residencia,122,91.04
zika_2017,fato,zika,2017.0,tp_zona_residencia,8,5.97
zika_2017,fato,zika,2017.0,co_pais_residencia,0,0.0
zika_2017,fato,zika,2017.0,dt_investigacao,0,0.0
zika_2017,fato,zika,2017.0,tp_classificacao_final,0,0.0
zika_2017,fato,zika,2017.0,tp_criterio_confirmacao,0,0.0
zika_2017,fato,zika,2017.0,tp_autoctone_residencia,122,91.04
zika_2017,fato,zika,2017.0,co_uf_infeccao,126,94.03
zika_2017,fato,zika,2017.0,co_pais_infeccao,0,0.0
zika_2017,fato,zika,2017.0,co_municipio_infeccao,126,94.03
zika_2017,fato,zika,2017.0,co_distrito_infeccao,134,100.0
zika_2017,fato,zika,2017.0,co_bairro_infeccao,0,0.0
zika_2017,fato,zika,2017.0,no_bairro_infeccao,132,98.51
zika_2017,fato,zika,2017.0,st_doenca_trabalho,126,94.03
zika_2017,fato,zika,2017.0,tp_evolucao_caso,2,1.49
zika_2017,fato,zika,2017.0,dt_obito,131,97.76
zika_2017,fato,zika,2017.0,dt_encerra,0,0.0
zika_2016,fato,zika,2016.0,nu_notificacao,0,0.0
zika_2016,fato,zika,2016.0,tp_notificacao,0,0.0
zika_2016,fato,zika,2016.0,co_cid,0,0.0
zika_2016,fato,zika,2016.0,dt_notificacao,0,0.0
zika_2016,fato,zika,2016.0,ds_semana_notificacao,0,0.0
zika_2016,fato,zika,2016.0,ano_notificacao,0,0.0
zika_2016,fato,zika,2016.0,co_uf_notificacao,0,0.0
zika_2016,fato,zika,2016.0,co_municipio_notificacao,0,0.0
zika_2016,fato,zika,2016.0,id_regional,0,0.0
zika_2016,fato,zika,2016.0,co_unidade_notificacao,0,0.0
zika_2016,fato,zika,2016.0,dt_diagnostico_sintoma,0,0.0
zika_2016,fato,zika,2016.0,ds_semana_sintoma,0,0.0
zika_2016,fato,zika,2016.0,dt_nascimento,3632,84.78
zika_2016,fato,zika,2016.0,nu_idade,0,0.0
zika_2016,fato,zika,2016.0,tp_sexo,0,0.0
zika_2016,fato,zika,2016.0,tp_gestante,0,0.0
zika_2016,fato,zika,2016.0,tp_raca_cor,0,0.0
zika_2016,fato,zika,2016.0,tp_escolaridade,84,1.96
zika_2016,fato,zika,2016.0,co_uf_residencia,0,0.0
zika_2016,fato,zika,2016.0,co_municipio_residencia,0,0.0
zika_2016,fato,zika,2016.0,id_rg_residencia,0,0.0
zika_2016,fato,zika,2016.0,co_distrito_residencia,17,0.4
zika_2016,fato,zika,2016.0,co_bairro_residencia,11,0.26
zika_2016,fato,zika,2016.0,no_bairro_residencia,5,0.12
zika_2016,fato,zika,2016.0,co_logradouro_residencia,4284,100.0
zika_2016,fato,zika,2016.0,nm_logradouro_residencia,34,0.79
zika_2016,fato,zika,2016.0,nu_cep_residencia,4203,98.11
zika_2016,fato,zika,2016.0,tp_zona_residencia,150,3.5
zika_2016,fato,zika,2016.0,co_pais_residencia,0,0.0
zika_2016,fato,zika,2016.0,dt_investigacao,33,0.77
zika_2016,fato,zika,2016.0,tp_classificacao_final,0,0.0
zika_2016,fato,zika,2016.0,tp_criterio_confirmacao,45,1.05
zika_2016,fato,zika,2016.0,tp_autoctone_residencia,4040,94.3
zika_2016,fato,zika,2016.0,co_uf_infeccao,4187,97.74
zika_2016,fato,zika,2016.0,co_pais_infeccao,0,0.0
zika_2016,fato,zika,2016.0,co_municipio_infeccao,4187,97.74
zika_2016,fato,zika,2016.0,co_distrito_infeccao,4284,100.0
zika_2016,fato,zika,2016.0,co_bairro_infeccao,0,0.0
zika_2016,fato,zika,2016.0,no_bairro_infeccao,4266,99.58
zika_2016,fato,zika,2016.0,st_doenca_trabalho,4102,95.75
zika_2016,fato,zika,2016.0,tp_evolucao_caso,51,1.19
zika_2016,fato,zika,2016.0,dt_obito,4274,99.77
zika_2016,fato,zika,2016.0,dt_encerra,0,0.0
zika_2015,fato,zika,2015.0,nu_notificacao,0,0.0
zika_2015,fato,zika,2015.0,tp_notificacao,0,0.0
zika_2015,fato,zika,2015.0,co_cid,0,0.0
zika_2015,fato,zika,2015.0,dt_notificacao,0,0.0
zika_2015,fato,zika,2015.0,ds_semana_notificacao,0,0.0
zika_2015,fato,zika,2015.0,ano_notificacao,0,0.0
zika_2015,fato,zika,2015.0,co_uf_notificacao,0,0.0
zika_2015,fato,zika,2015.0,co_municipio_notificacao,0,0.0
zika_2015,fato,zika,2015.0,id_regional,0,0.0
zika_2015,fato,zika,2015.0,co_unidade_notificacao,0,0.0
zika_2015,fato,zika,2015.0,dt_diagnostico_sintoma,0,0.0
zika_2015,fato,zika,2015.0,ds_semana_sintoma,0,0.0
zika_2015,fato,zika,2015.0,dt_nascimento,299,66.89
zika_2015,fato,zika,2015.0,nu_idade,0,0.0
zika_2015,fato,zika,2015.0,tp_sexo,0,0.0
zika_2015,fato,zika,2015.0,tp_gestante,0,0.0
zika_2015,fato,zika,2015.0,tp_raca_cor,14,3.13
zika_2015,fato,zika,2015.0,tp_escolaridade,14,3.13
zika_2015,fato,zika,2015.0,co_uf_residencia,0,0.0
zika_2015,fato,zika,2015.0,co_municipio_residencia,0,0.0
zika_2015,fato,zika,2015.0,id_rg_residencia,0,0.0
zika_2015,fato,zika,2015.0,co_distrito_residencia,5,1.12
zika_2015,fato,zika,2015.0,co_bairro_residencia,1,0.22
zika_2015,fato,zika,2015.0,no_bairro_residencia,1,0.22
zika_2015,fato,zika,2015.0,co_logradouro_residencia,447,100.0
zika_2015,fato,zika,2015.0,nm_logradouro_residencia,6,1.34
zika_2015,fato,zika,2015.0,nu_cep_residencia,444,99.33
zika_2015,fato,zika,2015.0,tp_zona_residencia,8,1.79
zika_2015,fato,zika,2015.0,co_pais_residencia,0,0.0
zika_2015,fato,zika,2015.0,dt_investigacao,12,2.68
zika_2015,fato,zika,2015.0,tp_classificacao_final,0,0.0
zika_2015,fato,zika,2015.0,tp_criterio_confirmacao,12,2.68
zika_2015,fato,zika,2015.0,tp_autoctone_residencia,396,88.59
zika_2015,fato,zika,2015.0,co_uf_infeccao,409,91.5
zika_2015,fato,zika,2015.0,co_pais_infeccao,0,0.0
zika_2015,fato,zika,2015.0,co_municipio_infeccao,409,91.5
zika_2015,fato,zika,2015.0,co_distrito_infeccao,447,100.0
zika_2015,fato,zika,2015.0,co_bairro_infeccao,0,0.0
zika_2015,fato,zika,2015.0,no_bairro_infeccao,443,99.11
zika_2015,fato,zika,2015.0,st_doenca_trabalho,398,89.04
zika_2015,fato,zika,2015.0,tp_evolucao_caso,14,3.13
zika_2015,fato,zika,2015.0,dt_obito,447,100.0
zika_2015,fato,zika,2015.0,dt_encerra,0,0.0
dengue_2025,fato,dengue,2025.0,NU_NOTIFIC,0,0.0
dengue_2025,fato,dengue,2025.0,TP_NOT,0,0.0
dengue_2025,fato,dengue,2025.0,ID_AGRAVO,0,0.0
dengue_2025,fato,dengue,2025.0,DT_NOTIFIC,0,0.0
dengue_2025,fato,dengue,2025.0,SEM_NOT,0,0.0
dengue_2025,fato,dengue,2025.0,NU_ANO,0,0.0
dengue_2025,fato,dengue,2025.0,SG_UF_NOT,0,0.0
dengue_2025,fato,dengue,2025.0,ID_MUNICIP,0,0.0
dengue_2025,fato,dengue,2025.0,ID_REGIONA,1,0.01
dengue_2025,fato,dengue,2025.0,ID_UNIDADE,0,0.0
dengue_2025,fato,dengue,2025.0,DT_SIN_PRI,0,0.0
dengue_2025,fato,dengue,2025.0,SEM_PRI,0,0.0
dengue_2025,fato,dengue,2025.0,DT_NASC,67,0.73
dengue_2025,fato,dengue,2025.0,NU_IDADE_N,0,0.0
dengue_2025,fato,dengue,2025.0,CS_SEXO,1,0.01
dengue_2025,fato,dengue,2025.0,CS_GESTANT,5,0.05
dengue_2025,fato,dengue,2025.0,CS_RACA,1,0.01
dengue_2025,fato,dengue,2025.0,CS_ESCOL_N,1709,18.6
dengue_2025,fato,dengue,2025.0,SG_UF,1,0.01
dengue_2025,fato,dengue,2025.0,ID_MN_RESI,0,0.0
dengue_2025,fato,dengue,2025.0,ID_RG_RESI,1,0.01
dengue_2025,fato,dengue,2025.0,ID_DISTRIT,198,2.16
dengue_2025,fato,dengue,2025.0,ID_BAIRRO,58,0.63
dengue_2025,fato,dengue,2025.0,NM_BAIRRO,18,0.2
dengue_2025,fato,dengue,2025.0,ID_LOGRADO,9187,100.0
dengue_2025,fato,dengue,2025.0,NM_LOGRADO,37,0.4
dengue_2025,fato,dengue,2025.0,NU_CEP,3667,39.92
dengue_2025,fato,dengue,2025.0,ID_PAIS,0,0.0
dengue_2025,fato,dengue,2025.0,DT_INVEST,115,1.25
dengue_2025,fato,dengue,2025.0,ID_OCUPA_N,8738,95.11
dengue_2025,fato,dengue,2025.0,FEBRE,116,1.26
dengue_2025,fato,dengue,2025.0,MIALGIA,116,1.26
dengue_2025,fato,dengue,2025.0,CEFALEIA,116,1.26
dengue_2025,fato,dengue,2025.0,EXANTEMA,116,1.26
dengue_2025,fato,dengue,2025.0,VOMITO,116,1.26
dengue_2025,fato,dengue,2025.0,NAUSEA,116,1.26
dengue_2025,fato,dengue,2025.0,DOR_COSTAS,116,1.26
dengue_2025,fato,dengue,2025.0,CONJUNTVIT,116,1.26
dengue_2025,fato,dengue,2025.0,ARTRITE,116,1.26
dengue_2025,fato,dengue,2025.0,ARTRALGIA,116,1.26
dengue_2025,fato,dengue,2025.0,PETEQUIA_N,116,1.26
dengue_2025,fato,dengue,2025.0,LEUCOPENIA,116,1.26
dengue_2025,fato,dengue,2025.0,LACO,116,1.26
dengue_2025,fato,dengue,2025.0,DOR_RETRO,116,1.26
dengue_2025,fato,dengue,2025.0,DIABETES,116,1.26
dengue_2025,fato,dengue,2025.0,HEMATOLOG,116,1.26
dengue_2025,fato,dengue,2025.0,HEPATOPAT,116,1.26
dengue_2025,fato,dengue,2025.0,RENAL,116,1.26
dengue_2025,fato,dengue,2025.0,HIPERTENSA,116,1.26
dengue_2025,fato,dengue,2025.0,ACIDO_PEPT,116,1.26
dengue_2025,fato,dengue,2025.0,AUTO_IMUNE,116,1.26
dengue_2025,fato,dengue,2025.0,DT_CHIK_S1,9146,99.55
dengue_2025,fato,dengue,2025.0,DT_CHIK_S2,9187,100.0
dengue_2025,fato,dengue,2025.0,DT_PRNT,9173,99.85
dengue_2025,fato,dengue,2025.0,RES_CHIKS1,9000,97.96
dengue_2025,fato,dengue,2025.0,RES_CHIKS2,9007,98.04
dengue_2025,fato,dengue,2025.0,RESUL_PRNT,9008,98.05
dengue_2025,fato,dengue,2025.0,DT_SORO,8524,92.78
dengue_2025,fato,dengue,2025.0,RESUL_SORO,7699,83.8
dengue_2025,fato,dengue,2025.0,DT_NS1,7847,85.41
dengue_2025,fato,dengue,2025.0,RESUL_NS1,7043,76.66
dengue_2025,fato,dengue,2025.0,DT_VIRAL,9170,99.81
dengue_2025,fato,dengue,2025.0,RESUL_VI_N,8008,87.17
dengue_2025,fato,dengue,2025.0,DT_PCR,7607,82.8
dengue_2025,fato,dengue,2025.0,RESUL_PCR_,7063,76.88
dengue_2025,fato,dengue,2025.0,SOROTIPO,8829,96.1
dengue_2025,fato,dengue,2025.0,HISTOPA_N,8327,90.64
dengue_2025,fato,dengue,2025.0,IMUNOH_N,8326,90.63
dengue_2025,fato,dengue,2025.0,HOSPITALIZ,3692,40.19
dengue_2025,fato,dengue,2025.0,DT_INTERNA,8575,93.34
dengue_2025,fato,dengue,2025.0,UF,8569,93.27
dengue_2025,fato,dengue,2025.0,MUNICIPIO,8582,93.41
dengue_2025,fato,dengue,2025.0,HOSPITAL,8587,93.47
dengue_2025,fato,dengue,2025.0,DDD_HOSP,8802,95.81
dengue_2025,fato,dengue,2025.0,TEL_HOSP,8802,95.81
dengue_2025,fato,dengue,2025.0,TPAUTOCTO,7579,82.5
dengue_2025,fato,dengue,2025.0,COUFINF,8862,96.46
dengue_2025,fato,dengue,2025.0,COPAISINF,8862,96.46
dengue_2025,fato,dengue,2025.0,COMUNINF,8867,96.52
dengue_2025,fato,dengue,2025.0,CODISINF,9136,99.44
dengue_2025,fato,dengue,2025.0,CO_BAINF,8994,97.9
dengue_2025,fato,dengue,2025.0,NOBAIINF,8989,97.84
dengue_2025,fato,dengue,2025.0,CLASSI_FIN,255,2.78
dengue_2025,fato,dengue,2025.0,CRITERIO,541,5.89
dengue_2025,fato,dengue,2025.0,DOENCA_TRA,9187,100.0
dengue_2025,fato,dengue,2025.0,CLINC_CHIK,8845,96.28
dengue_2025,fato,dengue,2025.0,EVOLUCAO,912,9.93
dengue_2025,fato,dengue,2025.0,DT_OBITO,9157,99.67
dengue_2025,fato,dengue,2025.0,DT_ENCERRA,744,8.1
dengue_2025,fato,dengue,2025.0,ALRM_HIPOT,9036,98.36
dengue_2025,fato,dengue,2025.0,ALRM_PLAQ,9033,98.32
dengue_2025,fato,dengue,2025.0,ALRM_VOM,9036,98.36
dengue_2025,fato,dengue,2025.0,ALRM_SANG,9031,98.3
dengue_2025,fato,dengue,2025.0,ALRM_HEMAT,9036,98.36
dengue_2025,fato,dengue,2025.0,ALRM_ABDOM,9035,98.35
dengue_2025,fato,dengue,2025.0,ALRM_LETAR,9036,98.36
dengue_2025,fato,dengue,2025.0,ALRM_HEPAT,9036,98.36
dengue_2025,fato,dengue,2025.0,ALRM_LIQ,9038,98.38
dengue_2025,fato,dengue,2025.0,DT_ALRM,9040,98.4
dengue_2025,fato,dengue,2025.0,GRAV_PULSO,9177,99.89
dengue_2025,fato,dengue,2025.0,GRAV_CONV,9177,99.89
dengue_2025,fato,dengue,2025.0,GRAV_ENCH,9177,99.89
dengue_2025,fato,dengue,2025.0,GRAV_INSUF,9177,99.89
dengue_2025,fato,dengue,2025.0,GRAV_TAQUI,9177,99.89
dengue_2025,fato,dengue,2025.0,GRAV_EXTRE,9177,99.89
dengue_2025,fato,dengue,2025.0,GRAV_HIPOT,9177,99.89
dengue_2025,fato,dengue,2025.0,GRAV_HEMAT,9177,99.89
dengue_2025,fato,dengue,2025.0,GRAV_MELEN,9177,99.89
dengue_2025,fato,dengue,2025.0,GRAV_METRO,9177,99.89
dengue_2025,fato,dengue,2025.0,GRAV_SANG,9177,99.89
dengue_2025,fato,dengue,2025.0,GRAV_AST,9177,99.89
dengue_2025,fato,dengue,2025.0,GRAV_MIOC,9177,99.89
dengue_2025,fato,dengue,2025.0,GRAV_CONSC,9177,99.89
dengue_2025,fato,dengue,2025.0,GRAV_ORGAO,9177,99.89
dengue_2025,fato,dengue,2025.0,DT_GRAV,9177,99.89
dengue_2025,fato,dengue,2025.0,MANI_HEMOR,9187,100.0
dengue_2025,fato,dengue,2025.0,EPISTAXE,9187,100.0
dengue_2025,fato,dengue,2025.0,GENGIVO,9187,100.0
dengue_2025,fato,dengue,2025.0,METRO,9187,100.0
dengue_2025,fato,dengue,2025.0,PETEQUIAS,9187,100.0
dengue_2025,fato,dengue,2025.0,HEMATURA,9187,100.0
dengue_2025,fato,dengue,2025.0,SANGRAM,9187,100.0
dengue_2025,fato,dengue,2025.0,LACO_N,9187,100.0
dengue_2025,fato,dengue,2025.0,PLASMATICO,9187,100.0
dengue_2025,fato,dengue,2025.0,EVIDENCIA,9187,100.0
dengue_2025,fato,dengue,2025.0,PLAQ_MENOR,9187,100.0
dengue_2025,fato,dengue,2025.0,CON_FHD,9187,100.0
dengue_2025,fato,dengue,2025.0,COMPLICA,9187,100.0
dengue_2025,fato,dengue,2025.0,NU_LOTE_I,9187,100.0
dengue_2025,fato,dengue,2025.0,DS_OBS,6658,72.47
dengue_2024,fato,dengue,2024.0,NU_NOTIFIC,0,0.0
dengue_2024,fato,dengue,2024.0,TP_NOT,0,0.0
dengue_2024,fato,dengue,2024.0,ID_AGRAVO,0,0.0
dengue_2024,fato,dengue,2024.0,DT_NOTIFIC,0,0.0
dengue_2024,fato,dengue,2024.0,SEM_NOT,0,0.0
dengue_2024,fato,dengue,2024.0,NU_ANO,0,0.0
dengue_2024,fato,dengue,2024.0,SG_UF_NOT,0,0.0
dengue_2024,fato,dengue,2024.0,ID_MUNICIP,0,0.0
dengue_2024,fato,dengue,2024.0,ID_REGIONA,13,0.12
dengue_2024,fato,dengue,2024.0,ID_UNIDADE,0,0.0
dengue_2024,fato,dengue,2024.0,DT_SIN_PRI,0,0.0
dengue_2024,fato,dengue,2024.0,SEM_PRI,0,0.0
dengue_2024,fato,dengue,2024.0,DT_NASC,108,1.02
dengue_2024,fato,dengue,2024.0,NU_IDADE_N,0,0.0
dengue_2024,fato,dengue,2024.0,CS_SEXO,0,0.0
dengue_2024,fato,dengue,2024.0,CS_GESTANT,2,0.02
dengue_2024,fato,dengue,2024.0,CS_RACA,0,0.0
dengue_2024,fato,dengue,2024.0,CS_ESCOL_N,1963,18.61
dengue_2024,fato,dengue,2024.0,SG_UF,0,0.0
dengue_2024,fato,dengue,2024.0,ID_MN_RESI,0,0.0
dengue_2024,fato,dengue,2024.0,ID_RG_RESI,0,0.0
dengue_2024,fato,dengue,2024.0,ID_DISTRIT,1,0.01
dengue_2024,fato,dengue,2024.0,ID_BAIRRO,0,0.0
dengue_2024,fato,dengue,2024.0,NM_BAIRRO,0,0.0
dengue_2024,fato,dengue,2024.0,ID_LOGRADO,10548,100.0
dengue_2024,fato,dengue,2024.0,NM_LOGRADO,16,0.15
dengue_2024,fato,dengue,2024.0,NU_CEP,5220,49.49
dengue_2024,fato,dengue,2024.0,ID_PAIS,0,0.0
dengue_2024,fato,dengue,2024.0,DT_INVEST,0,0.0
dengue_2024,fato,dengue,2024.0,ID_OCUPA_N,9880,93.67
dengue_2024,fato,dengue,2024.0,FEBRE,0,0.0
dengue_2024,fato,dengue,2024.0,MIALGIA,0,0.0
dengue_2024,fato,dengue,2024.0,CEFALEIA,0,0.0
dengue_2024,fato,dengue,2024.0,EXANTEMA,0,0.0
dengue_2024,fato,dengue,2024.0,VOMITO,0,0.0
dengue_2024,fato,dengue,2024.0,NAUSEA,0,0.0
dengue_2024,fato,dengue,2024.0,DOR_COSTAS,0,0.0
dengue_2024,fato,dengue,2024.0,CONJUNTVIT,0,0.0
dengue_2024,fato,dengue,2024.0,ARTRITE,0,0.0
dengue_2024,fato,dengue,2024.0,ARTRALGIA,0,0.0
dengue_2024,fato,dengue,2024.0,PETEQUIA_N,0,0.0
dengue_2024,fato,dengue,2024.0,LEUCOPENIA,0,0.0
dengue_2024,fato,dengue,2024.0,LACO,0,0.0
dengue_2024,fato,dengue,2024.0,DOR_RETRO,0,0.0
dengue_2024,fato,dengue,2024.0,DIABETES,0,0.0
dengue_2024,fato,dengue,2024.0,HEMATOLOG,0,0.0
dengue_2024,fato,dengue,2024.0,HEPATOPAT,0,0.0
dengue_2024,fato,dengue,2024.0,RENAL,0,0.0
dengue_2024,fato,dengue,2024.0,HIPERTENSA,0,0.0
dengue_2024,fato,dengue,2024.0,ACIDO_PEPT,0,0.0
dengue_2024,fato,dengue,2024.0,AUTO_IMUNE,0,0.0
dengue_2024,fato,dengue,2024.0,DT_CHIK_S1,10480,99.36
dengue_2024,fato,dengue,2024.0,DT_CHIK_S2,10548,100.0
dengue_2024,fato,dengue,2024.0,DT_PRNT,10544,99.96
dengue_2024,fato,dengue,2024.0,RES_CHIKS1,10304,97.69
dengue_2024,fato,dengue,2024.0,RES_CHIKS2,10314,97.78
dengue_2024,fato,dengue,2024.0,RESUL_PRNT,10315,97.79
dengue_2024,fato,dengue,2024.0,DT_SORO,9950,94.33
dengue_2024,fato,dengue,2024.0,RESUL_SORO,8871,84.1
dengue_2024,fato,dengue,2024.0,DT_NS1,10205,96.75
dengue_2024,fato,dengue,2024.0,RESUL_NS1,8977,85.11
dengue_2024,fato,dengue,2024.0,DT_VIRAL,10542,99.94
dengue_2024,fato,dengue,2024.0,RESUL_VI_N,9068,85.97
dengue_2024,fato,dengue,2024.0,DT_PCR,10318,97.82
dengue_2024,fato,dengue,2024.0,RESUL_PCR_,8963,84.97
dengue_2024,fato,dengue,2024.0,SOROTIPO,10540,99.92
dengue_2024,fato,dengue,2024.0,HISTOPA_N,9385,88.97
dengue_2024,fato,dengue,2024.0,IMUNOH_N,9370,88.83
dengue_2024,fato,dengue,2024.0,HOSPITALIZ,4985,47.26
dengue_2024,fato,dengue,2024.0,DT_INTERNA,10198,96.68
dengue_2024,fato,dengue,2024.0,UF,10193,96.63
dengue_2024,fato,dengue,2024.0,MUNICIPIO,10200,96.7
dengue_2024,fato,dengue,2024.0,HOSPITAL,10203,96.73
dengue_2024,fato,dengue,2024.0,DDD_HOSP,10368,98.29
dengue_2024,fato,dengue,2024.0,TEL_HOSP,10368,98.29
dengue_2024,fato,dengue,2024.0,TPAUTOCTO,9991,94.72
dengue_2024,fato,dengue,2024.0,COUFINF,10344,98.07
dengue_2024,fato,dengue,2024.0,COPAISINF,10344,98.07
dengue_2024,fato,dengue,2024.0,COMUNINF,10345,98.08
dengue_2024,fato,dengue,2024.0,CODISINF,10426,98.84
dengue_2024,fato,dengue,2024.0,CO_BAINF,10411,98.7
dengue_2024,fato,dengue,2024.0,NOBAIINF,10411,98.7
dengue_2024,fato,dengue,2024.0,CLASSI_FIN,0,0.0
dengue_2024,fato,dengue,2024.0,CRITERIO,0,0.0
dengue_2024,fato,dengue,2024.0,DOENCA_TRA,10548,100.0
dengue_2024,fato,dengue,2024.0,CLINC_CHIK,9728,92.23
dengue_2024,fato,dengue,2024.0,EVOLUCAO,2,0.02
dengue_2024,fato,dengue,2024.0,DT_OBITO,10528,99.81
dengue_2024,fato,dengue,2024.0,DT_ENCERRA,1,0.01
dengue_2024,fato,dengue,2024.0,ALRM_HIPOT,10411,98.7
dengue_2024,fato,dengue,2024.0,ALRM_PLAQ,10409,98.68
dengue_2024,fato,dengue,2024.0,ALRM_VOM,10409,98.68
dengue_2024,fato,dengue,2024.0,ALRM_SANG,10410,98.69
dengue_2024,fato,dengue,2024.0,ALRM_HEMAT,10411,98.7
dengue_2024,fato,dengue,2024.0,ALRM_ABDOM,10405,98.64
dengue_2024,fato,dengue,2024.0,ALRM_LETAR,10411,98.7
dengue_2024,fato,dengue,2024.0,ALRM_HEPAT,10411,98.7
dengue_2024,fato,dengue,2024.0,ALRM_LIQ,10411,98.7
dengue_2024,fato,dengue,2024.0,DT_ALRM,10406,98.65
dengue_2024,fato,dengue,2024.0,GRAV_PULSO,10542,99.94
dengue_2024,fato,dengue,2024.0,GRAV_CONV,10542,99.94
dengue_2024,fato,dengue,2024.0,GRAV_ENCH,10542,99.94
dengue_2024,fato,dengue,2024.0,GRAV_INSUF,10541,99.93
dengue_2024,fato,dengue,2024.0,GRAV_TAQUI,10542,99.94
dengue_2024,fato,dengue,2024.0,GRAV_EXTRE,10542,99.94
dengue_2024,fato,dengue,2024.0,GRAV_HIPOT,10542,99.94
dengue_2024,fato,dengue,2024.0,GRAV_HEMAT,10542,99.94
dengue_2024,fato,dengue,2024.0,GRAV_MELEN,10542,99.94
dengue_2024,fato,dengue,2024.0,GRAV_METRO,10542,99.94
dengue_2024,fato,dengue,2024.0,GRAV_SANG,10542,99.94
dengue_2024,fato,dengue,2024.0,GRAV_AST,10542,99.94
dengue_2024,fato,dengue,2024.0,GRAV_MIOC,10542,99.94
dengue_2024,fato,dengue,2024.0,GRAV_CONSC,10542,99.94
dengue_2024,fato,dengue,2024.0,GRAV_ORGAO,10541,99.93
dengue_2024,fato,dengue,2024.0,DT_GRAV,10540,99.92
dengue_2024,fato,dengue,2024.0,MANI_HEMOR,10548,100.0
dengue_2024,fato,dengue,2024.0,EPISTAXE,10548,100.0
dengue_2024,fato,dengue,2024.0,GENGIVO,10548,100.0
dengue_2024,fato,dengue,2024.0,METRO,10548,100.0
dengue_2024,fato,dengue,2024.0,PETEQUIAS,10548,100.0
dengue_2024,fato,dengue,2024.0,HEMATURA,10548,100.0
dengue_2024,fato,dengue,2024.0,SANGRAM,10548,100.0
dengue_2024,fato,dengue,2024.0,LACO_N,10548,100.0
dengue_2024,fato,dengue,2024.0,PLASMATICO,10548,100.0
dengue_2024,fato,dengue,2024.0,EVIDENCIA,10548,100.0
dengue_2024,fato,dengue,2024.0,PLAQ_MENOR,10548,100.0
dengue_2024,fato,dengue,2024.0,CON_FHD,10548,100.0
dengue_2024,fato,dengue,2024.0,COMPLICA,10548,100.0
dengue_2024,fato,dengue,2024.0,NU_LOTE_I,10548,100.0
dengue_2024,fato,dengue,2024.0,DS_OBS,7852,74.44
dengue_2023,fato,dengue,2023.0,nu_notific,0,0.0
dengue_2023,fato,dengue,2023.0,tp_not,0,0.0
dengue_2023,fato,dengue,2023.0,id_agravo,0,0.0
dengue_2023,fato,dengue,2023.0,dt_notific,0,0.0
dengue_2023,fato,dengue,2023.0,sem_not,0,0.0
dengue_2023,fato,dengue,2023.0,nu_ano,0,0.0
dengue_2023,fato,dengue,2023.0,sg_uf_not,0,0.0
dengue_2023,fato,dengue,2023.0,id_municip,0,0.0
dengue_2023,fato,dengue,2023.0,id_regiona,8,0.23
dengue_2023,fato,dengue,2023.0,id_unidade,0,0.0
dengue_2023,fato,dengue,2023.0,dt_sin_pri,0,0.0
dengue_2023,fato,dengue,2023.0,sem_pri,0,0.0
dengue_2023,fato,dengue,2023.0,dt_nasc,29,0.82
dengue_2023,fato,dengue,2023.0,nu_idade_n,0,0.0
dengue_2023,fato,dengue,2023.0,cs_sexo,0,0.0
dengue_2023,fato,dengue,2023.0,cs_gestant,0,0.0
dengue_2023,fato,dengue,2023.0,cs_raca,0,0.0
dengue_2023,fato,dengue,2023.0,cs_escol_n,662,18.79
dengue_2023,fato,dengue,2023.0,sg_uf,0,0.0
dengue_2023,fato,dengue,2023.0,id_mn_resi,0,0.0
dengue_2023,fato,dengue,2023.0,id_rg_resi,0,0.0
dengue_2023,fato,dengue,2023.0,id_distrit,2,0.06
dengue_2023,fato,dengue,2023.0,id_bairro,6,0.17
dengue_2023,fato,dengue,2023.0,nm_bairro,1,0.03
dengue_2023,fato,dengue,2023.0,id_logrado,3523,100.0
dengue_2023,fato,dengue,2023.0,nm_logrado,54,1.53
dengue_2023,fato,dengue,2023.0,nu_cep,1379,39.14
dengue_2023,fato,dengue,2023.0,id_pais,0,0.0
dengue_2023,fato,dengue,2023.0,dt_invest,15,0.43
dengue_2023,fato,dengue,2023.0,id_ocupa_n,3330,94.52
dengue_2023,fato,dengue,2023.0,febre,15,0.43
dengue_2023,fato,dengue,2023.0,mialgia,15,0.43
dengue_2023,fato,dengue,2023.0,cefaleia,15,0.43
dengue_2023,fato,dengue,2023.0,exantema,15,0.43
dengue_2023,fato,dengue,2023.0,vomito,15,0.43
dengue_2023,fato,dengue,2023.0,nausea,15,0.43
dengue_2023,fato,dengue,2023.0,dor_costas,15,0.43
dengue_2023,fato,dengue,2023.0,conjuntvit,15,0.43
dengue_2023,fato,dengue,2023.0,artrite,15,0.43
dengue_2023,fato,dengue,2023.0,artralgia,15,0.43
dengue_2023,fato,dengue,2023.0,petequia_n,15,0.43
dengue_2023,fato,dengue,2023.0,leucopenia,15,0.43
dengue_2023,fato,dengue,2023.0,laco,15,0.43
dengue_2023,fato,dengue,2023.0,dor_retro,15,0.43
dengue_2023,fato,dengue,2023.0,diabetes,15,0.43
dengue_2023,fato,dengue,2023.0,hematolog,15,0.43
dengue_2023,fato,dengue,2023.0,hepatopat,15,0.43
dengue_2023,fato,dengue,2023.0,renal,15,0.43
dengue_2023,fato,dengue,2023.0,hipertensa,15,0.43
dengue_2023,fato,dengue,2023.0,acido_pept,15,0.43
dengue_2023,fato,dengue,2023.0,auto_imune,15,0.43
dengue_2023,fato,dengue,2023.0,dt_chik_s1,3491,99.09
dengue_2023,fato,dengue,2023.0,dt_chik_s2,3523,100.0
dengue_2023,fato,dengue,2023.0,dt_prnt,3522,99.97
dengue_2023,fato,dengue,2023.0,res_chiks1,3377,95.86
dengue_2023,fato,dengue,2023.0,res_chiks2,3384,96.05
dengue_2023,fato,dengue,2023.0,resul_prnt,3376,95.83
dengue_2023,fato,dengue,2023.0,dt_soro,3230,91.68
dengue_2023,fato,dengue,2023.0,resul_soro,2684,76.19
dengue_2023,fato,dengue,2023.0,dt_ns1,3479,98.75
dengue_2023,fato,dengue,2023.0,resul_ns1,2893,82.12
dengue_2023,fato,dengue,2023.0,dt_viral,3518,99.86
dengue_2023,fato,dengue,2023.0,resul_vi_n,2777,78.82
dengue_2023,fato,dengue,2023.0,dt_pcr,3486,98.95
dengue_2023,fato,dengue,2023.0,resul_pcr_,2741,77.8
dengue_2023,fato,dengue,2023.0,sorotipo,3523,100.0
dengue_2023,fato,dengue,2023.0,histopa_n,3039,86.26
dengue_2023,fato,dengue,2023.0,imunoh_n,3017,85.64
dengue_2023,fato,dengue,2023.0,hospitaliz,1223,34.71
dengue_2023,fato,dengue,2023.0,dt_interna,3351,95.12
dengue_2023,fato,dengue,2023.0,uf,3351,95.12
dengue_2023,fato,dengue,2023.0,municipio,3352,95.15
dengue_2023,fato,dengue,2023.0,hospital,3357,95.29
dengue_2023,fato,dengue,2023.0,ddd_hosp,3432,97.42
dengue_2023,fato,dengue,2023.0,tel_hosp,3432,97.42
dengue_2023,fato,dengue,2023.0,tpautocto,2836,80.5
dengue_2023,fato,dengue,2023.0,coufinf,3286,93.27
dengue_2023,fato,dengue,2023.0,copaisinf,3286,93.27
dengue_2023,fato,dengue,2023.0,comuninf,3292,93.44
dengue_2023,fato,dengue,2023.0,codisinf,3371,95.69
dengue_2023,fato,dengue,2023.0,co_bainf,3417,96.99
dengue_2023,fato,dengue,2023.0,nobaiinf,3414,96.91
dengue_2023,fato,dengue,2023.0,classi_fin,1,0.03
dengue_2023,fato,dengue,2023.0,criterio,77,2.19
dengue_2023,fato,dengue,2023.0,doenca_tra,3523,100.0
dengue_2023,fato,dengue,2023.0,clinc_chik,2898,82.26
dengue_2023,fato,dengue,2023.0,evolucao,71,2.02
dengue_2023,fato,dengue,2023.0,dt_obito,3511,99.66
dengue_2023,fato,dengue,2023.0,dt_encerra,11,0.31
dengue_2023,fato,dengue,2023.0,alrm_hipot,3468,98.44
dengue_2023,fato,dengue,2023.0,alrm_plaq,3468,98.44
dengue_2023,fato,dengue,2023.0,alrm_vom,3467,98.41
dengue_2023,fato,dengue,2023.0,alrm_sang,3469,98.47
dengue_2023,fato,dengue,2023.0,alrm_hemat,3469,98.47
dengue_2023,fato,dengue,2023.0,alrm_abdom,3467,98.41
dengue_2023,fato,dengue,2023.0,alrm_letar,3469,98.47
dengue_2023,fato,dengue,2023.0,alrm_hepat,3469,98.47
dengue_2023,fato,dengue,2023.0,alrm_liq,3469,98.47
dengue_2023,fato,dengue,2023.0,dt_alrm,3476,98.67
dengue_2023,fato,dengue,2023.0,grav_pulso,3521,99.94
dengue_2023,fato,dengue,2023.0,grav_conv,3521,99.94
dengue_2023,fato,dengue,2023.0,grav_ench,3521,99.94
dengue_2023,fato,dengue,2023.0,grav_insuf,3521,99.94
dengue_2023,fato,dengue,2023.0,grav_taqui,3521,99.94
dengue_2023,fato,dengue,2023.0,grav_extre,3521,99.94
dengue_2023,fato,dengue,2023.0,grav_hipot,3521,99.94
dengue_2023,fato,dengue,2023.0,grav_hemat,3521,99.94
dengue_2023,fato,dengue,2023.0,grav_melen,3521,99.94
dengue_2023,fato,dengue,2023.0,grav_metro,3521,99.94
dengue_2023,fato,dengue,2023.0,grav_sang,3521,99.94
dengue_2023,fato,dengue,2023.0,grav_ast,3521,99.94
dengue_2023,fato,dengue,2023.0,grav_mioc,3521,99.94
dengue_2023,fato,dengue,2023.0,grav_consc,3521,99.94
dengue_2023,fato,dengue,2023.0,grav_orgao,3521,99.94
dengue_2023,fato,dengue,2023.0,dt_grav,3521,99.94
dengue_2023,fato,dengue,2023.0,mani_hemor,3523,100.0
dengue_2023,fato,dengue,2023.0,epistaxe,3523,100.0
dengue_2023,fato,dengue,2023.0,gengivo,3523,100.0
dengue_2023,fato,dengue,2023.0,metro,3523,100.0
dengue_2023,fato,dengue,2023.0,petequias,3523,100.0
dengue_2023,fato,dengue,2023.0,hematura,3523,100.0
dengue_2023,fato,dengue,2023.0,sangram,3523,100.0
dengue_2023,fato,dengue,2023.0,laco_n,3523,100.0
dengue_2023,fato,dengue,2023.0,plasmatico,3523,100.0
dengue_2023,fato,dengue,2023.0,evidencia,3523,100.0
dengue_2023,fato,dengue,2023.0,plaq_menor,3523,100.0
dengue_2023,fato,dengue,2023.0,con_fhd,3523,100.0
dengue_2023,fato,dengue,2023.0,complica,3523,100.0
dengue_2023,fato,dengue,2023.0,nu_lote_i,3523,100.0
dengue_2023,fato,dengue,2023.0,ds_obs,3523,100.0
dengue_2022,fato,dengue,2022.0,NU_NOTIFIC,7,0.24
dengue_2022,fato,dengue,2022.0,TP_NOT,30,1.03
dengue_2022,fato,dengue,2022.0,ID_AGRAVO,30,1.03
dengue_2022,fato,dengue,2022.0,DT_NOTIFIC,30,1.03
dengue_2022,fato,dengue,2022.0,SEM_NOT,30,1.03
dengue_2022,fato,dengue,2022.0,NU_ANO,30,1.03
dengue_2022,fato,dengue,2022.0,SG_UF_NOT,30,1.03
dengue_2022,fato,dengue,2022.0,ID_MUNICIP,30,1.03
dengue_2022,fato,dengue,2022.0,ID_REGIONA,32,1.1
dengue_2022,fato,dengue,2022.0,ID_UNIDADE,31,1.07
dengue_2022,fato,dengue,2022.0,DT_SIN_PRI,30,1.03
dengue_2022,fato,dengue,2022.0,SEM_PRI,30,1.03
dengue_2022,fato,dengue,2022.0,DT_NASC,54,1.86
dengue_2022,fato,dengue,2022.0,NU_IDADE_N,30,1.03
dengue_2022,fato,dengue,2022.0,CS_SEXO,30,1.03
dengue_2022,fato,dengue,2022.0,CS_GESTANT,30,1.03
dengue_2022,fato,dengue,2022.0,CS_RACA,30,1.03
dengue_2022,fato,dengue,2022.0,CS_ESCOL_N,469,16.14
dengue_2022,fato,dengue,2022.0,SG_UF,30,1.03
dengue_2022,fato,dengue,2022.0,ID_MN_RESI,30,1.03
dengue_2022,fato,dengue,2022.0,ID_RG_RESI,30,1.03
dengue_2022,fato,dengue,2022.0,ID_DISTRIT,31,1.07
dengue_2022,fato,dengue,2022.0,ID_BAIRRO,32,1.1
dengue_2022,fato,dengue,2022.0,NM_BAIRRO,30,1.03
dengue_2022,fato,dengue,2022.0,ID_LOGRADO,2906,100.0
dengue_2022,fato,dengue,2022.0,NM_LOGRADO,73,2.51
dengue_2022,fato,dengue,2022.0,NU_CEP,1621,55.78
dengue_2022,fato,dengue,2022.0,CS_ZONA,30,1.03
dengue_2022,fato,dengue,2022.0,ID_PAIS,30,1.03
dengue_2022,fato,dengue,2022.0,DT_INVEST,31,1.07
dengue_2022,fato,dengue,2022.0,ID_OCUPA_N,2724,93.74
dengue_2022,fato,dengue,2022.0,FEBRE,31,1.07
dengue_2022,fato,dengue,2022.0,MIALGIA,31,1.07
dengue_2022,fato,dengue,2022.0,CEFALEIA,31,1.07
dengue_2022,fato,dengue,2022.0,EXANTEMA,31,1.07
dengue_2022,fato,dengue,2022.0,VOMITO,31,1.07
dengue_2022,fato,dengue,2022.0,NAUSEA,31,1.07
dengue_2022,fato,dengue,2022.0,DOR_COSTAS,31,1.07
dengue_2022,fato,dengue,2022.0,CONJUNTVIT,31,1.07
dengue_2022,fato,dengue,2022.0,ARTRITE,31,1.07
dengue_2022,fato,dengue,2022.0,ARTRALGIA,31,1.07
dengue_2022,fato,dengue,2022.0,PETEQUIA_N,31,1.07
dengue_2022,fato,dengue,2022.0,LEUCOPENIA,31,1.07
dengue_2022,fato,dengue,2022.0,LACO,31,1.07
dengue_2022,fato,dengue,2022.0,DOR_RETRO,31,1.07
dengue_2022,fato,dengue,2022.0,DIABETES,31,1.07
dengue_2022,fato,dengue,2022.0,HEMATOLOG,31,1.07
dengue_2022,fato,dengue,2022.0,HEPATOPAT,31,1.07
dengue_2022,fato,dengue,2022.0,RENAL,31,1.07
dengue_2022,fato,dengue,2022.0,HIPERTENSA,31,1.07
dengue_2022,fato,dengue,2022.0,ACIDO_PEPT,31,1.07
dengue_2022,fato,dengue,2022.0,AUTO_IMUNE,31,1.07
dengue_2022,fato,dengue,2022.0,DT_CHIK_S1,2855,98.25
dengue_2022,fato,dengue,2022.0,DT_CHIK_S2,2906,100.0
dengue_2022,fato,dengue,2022.0,DT_PRNT,2903,99.9
dengue_2022,fato,dengue,2022.0,RES_CHIKS1,2778,95.6
dengue_2022,fato,dengue,2022.0,RES_CHIKS2,2828,97.32
dengue_2022,fato,dengue,2022.0,RESUL_PRNT,2823,97.14
dengue_2022,fato,dengue,2022.0,DT_SORO,2504,86.17
dengue_2022,fato,dengue,2022.0,RESUL_SORO,1999,68.79
dengue_2022,fato,dengue,2022.0,DT_NS1,2840,97.73
dengue_2022,fato,dengue,2022.0,RESUL_NS1,2480,85.34
dengue_2022,fato,dengue,2022.0,DT_VIRAL,2883,99.21
dengue_2022,fato,dengue,2022.0,RESUL_VI_N,2405,82.76
dengue_2022,fato,dengue,2022.0,DT_PCR,2813,96.8
dengue_2022,fato,dengue,2022.0,RESUL_PCR_,2344,80.66
dengue_2022,fato,dengue,2022.0,SOROTIPO,2905,99.97
dengue_2022,fato,dengue,2022.0,HISTOPA_N,2566,88.3
dengue_2022,fato,dengue,2022.0,IMUNOH_N,2544,87.54
dengue_2022,fato,dengue,2022.0,HOSPITALIZ,1047,36.03
dengue_2022,fato,dengue,2022.0,DT_INTERNA,2707,93.15
dengue_2022,fato,dengue,2022.0,UF,2700,92.91
dengue_2022,fato,dengue,2022.0,MUNICIPIO,2710,93.26
dengue_2022,fato,dengue,2022.0,HOSPITAL,2711,93.29
dengue_2022,fato,dengue,2022.0,DDD_HOSP,2827,97.28
dengue_2022,fato,dengue,2022.0,TEL_HOSP,2827,97.28
dengue_2022,fato,dengue,2022.0,TPAUTOCTO,2185,75.19
dengue_2022,fato,dengue,2022.0,COUFINF,2426,83.48
dengue_2022,fato,dengue,2022.0,COPAISINF,2426,83.48
dengue_2022,fato,dengue,2022.0,COMUNINF,2429,83.59
dengue_2022,fato,dengue,2022.0,CODISINF,2557,87.99
dengue_2022,fato,dengue,2022.0,CO_BAINF,2570,88.44
dengue_2022,fato,dengue,2022.0,NOBAIINF,2567,88.33
dengue_2022,fato,dengue,2022.0,CLASSI_FIN,30,1.03
dengue_2022,fato,dengue,2022.0,CRITERIO,31,1.07
dengue_2022,fato,dengue,2022.0,DOENCA_TRA,2906,100.0
dengue_2022,fato,dengue,2022.0,CLINC_CHIK,2441,84.0
dengue_2022,fato,dengue,2022.0,EVOLUCAO,32,1.1
dengue_2022,fato,dengue,2022.0,DT_OBITO,2896,99.66
dengue_2022,fato,dengue,2022.0,DT_ENCERRA,30,1.03
dengue_2022,fato,dengue,2022.0,ALRM_HIPOT,2830,97.38
dengue_2022,fato,dengue,2022.0,ALRM_PLAQ,2830,97.38
dengue_2022,fato,dengue,2022.0,ALRM_VOM,2828,97.32
dengue_2022,fato,dengue,2022.0,ALRM_SANG,2831,97.42
dengue_2022,fato,dengue,2022.0,ALRM_HEMAT,2831,97.42
dengue_2022,fato,dengue,2022.0,ALRM_ABDOM,2828,97.32
dengue_2022,fato,dengue,2022.0,ALRM_LETAR,2831,97.42
dengue_2022,fato,dengue,2022.0,ALRM_HEPAT,2833,97.49
dengue_2022,fato,dengue,2022.0,ALRM_LIQ,2831,97.42
dengue_2022,fato,dengue,2022.0,DT_ALRM,2836,97.59
dengue_2022,fato,dengue,2022.0,GRAV_PULSO,2898,99.72
dengue_2022,fato,dengue,2022.0,GRAV_CONV,2898,99.72
dengue_2022,fato,dengue,2022.0,GRAV_ENCH,2898,99.72
dengue_2022,fato,dengue,2022.0,GRAV_INSUF,2898,99.72
dengue_2022,fato,dengue,2022.0,GRAV_TAQUI,2898,99.72
dengue_2022,fato,dengue,2022.0,GRAV_EXTRE,2898,99.72
dengue_2022,fato,dengue,2022.0,GRAV_HIPOT,2898,99.72
dengue_2022,fato,dengue,2022.0,GRAV_HEMAT,2898,99.72
dengue_2022,fato,dengue,2022.0,GRAV_MELEN,2898,99.72
dengue_2022,fato,dengue,2022.0,GRAV_METRO,2898,99.72
dengue_2022,fato,dengue,2022.0,GRAV_SANG,2898,99.72
dengue_2022,fato,dengue,2022.0,GRAV_AST,2898,99.72
dengue_2022,fato,dengue,2022.0,GRAV_MIOC,2898,99.72
dengue_2022,fato,dengue,2022.0,GRAV_CONSC,2898,99.72
dengue_2022,fato,dengue,2022.0,GRAV_ORGAO,2898,99.72
dengue_2022,fato,dengue,2022.0,DT_GRAV,2901,99.83
dengue_2022,fato,dengue,2022.0,MANI_HEMOR,2906,100.0
dengue_2022,fato,dengue,2022.0,EPISTAXE,2906,100.0
dengue_2022,fato,dengue,2022.0,GENGIVO,2906,100.0
dengue_2022,fato,dengue,2022.0,METRO,2906,100.0
dengue_2022,fato,dengue,2022.0,PETEQUIAS,2906,100.0
dengue_2022,fato,dengue,2022.0,HEMATURA,2906,100.0
dengue_2022,fato,dengue,2022.0,SANGRAM,2906,100.0
dengue_2022,fato,dengue,2022.0,LACO_N,2906,100.0
dengue_2022,fato,dengue,2022.0,PLASMATICO,2906,100.0
dengue_2022,fato,dengue,2022.0,EVIDENCIA,2906,100.0
dengue_2022,fato,dengue,2022.0,PLAQ_MENOR,2906,100.0
dengue_2022,fato,dengue,2022.0,CON_FHD,2906,100.0
dengue_2022,fato,dengue,2022.0,COMPLICA,2906,100.0
dengue_2022,fato,dengue,2022.0,NU_LOTE_I,2906,100.0
dengue_2021,fato,dengue,2021.0,NU_NOTIFIC,0,0.0
dengue_2021,fato,dengue,2021.0,TP_NOT,0,0.0
dengue_2021,fato,dengue,2021.0,ID_AGRAVO,0,0.0
dengue_2021,fato,dengue,2021.0,DT_NOTIFIC,0,0.0
dengue_2021,fato,dengue,2021.0,SEM_NOT,0,0.0
dengue_2021,fato,dengue,2021.0,NU_ANO,0,0.0
dengue_2021,fato,dengue,2021.0,SG_UF_NOT,0,0.0
dengue_2021,fato,dengue,2021.0,ID_MUNICIP,0,0.0
dengue_2021,fato,dengue,2021.0,ID_REGIONA,1,0.01
dengue_2021,fato,dengue,2021.0,ID_UNIDADE,0,0.0
dengue_2021,fato,dengue,2021.0,DT_SIN_PRI,0,0.0
dengue_2021,fato,dengue,2021.0,SEM_PRI,0,0.0
dengue_2021,fato,dengue,2021.0,DT_NASC,456,4.18
dengue_2021,fato,dengue,2021.0,NU_IDADE_N,0,0.0
dengue_2021,fato,dengue,2021.0,CS_SEXO,0,0.0
dengue_2021,fato,dengue,2021.0,CS_GESTANT,7,0.06
dengue_2021,fato,dengue,2021.0,CS_RACA,0,0.0
dengue_2021,fato,dengue,2021.0,CS_ESCOL_N,1722,15.8
dengue_2021,fato,dengue,2021.0,SG_UF,0,0.0
dengue_2021,fato,dengue,2021.0,ID_MN_RESI,0,0.0
dengue_2021,fato,dengue,2021.0,ID_RG_RESI,0,0.0
dengue_2021,fato,dengue,2021.0,ID_DISTRIT,1,0.01
dengue_2021,fato,dengue,2021.0,ID_BAIRRO,0,0.0
dengue_2021,fato,dengue,2021.0,NM_BAIRRO,0,0.0
dengue_2021,fato,dengue,2021.0,ID_LOGRADO,10898,100.0
dengue_2021,fato,dengue,2021.0,NM_LOGRADO,190,1.74
dengue_2021,fato,dengue,2021.0,NU_CEP,8072,74.07
dengue_2021,fato,dengue,2021.0,CS_ZONA,565,5.18
dengue_2021,fato,dengue,2021.0,ID_PAIS,0,0.0
dengue_2021,fato,dengue,2021.0,DT_INVEST,0,0.0
dengue_2021,fato,dengue,2021.0,ID_OCUPA_N,9678,88.81
dengue_2021,fato,dengue,2021.0,FEBRE,0,0.0
dengue_2021,fato,dengue,2021.0,MIALGIA,0,0.0
dengue_2021,fato,dengue,2021.0,CEFALEIA,0,0.0
dengue_2021,fato,dengue,2021.0,EXANTEMA,0,0.0
dengue_2021,fato,dengue,2021.0,VOMITO,0,0.0
dengue_2021,fato,dengue,2021.0,NAUSEA,0,0.0
dengue_2021,fato,dengue,2021.0,DOR_COSTAS,0,0.0
dengue_2021,fato,dengue,2021.0,CONJUNTVIT,0,0.0
dengue_2021,fato,dengue,2021.0,ARTRITE,0,0.0
dengue_2021,fato,dengue,2021.0,ARTRALGIA,0,0.0
dengue_2021,fato,dengue,2021.0,PETEQUIA_N,0,0.0
dengue_2021,fato,dengue,2021.0,LEUCOPENIA,0,0.0
dengue_2021,fato,dengue,2021.0,LACO,0,0.0
dengue_2021,fato,dengue,2021.0,DOR_RETRO,0,0.0
dengue_2021,fato,dengue,2021.0,DIABETES,0,0.0
dengue_2021,fato,dengue,2021.0,HEMATOLOG,0,0.0
dengue_2021,fato,dengue,2021.0,HEPATOPAT,0,0.0
dengue_2021,fato,dengue,2021.0,RENAL,0,0.0
dengue_2021,fato,dengue,2021.0,HIPERTENSA,0,0.0
dengue_2021,fato,dengue,2021.0,ACIDO_PEPT,0,0.0
dengue_2021,fato,dengue,2021.0,AUTO_IMUNE,0,0.0
dengue_2021,fato,dengue,2021.0,DT_CHIK_S1,10751,98.65
dengue_2021,fato,dengue,2021.0,DT_CHIK_S2,10898,100.0
dengue_2021,fato,dengue,2021.0,DT_PRNT,10893,99.95
dengue_2021,fato,dengue,2021.0,RES_CHIKS1,10199,93.59
dengue_2021,fato,dengue,2021.0,RES_CHIKS2,10243,93.99
dengue_2021,fato,dengue,2021.0,RESUL_PRNT,10243,93.99
dengue_2021,fato,dengue,2021.0,DT_SORO,10080,92.49
dengue_2021,fato,dengue,2021.0,RESUL_SORO,8158,74.86
dengue_2021,fato,dengue,2021.0,DT_NS1,10835,99.42
dengue_2021,fato,dengue,2021.0,RESUL_NS1,8554,78.49
dengue_2021,fato,dengue,2021.0,DT_VIRAL,10884,99.87
dengue_2021,fato,dengue,2021.0,RESUL_VI_N,8005,73.45
dengue_2021,fato,dengue,2021.0,DT_PCR,10792,99.03
dengue_2021,fato,dengue,2021.0,RESUL_PCR_,8124,74.55
dengue_2021,fato,dengue,2021.0,SOROTIPO,10888,99.91
dengue_2021,fato,dengue,2021.0,HISTOPA_N,8884,81.52
dengue_2021,fato,dengue,2021.0,IMUNOH_N,8832,81.04
dengue_2021,fato,dengue,2021.0,HOSPITALIZ,4331,39.74
dengue_2021,fato,dengue,2021.0,DT_INTERNA,10627,97.51
dengue_2021,fato,dengue,2021.0,UF,10624,97.49
dengue_2021,fato,dengue,2021.0,TPAUTOCTO,7573,69.49
dengue_2021,fato,dengue,2021.0,COUFINF,8743,80.23
dengue_2021,fato,dengue,2021.0,COPAISINF,8743,80.23
dengue_2021,fato,dengue,2021.0,COMUNINF,8770,80.47
dengue_2021,fato,dengue,2021.0,CODISINF,9499,87.16
dengue_2021,fato,dengue,2021.0,CO_BAINF,9611,88.19
dengue_2021,fato,dengue,2021.0,NOBAIINF,9604,88.13
dengue_2021,fato,dengue,2021.0,CLASSI_FIN,0,0.0
dengue_2021,fato,dengue,2021.0,CRITERIO,1,0.01
dengue_2021,fato,dengue,2021.0,DOENCA_TRA,10898,100.0
dengue_2021,fato,dengue,2021.0,CLINC_CHIK,9629,88.36
dengue_2021,fato,dengue,2021.0,EVOLUCAO,1,0.01
dengue_2021,fato,dengue,2021.0,DT_OBITO,10886,99.89
dengue_2021,fato,dengue,2021.0,DT_ENCERRA,0,0.0
dengue_2021,fato,dengue,2021.0,ALRM_HIPOT,10854,99.6
dengue_2021,fato,dengue,2021.0,ALRM_PLAQ,10854,99.6
dengue_2021,fato,dengue,2021.0,ALRM_VOM,10853,99.59
dengue_2021,fato,dengue,2021.0,ALRM_SANG,10854,99.6
dengue_2021,fato,dengue,2021.0,ALRM_HEMAT,10854,99.6
dengue_2021,fato,dengue,2021.0,ALRM_ABDOM,10853,99.59
dengue_2021,fato,dengue,2021.0,ALRM_LETAR,10854,99.6
dengue_2021,fato,dengue,2021.0,ALRM_HEPAT,10854,99.6
dengue_2021,fato,dengue,2021.0,ALRM_LIQ,10854,99.6
dengue_2021,fato,dengue,2021.0,DT_ALRM,10855,99.61
dengue_2021,fato,dengue,2021.0,GRAV_PULSO,10889,99.92
dengue_2021,fato,dengue,2021.0,GRAV_CONV,10889,99.92
dengue_2021,fato,dengue,2021.0,GRAV_ENCH,10889,99.92
dengue_2021,fato,dengue,2021.0,GRAV_INSUF,10889,99.92
dengue_2021,fato,dengue,2021.0,GRAV_TAQUI,10889,99.92
dengue_2021,fato,dengue,2021.0,GRAV_EXTRE,10889,99.92
dengue_2021,fato,dengue,2021.0,GRAV_HIPOT,10889,99.92
dengue_2021,fato,dengue,2021.0,GRAV_HEMAT,10889,99.92
dengue_2021,fato,dengue,2021.0,GRAV_MELEN,10889,99.92
dengue_2021,fato,dengue,2021.0,GRAV_METRO,10889,99.92
dengue_2021,fato,dengue,2021.0,GRAV_SANG,10889,99.92
dengue_2021,fato,dengue,2021.0,GRAV_AST,10889,99.92
dengue_2021,fato,dengue,2021.0,GRAV_MIOC,10889,99.92
dengue_2021,fato,dengue,2021.0,GRAV_CONSC,10889,99.92
dengue_2021,fato,dengue,2021.0,GRAV_ORGAO,10889,99.92
dengue_2021,fato,dengue,2021.0,DT_GRAV,10890,99.93
dengue_2021,fato,dengue,2021.0,MANI_HEMOR,10898,100.0
dengue_2021,fato,dengue,2021.0,EPISTAXE,10898,100.0
dengue_2021,fato,dengue,2021.0,GENGIVO,10898,100.0
dengue_2021,fato,dengue,2021.0,METRO,10898,100.0
dengue_2021,fato,dengue,2021.0,PETEQUIAS,10898,100.0
dengue_2021,fato,dengue,2021.0,HEMATURA,10898,100.0
dengue_2021,fato,dengue,2021.0,SANGRAM,10898,100.0
dengue_2021,fato,dengue,2021.0,LACO_N,10898,100.0
dengue_2021,fato,dengue,2021.0,PLASMATICO,10898,100.0
dengue_2021,fato,dengue,2021.0,EVIDENCIA,10898,100.0
dengue_2021,fato,dengue,2021.0,PLAQ_MENOR,10898,100.0
dengue_2021,fato,dengue,2021.0,CON_FHD,10898,100.0
dengue_2021,fato,dengue,2021.0,COMPLICA,10898,100.0
dengue_2021,fato,dengue,2021.0,NU_LOTE_I,10898,100.0
dengue_2020,fato,dengue,2020.0,nu_notificacao,0,0.0
dengue_2020,fato,dengue,2020.0,tp_notificacao,0,0.0
dengue_2020,fato,dengue,2020.0,co_cid,0,0.0
dengue_2020,fato,dengue,2020.0,dt_notificacao,0,0.0
dengue_2020,fato,dengue,2020.0,ds_semana_notificacao,0,0.0
dengue_2020,fato,dengue,2020.0,notificacao_ano,0,0.0
dengue_2020,fato,dengue,2020.0,co_uf_notificacao,0,0.0
dengue_2020,fato,dengue,2020.0,co_municipio_notificacao,0,0.0
dengue_2020,fato,dengue,2020.0,id_regional,3,0.08
dengue_2020,fato,dengue,2020.0,co_unidade_notificacao,0,0.0
dengue_2020,fato,dengue,2020.0,dt_diagnostico_sintoma,0,0.0
dengue_2020,fato,dengue,2020.0,ds_semana_sintoma,0,0.0
dengue_2020,fato,dengue,2020.0,dt_nascimento,52,1.47
dengue_2020,fato,dengue,2020.0,nu_idade,0,0.0
dengue_2020,fato,dengue,2020.0,tp_sexo,0,0.0
dengue_2020,fato,dengue,2020.0,tp_gestante,1,0.03
dengue_2020,fato,dengue,2020.0,tp_raca_cor,0,0.0
dengue_2020,fato,dengue,2020.0,tp_escolaridade,621,17.54
dengue_2020,fato,dengue,2020.0,co_uf_residencia,0,0.0
dengue_2020,fato,dengue,2020.0,co_municipio_residencia,0,0.0
dengue_2020,fato,dengue,2020.0,co_regional_residencia,0,0.0
dengue_2020,fato,dengue,2020.0,co_distrito_residencia,5,0.14
dengue_2020,fato,dengue,2020.0,co_bairro_residencia,11,0.31
dengue_2020,fato,dengue,2020.0,no_bairro_residencia,10,0.28
dengue_2020,fato,dengue,2020.0,co_logradouro_residencia,3540,100.0
dengue_2020,fato,dengue,2020.0,nome_logradouro_residencia,62,1.75
dengue_2020,fato,dengue,2020.0,nu_cep_residencia,2523,71.27
dengue_2020,fato,dengue,2020.0,tp_zona_residencia,105,2.97
dengue_2020,fato,dengue,2020.0,co_pais_residencia,0,0.0
dengue_2020,fato,dengue,2020.0,dt_investigacao,11,0.31
dengue_2020,fato,dengue,2020.0,co_cbo_ocupacao,3295,93.08
dengue_2020,fato,dengue,2020.0,febre,11,0.31
dengue_2020,fato,dengue,2020.0,mialgia,11,0.31
dengue_2020,fato,dengue,2020.0,cefaleia,11,0.31
dengue_2020,fato,dengue,2020.0,exantema,11,0.31
dengue_2020,fato,dengue,2020.0,vomito,11,0.31
dengue_2020,fato,dengue,2020.0,nausea,11,0.31
dengue_2020,fato,dengue,2020.0,dor_costas,11,0.31
dengue_2020,fato,dengue,2020.0,conjutivite,11,0.31
dengue_2020,fato,dengue,2020.0,artrite,11,0.31
dengue_2020,fato,dengue,2020.0,artralgia,11,0.31
dengue_2020,fato,dengue,2020.0,petequia_n,11,0.31
dengue_2020,fato,dengue,2020.0,leucopenia,11,0.31
dengue_2020,fato,dengue,2020.0,laco,11,0.31
dengue_2020,fato,dengue,2020.0,dor_retro,11,0.31
dengue_2020,fato,dengue,2020.0,diabetes,11,0.31
dengue_2020,fato,dengue,2020.0,hematolog,11,0.31
dengue_2020,fato,dengue,2020.0,hepatopat,11,0.31
dengue_2020,fato,dengue,2020.0,renal,11,0.31
dengue_2020,fato,dengue,2020.0,hipertensao,11,0.31
dengue_2020,fato,dengue,2020.0,acido_pept,11,0.31
dengue_2020,fato,dengue,2020.0,auto_imune,11,0.31
dengue_2020,fato,dengue,2020.0,dt_chil_s1,3471,98.05
dengue_2020,fato,dengue,2020.0,dt_chil_s2,3540,100.0
dengue_2020,fato,dengue,2020.0,dt_prnt,3534,99.83
dengue_2020,fato,dengue,2020.0,res_chiks1,3430,96.89
dengue_2020,fato,dengue,2020.0,res_chiks2,3442,97.23
dengue_2020,fato,dengue,2020.0,resul_prnt,3443,97.26
dengue_2020,fato,dengue,2020.0,dt_coleta_exame,3281,92.68
dengue_2020,fato,dengue,2020.0,tp_result_exame,2480,70.06
dengue_2020,fato,dengue,2020.0,dt_coleta_NS1,3529,99.69
dengue_2020,fato,dengue,2020.0,Tp_result_NS1,2616,73.9
dengue_2020,fato,dengue,2020.0,dt_coleta_isolamento,3522,99.49
dengue_2020,fato,dengue,2020.0,tp_result_isolamento,2483,70.14
dengue_2020,fato,dengue,2020.0,dt_coleta_rtpcr,3524,99.55
dengue_2020,fato,dengue,2020.0,tp_result_rtpcr,2586,73.05
dengue_2020,fato,dengue,2020.0,tp_sorotipo,3540,100.0
dengue_2020,fato,dengue,2020.0,tp_result_histopatologia,2775,78.39
dengue_2020,fato,dengue,2020.0,tp_result_imunohistoquimica,2758,77.91
dengue_2020,fato,dengue,2020.0,st_ocorreu_hospitalizacao,1473,41.61
dengue_2020,fato,dengue,2020.0,dt_internacao,3447,97.37
dengue_2020,fato,dengue,2020.0,co_uf_hospital,3445,97.32
dengue_2020,fato,dengue,2020.0,co_municipio_hospital,3446,97.34
dengue_2020,fato,dengue,2020.0,tp_autoctone_residencia,2779,78.5
dengue_2020,fato,dengue,2020.0,co_uf_infeccao,3123,88.22
dengue_2020,fato,dengue,2020.0,co_pais_infeccao,3123,88.22
dengue_2020,fato,dengue,2020.0,co_municipio_infeccao,3132,88.47
dengue_2020,fato,dengue,2020.0,co_distrito_infeccao,3238,91.47
dengue_2020,fato,dengue,2020.0,co_bairro_infeccao,3230,91.24
dengue_2020,fato,dengue,2020.0,no_bairro_infeccao,3226,91.13
dengue_2020,fato,dengue,2020.0,tp_classificacao_final,1,0.03
dengue_2020,fato,dengue,2020.0,tp_criterio_confirmacao,123,3.47
dengue_2020,fato,dengue,2020.0,st_doenca_trabalho,3540,100.0
dengue_2020,fato,dengue,2020.0,clinc_chik,3285,92.8
dengue_2020,fato,dengue,2020.0,tp_evolucao_caso,169,4.77
dengue_2020,fato,dengue,2020.0,dt_obito,3532,99.77
dengue_2020,fato,dengue,2020.0,dt_encerramento,36,1.02
dengue_2020,fato,dengue,2020.0,alrm_hipot,3517,99.35
dengue_2020,fato,dengue,2020.0,alrm_plaq,3517,99.35
dengue_2020,fato,dengue,2020.0,alrm_vom,3517,99.35
dengue_2020,fato,dengue,2020.0,alrm_sang,3517,99.35
dengue_2020,fato,dengue,2020.0,alrm_hemat,3517,99.35
dengue_2020,fato,dengue,2020.0,alrm_abdom,3516,99.32
dengue_2020,fato,dengue,2020.0,alrm_letar,3517,99.35
dengue_2020,fato,dengue,2020.0,alrm_hepat,3517,99.35
dengue_2020,fato,dengue,2020.0,alrm_liq,3517,99.35
dengue_2020,fato,dengue,2020.0,dt_alrm,3517,99.35
dengue_2020,fato,dengue,2020.0,grav_pulso,3539,99.97
dengue_2020,fato,dengue,2020.0,grav_conv,3539,99.97
dengue_2020,fato,dengue,2020.0,grav_ench,3539,99.97
dengue_2020,fato,dengue,2020.0,grav_insuf,3539,99.97
dengue_2020,fato,dengue,2020.0,grav_taqui,3539,99.97
dengue_2020,fato,dengue,2020.0,grav_extre,3539,99.97
dengue_2020,fato,dengue,2020.0,grav_hipot,3539,99.97
dengue_2020,fato,dengue,2020.0,grav_hemat,3539,99.97
dengue_2020,fato,dengue,2020.0,grav_melen,3539,99.97
dengue_2020,fato,dengue,2020.0,grav_metro,3539,99.97
dengue_2020,fato,dengue,2020.0,grav_sang,3539,99.97
dengue_2020,fato,dengue,2020.0,grav_ast,3539,99.97
dengue_2020,fato,dengue,2020.0,grav_mioc,3539,99.97
dengue_2020,fato,dengue,2020.0,grav_consc,3539,99.97
dengue_2020,fato,dengue,2020.0,grav_orgao,3539,99.97
dengue_2020,fato,dengue,2020.0,dt_grav,3539,99.97
dengue_2020,fato,dengue,2020.0,mani_hemor,3540,100.0
dengue_2020,fato,dengue,2020.0,epistaxe,3540,100.0
dengue_2020,fato,dengue,2020.0,gengivo,3540,100.0
dengue_2020,fato,dengue,2020.0,metro,3540,100.0
dengue_2020,fato,dengue,2020.0,petequias,3540,100.0
dengue_2020,fato,dengue,2020.0,hematura,3540,100.0
dengue_2020,fato,dengue,2020.0,sangram,3540,100.0
dengue_2020,fato,dengue,2020.0,laco_n,3540,100.0
dengue_2020,fato,dengue,2020.0,plasmatico,3540,100.0
dengue_2020,fato,dengue,2020.0,evidencia,3540,100.0
dengue_2020,fato,dengue,2020.0,plaq_menor,3540,100.0
dengue_2020,fato,dengue,2020.0,con_fhd,3540,100.0
dengue_2019,fato,dengue,2019.0,nu_notificacao,0,0.0
dengue_2019,fato,dengue,2019.0,tp_notificacao,6,0.08
dengue_2019,fato,dengue,2019.0,co_cid,6,0.08
dengue_2019,fato,dengue,2019.0,dt_notificacao,6,0.08
dengue_2019,fato,dengue,2019.0,ds_semana_notificacao,6,0.08
dengue_2019,fato,dengue,2019.0,notificacao_ano,6,0.08
dengue_2019,fato,dengue,2019.0,co_uf_notificacao,6,0.08
dengue_2019,fato,dengue,2019.0,co_municipio_notificacao,6,0.08
dengue_2019,fato,dengue,2019.0,id_regional,8,0.11
dengue_2019,fato,dengue,2019.0,co_unidade_notificacao,6,0.08
dengue_2019,fato,dengue,2019.0,dt_diagnostico_sintoma,6,0.08
dengue_2019,fato,dengue,2019.0,ds_semana_sintoma,6,0.08
dengue_2019,fato,dengue,2019.0,dt_nascimento,221,3.02
dengue_2019,fato,dengue,2019.0,nu_idade,6,0.08
dengue_2019,fato,dengue,2019.0,tp_sexo,6,0.08
dengue_2019,fato,dengue,2019.0,tp_gestante,8,0.11
dengue_2019,fato,dengue,2019.0,tp_raca_cor,6,0.08
dengue_2019,fato,dengue,2019.0,tp_escolaridade,875,11.97
dengue_2019,fato,dengue,2019.0,co_uf_residencia,6,0.08
dengue_2019,fato,dengue,2019.0,co_municipio_residencia,6,0.08
dengue_2019,fato,dengue,2019.0,co_regional_residencia,6,0.08
dengue_2019,fato,dengue,2019.0,co_distrito_residencia,1000,13.68
dengue_2019,fato,dengue,2019.0,co_bairro_residencia,173,2.37
dengue_2019,fato,dengue,2019.0,no_bairro_residencia,81,1.11
dengue_2019,fato,dengue,2019.0,co_logradouro_residencia,7308,100.0
dengue_2019,fato,dengue,2019.0,nome_logradouro_residencia,145,1.98
dengue_2019,fato,dengue,2019.0,nu_cep_residencia,4649,63.62
dengue_2019,fato,dengue,2019.0,tp_zona_residencia,331,4.53
dengue_2019,fato,dengue,2019.0,co_pais_residencia,6,0.08
dengue_2019,fato,dengue,2019.0,dt_investigacao,151,2.07
dengue_2019,fato,dengue,2019.0,co_cbo_ocupacao,6772,92.67
dengue_2019,fato,dengue,2019.0,febre,150,2.05
dengue_2019,fato,dengue,2019.0,mialgia,150,2.05
dengue_2019,fato,dengue,2019.0,cefaleia,150,2.05
dengue_2019,fato,dengue,2019.0,exantema,150,2.05
dengue_2019,fato,dengue,2019.0,vomito,150,2.05
dengue_2019,fato,dengue,2019.0,nausea,150,2.05
dengue_2019,fato,dengue,2019.0,dor_costas,150,2.05
dengue_2019,fato,dengue,2019.0,conjutivite,150,2.05
dengue_2019,fato,dengue,2019.0,artrite,150,2.05
dengue_2019,fato,dengue,2019.0,artralgia,150,2.05
dengue_2019,fato,dengue,2019.0,petequia_n,150,2.05
dengue_2019,fato,dengue,2019.0,leucopenia,150,2.05
dengue_2019,fato,dengue,2019.0,laco,150,2.05
dengue_2019,fato,dengue,2019.0,dor_retro,150,2.05
dengue_2019,fato,dengue,2019.0,diabetes,150,2.05
dengue_2019,fato,dengue,2019.0,hematolog,150,2.05
dengue_2019,fato,dengue,2019.0,hepatopat,150,2.05
dengue_2019,fato,dengue,2019.0,renal,150,2.05
dengue_2019,fato,dengue,2019.0,hipertensao,150,2.05
dengue_2019,fato,dengue,2019.0,acido_pept,150,2.05
dengue_2019,fato,dengue,2019.0,auto_imune,150,2.05
dengue_2019,fato,dengue,2019.0,dt_chil_s1,7246,99.15
dengue_2019,fato,dengue,2019.0,dt_chil_s2,7308,100.0
dengue_2019,fato,dengue,2019.0,dt_prnt,7300,99.89
dengue_2019,fato,dengue,2019.0,res_chiks1,7209,98.65
dengue_2019,fato,dengue,2019.0,res_chiks2,7249,99.19
dengue_2019,fato,dengue,2019.0,resul_prnt,7254,99.26
dengue_2019,fato,dengue,2019.0,dt_coleta_exame,6434,88.04
dengue_2019,fato,dengue,2019.0,tp_result_exame,4534,62.04
dengue_2019,fato,dengue,2019.0,dt_coleta_NS1,7208,98.63
dengue_2019,fato,dengue,2019.0,Tp_result_NS1,4926,67.41
dengue_2019,fato,dengue,2019.0,dt_coleta_isolamento,7267,99.44
dengue_2019,fato,dengue,2019.0,tp_result_isolamento,4804,65.74
dengue_2019,fato,dengue,2019.0,dt_coleta_rtpcr,7210,98.66
dengue_2019,fato,dengue,2019.0,tp_result_rtpcr,5145,70.4
dengue_2019,fato,dengue,2019.0,tp_sorotipo,7289,99.74
dengue_2019,fato,dengue,2019.0,tp_result_histopatologia,5645,77.24
dengue_2019,fato,dengue,2019.0,tp_result_imunohistoquimica,5632,77.07
dengue_2019,fato,dengue,2019.0,st_ocorreu_hospitalizacao,2591,35.45
dengue_2019,fato,dengue,2019.0,dt_internacao,6876,94.09
dengue_2019,fato,dengue,2019.0,co_uf_hospital,6865,93.94
dengue_2019,fato,dengue,2019.0,co_municipio_hospital,6877,94.1
dengue_2019,fato,dengue,2019.0,tp_autoctone_residencia,5573,76.26
dengue_2019,fato,dengue,2019.0,co_uf_infeccao,6302,86.23
dengue_2019,fato,dengue,2019.0,co_pais_infeccao,6302,86.23
dengue_2019,fato,dengue,2019.0,co_municipio_infeccao,6314,86.4
dengue_2019,fato,dengue,2019.0,co_distrito_infeccao,6487,88.77
dengue_2019,fato,dengue,2019.0,co_bairro_infeccao,6647,90.96
dengue_2019,fato,dengue,2019.0,no_bairro_infeccao,6638,90.83
dengue_2019,fato,dengue,2019.0,tp_classificacao_final,6,0.08
dengue_2019,fato,dengue,2019.0,tp_criterio_confirmacao,588,8.05
dengue_2019,fato,dengue,2019.0,st_doenca_trabalho,7308,100.0
dengue_2019,fato,dengue,2019.0,clinc_chik,6970,95.37
dengue_2019,fato,dengue,2019.0,tp_evolucao_caso,705,9.65
dengue_2019,fato,dengue,2019.0,dt_obito,7276,99.56
dengue_2019,fato,dengue,2019.0,dt_encerramento,6,0.08
dengue_2019,fato,dengue,2019.0,alrm_hipot,7149,97.82
dengue_2019,fato,dengue,2019.0,alrm_plaq,7146,97.78
dengue_2019,fato,dengue,2019.0,alrm_vom,7148,97.81
dengue_2019,fato,dengue,2019.0,alrm_sang,7147,97.8
dengue_2019,fato,dengue,2019.0,alrm_hemat,7149,97.82
dengue_2019,fato,dengue,2019.0,alrm_abdom,7145,97.77
dengue_2019,fato,dengue,2019.0,alrm_letar,7149,97.82
dengue_2019,fato,dengue,2019.0,alrm_hepat,7149,97.82
dengue_2019,fato,dengue,2019.0,alrm_liq,7149,97.82
dengue_2019,fato,dengue,2019.0,dt_alrm,7156,97.92
dengue_2019,fato,dengue,2019.0,grav_pulso,7294,99.81
dengue_2019,fato,dengue,2019.0,grav_conv,7294,99.81
dengue_2019,fato,dengue,2019.0,grav_ench,7294,99.81
dengue_2019,fato,dengue,2019.0,grav_insuf,7294,99.81
dengue_2019,fato,dengue,2019.0,grav_taqui,7294,99.81
dengue_2019,fato,dengue,2019.0,grav_extre,7294,99.81
dengue_2019,fato,dengue,2019.0,grav_hipot,7294,99.81
dengue_2019,fato,dengue,2019.0,grav_hemat,7294,99.81
dengue_2019,fato,dengue,2019.0,grav_melen,7294,99.81
dengue_2019,fato,dengue,2019.0,grav_metro,7294,99.81
dengue_2019,fato,dengue,2019.0,grav_sang,7294,99.81
dengue_2019,fato,dengue,2019.0,grav_ast,7294,99.81
dengue_2019,fato,dengue,2019.0,grav_mioc,7294,99.81
dengue_2019,fato,dengue,2019.0,grav_consc,7294,99.81
dengue_2019,fato,dengue,2019.0,grav_orgao,7294,99.81
dengue_2019,fato,dengue,2019.0,dt_grav,7294,99.81
dengue_2019,fato,dengue,2019.0,mani_hemor,7308,100.0
dengue_2019,fato,dengue,2019.0,epistaxe,7308,100.0
dengue_2019,fato,dengue,2019.0,gengivo,7308,100.0
dengue_2019,fato,dengue,2019.0,metro,7308,100.0
dengue_2019,fato,dengue,2019.0,petequias,7308,100.0
dengue_2019,fato,dengue,2019.0,hematura,7308,100.0
dengue_2019,fato,dengue,2019.0,sangram,7308,100.0
dengue_2019,fato,dengue,2019.0,laco_n,7308,100.0
dengue_2019,fato,dengue,2019.0,plasmatico,7308,100.0
dengue_2019,fato,dengue,2019.0,evidencia,7308,100.0
dengue_2019,fato,dengue,2019.0,plaq_menor,7308,100.0
dengue_2019,fato,dengue,2019.0,conf_fhd,7308,100.0
dengue_2019,fato,dengue,2019.0,complica,7308,100.0
dengue_2018,fato,dengue,2018.0,nu_notificacao,0,0.0
dengue_2018,fato,dengue,2018.0,tp_notificacao,0,0.0
dengue_2018,fato,dengue,2018.0,co_cid,0,0.0
dengue_2018,fato,dengue,2018.0,dt_notificacao,0,0.0
dengue_2018,fato,dengue,2018.0,ds_semana_notificacao,0,0.0
dengue_2018,fato,dengue,2018.0,notificacao_ano,0,0.0
dengue_2018,fato,dengue,2018.0,co_uf_notificacao,0,0.0
dengue_2018,fato,dengue,2018.0,co_municipio_notificacao,0,0.0
dengue_2018,fato,dengue,2018.0,id_regional,1,0.04
dengue_2018,fato,dengue,2018.0,co_unidade_notificacao,0,0.0
dengue_2018,fato,dengue,2018.0,dt_diagnostico_sintoma,0,0.0
dengue_2018,fato,dengue,2018.0,ds_semana_sintoma,0,0.0
dengue_2018,fato,dengue,2018.0,dt_nascimento,54,2.01
dengue_2018,fato,dengue,2018.0,nu_idade,0,0.0
dengue_2018,fato,dengue,2018.0,tp_sexo,1,0.04
dengue_2018,fato,dengue,2018.0,tp_gestante,2,0.07
dengue_2018,fato,dengue,2018.0,tp_raca_cor,1,0.04
dengue_2018,fato,dengue,2018.0,tp_escolaridade,259,9.64
dengue_2018,fato,dengue,2018.0,co_uf_residencia,1,0.04
dengue_2018,fato,dengue,2018.0,co_municipio_residencia,0,0.0
dengue_2018,fato,dengue,2018.0,co_regional_residencia,0,0.0
dengue_2018,fato,dengue,2018.0,co_distrito_residencia,13,0.48
dengue_2018,fato,dengue,2018.0,co_bairro_residencia,14,0.52
dengue_2018,fato,dengue,2018.0,no_bairro_residencia,8,0.3
dengue_2018,fato,dengue,2018.0,co_logradouro_residencia,2687,100.0
dengue_2018,fato,dengue,2018.0,nome_logradouro_residencia,43,1.6
dengue_2018,fato,dengue,2018.0,nu_cep_residencia,1697,63.16
dengue_2018,fato,dengue,2018.0,tp_zona_residencia,2687,100.0
dengue_2018,fato,dengue,2018.0,co_pais_residencia,0,0.0
dengue_2018,fato,dengue,2018.0,dt_investigacao,4,0.15
dengue_2018,fato,dengue,2018.0,co_cbo_ocupacao,2555,95.09
dengue_2018,fato,dengue,2018.0,febre,4,0.15
dengue_2018,fato,dengue,2018.0,mialgia,4,0.15
dengue_2018,fato,dengue,2018.0,cefaleia,4,0.15
dengue_2018,fato,dengue,2018.0,exantema,4,0.15
dengue_2018,fato,dengue,2018.0,vomito,4,0.15
dengue_2018,fato,dengue,2018.0,nausea,4,0.15
dengue_2018,fato,dengue,2018.0,dor_costas,4,0.15
dengue_2018,fato,dengue,2018.0,conjutivite,4,0.15
dengue_2018,fato,dengue,2018.0,artrite,4,0.15
dengue_2018,fato,dengue,2018.0,artralgia,4,0.15
dengue_2018,fato,dengue,2018.0,petequia_n,4,0.15
dengue_2018,fato,dengue,2018.0,leucopenia,4,0.15
dengue_2018,fato,dengue,2018.0,laco,4,0.15
dengue_2018,fato,dengue,2018.0,dor_retro,4,0.15
dengue_2018,fato,dengue,2018.0,diabetes,4,0.15
dengue_2018,fato,dengue,2018.0,hematolog,4,0.15
dengue_2018,fato,dengue,2018.0,hepatopat,4,0.15
dengue_2018,fato,dengue,2018.0,renal,4,0.15
dengue_2018,fato,dengue,2018.0,hipertensao,4,0.15
dengue_2018,fato,dengue,2018.0,acido_pept,4,0.15
dengue_2018,fato,dengue,2018.0,auto_imune,4,0.15
dengue_2018,fato,dengue,2018.0,dt_chil_s1,2655,98.81
dengue_2018,fato,dengue,2018.0,dt_chil_s2,2687,100.0
dengue_2018,fato,dengue,2018.0,dt_prnt,2682,99.81
dengue_2018,fato,dengue,2018.0,res_chiks1,2570,95.65
dengue_2018,fato,dengue,2018.0,res_chiks2,2599,96.72
dengue_2018,fato,dengue,2018.0,resul_prnt,2595,96.58
dengue_2018,fato,dengue,2018.0,dt_coleta_exame,2376,88.43
dengue_2018,fato,dengue,2018.0,tp_result_exame,1601,59.58
dengue_2018,fato,dengue,2018.0,dt_coleta_NS1,2664,99.14
dengue_2018,fato,dengue,2018.0,Tp_result_NS1,1843,68.59
dengue_2018,fato,dengue,2018.0,dt_coleta_isolamento,2682,99.81
dengue_2018,fato,dengue,2018.0,tp_result_isolamento,1756,65.35
dengue_2018,fato,dengue,2018.0,dt_coleta_rtpcr,2673,99.48
dengue_2018,fato,dengue,2018.0,tp_result_rtpcr,1776,66.1
dengue_2018,fato,dengue,2018.0,tp_sorotipo,2683,99.85
dengue_2018,fato,dengue,2018.0,tp_result_histopatologia,2030,75.55
dengue_2018,fato,dengue,2018.0,tp_result_imunohistoquimica,2020,75.18
dengue_2018,fato,dengue,2018.0,st_ocorreu_hospitalizacao,1034,38.48
dengue_2018,fato,dengue,2018.0,dt_internacao,2497,92.93
dengue_2018,fato,dengue,2018.0,co_uf_hospital,2494,92.82
dengue_2018,fato,dengue,2018.0,co_municipio_hospital,2498,92.97
dengue_2018,fato,dengue,2018.0,hospital,2509,93.38
dengue_2018,fato,dengue,2018.0,ddd_hospital,2611,97.17
dengue_2018,fato,dengue,2018.0,tel_hospital,2611,97.17
dengue_2018,fato,dengue,2018.0,tp_autoctone_residencia,2174,80.91
dengue_2018,fato,dengue,2018.0,co_uf_infeccao,2304,85.75
dengue_2018,fato,dengue,2018.0,co_pais_infeccao,2303,85.71
dengue_2018,fato,dengue,2018.0,co_municipio_infeccao,2312,86.04
dengue_2018,fato,dengue,2018.0,co_distrito_infeccao,2417,89.95
dengue_2018,fato,dengue,2018.0,co_bairro_infeccao,2473,92.04
dengue_2018,fato,dengue,2018.0,no_bairro_infeccao,2473,92.04
dengue_2018,fato,dengue,2018.0,tp_classificacao_final,0,0.0
dengue_2018,fato,dengue,2018.0,tp_criterio_confirmacao,12,0.45
dengue_2018,fato,dengue,2018.0,st_doenca_trabalho,2687,100.0
dengue_2018,fato,dengue,2018.0,clinc_chik,2607,97.02
dengue_2018,fato,dengue,2018.0,tp_evolucao_caso,26,0.97
dengue_2018,fato,dengue,2018.0,dt_obito,2677,99.63
dengue_2018,fato,dengue,2018.0,dt_encerramento,0,0.0
dengue_2018,fato,dengue,2018.0,alrm_hipot,2660,99.0
dengue_2018,fato,dengue,2018.0,alrm_plaq,2660,99.0
dengue_2018,fato,dengue,2018.0,alrm_vom,2660,99.0
dengue_2018,fato,dengue,2018.0,alrm_sang,2659,98.96
dengue_2018,fato,dengue,2018.0,alrm_hemat,2660,99.0
dengue_2018,fato,dengue,2018.0,alrm_abdom,2660,99.0
dengue_2018,fato,dengue,2018.0,alrm_letar,2660,99.0
dengue_2018,fato,dengue,2018.0,alrm_hepat,2660,99.0
dengue_2018,fato,dengue,2018.0,alrm_liq,2660,99.0
dengue_2018,fato,dengue,2018.0,dt_alrm,2660,99.0
dengue_2018,fato,dengue,2018.0,epistaxe,2687,100.0
dengue_2018,fato,dengue,2018.0,gengivo,2687,100.0
dengue_2018,fato,dengue,2018.0,metro,2687,100.0
dengue_2018,fato,dengue,2018.0,petequias,2687,100.0
dengue_2018,fato,dengue,2018.0,hematura,2687,100.0
dengue_2018,fato,dengue,2018.0,sangram,2687,100.0
dengue_2018,fato,dengue,2018.0,laco_n,2687,100.0
dengue_2018,fato,dengue,2018.0,plasmatico,2687,100.0
dengue_2018,fato,dengue,2018.0,evidencia,2687,100.0
dengue_2018,fato,dengue,2018.0,plaq_menor,2687,100.0
dengue_2018,fato,dengue,2018.0,con_fhd,2687,100.0
dengue_2017,fato,dengue,2017.0,nu_notificacao,0,0.0
dengue_2017,fato,dengue,2017.0,tp_notificacao,0,0.0
dengue_2017,fato,dengue,2017.0,co_cid,0,0.0
dengue_2017,fato,dengue,2017.0,dt_notificacao,0,0.0
dengue_2017,fato,dengue,2017.0,ds_semana_notificacao,0,0.0
dengue_2017,fato,dengue,2017.0,notificacao_ano,0,0.0
dengue_2017,fato,dengue,2017.0,co_uf_notificacao,0,0.0
dengue_2017,fato,dengue,2017.0,co_municipio_notificacao,0,0.0
dengue_2017,fato,dengue,2017.0,id_regional,0,0.0
dengue_2017,fato,dengue,2017.0,co_unidade_notificacao,0,0.0
dengue_2017,fato,dengue,2017.0,dt_diagnostico_sintoma,0,0.0
dengue_2017,fato,dengue,2017.0,ds_semana_sintoma,0,0.0
dengue_2017,fato,dengue,2017.0,dt_nascimento,24,0.98
dengue_2017,fato,dengue,2017.0,nu_idade,0,0.0
dengue_2017,fato,dengue,2017.0,tp_sexo,0,0.0
dengue_2017,fato,dengue,2017.0,tp_gestante,1,0.04
dengue_2017,fato,dengue,2017.0,tp_raca_cor,0,0.0
dengue_2017,fato,dengue,2017.0,tp_escolaridade,160,6.52
dengue_2017,fato,dengue,2017.0,co_uf_residencia,0,0.0
dengue_2017,fato,dengue,2017.0,co_municipio_residencia,0,0.0
dengue_2017,fato,dengue,2017.0,co_regional_residencia,0,0.0
dengue_2017,fato,dengue,2017.0,co_distrito_residencia,1,0.04
dengue_2017,fato,dengue,2017.0,co_bairro_residencia,1,0.04
dengue_2017,fato,dengue,2017.0,no_bairro_residencia,1,0.04
dengue_2017,fato,dengue,2017.0,co_logradouro_residencia,2454,100.0
dengue_2017,fato,dengue,2017.0,nome_logradouro_residencia,27,1.1
dengue_2017,fato,dengue,2017.0,nu_cep_residencia,1495,60.92
dengue_2017,fato,dengue,2017.0,tp_zona_residencia,143,5.83
dengue_2017,fato,dengue,2017.0,co_pais_residencia,0,0.0
dengue_2017,fato,dengue,2017.0,dt_investigacao,0,0.0
dengue_2017,fato,dengue,2017.0,co_cbo_ocupacao,2393,97.51
dengue_2017,fato,dengue,2017.0,febre,0,0.0
dengue_2017,fato,dengue,2017.0,mialgia,0,0.0
dengue_2017,fato,dengue,2017.0,cefaleia,0,0.0
dengue_2017,fato,dengue,2017.0,exantema,0,0.0
dengue_2017,fato,dengue,2017.0,vomito,0,0.0
dengue_2017,fato,dengue,2017.0,nausea,0,0.0
dengue_2017,fato,dengue,2017.0,dor_costas,0,0.0
dengue_2017,fato,dengue,2017.0,conjutivite,0,0.0
dengue_2017,fato,dengue,2017.0,artrite,0,0.0
dengue_2017,fato,dengue,2017.0,artralgia,0,0.0
dengue_2017,fato,dengue,2017.0,petequia_n,0,0.0
dengue_2017,fato,dengue,2017.0,leucopenia,0,0.0
dengue_2017,fato,dengue,2017.0,laco,0,0.0
dengue_2017,fato,dengue,2017.0,dor_retro,0,0.0
dengue_2017,fato,dengue,2017.0,diabetes,0,0.0
dengue_2017,fato,dengue,2017.0,hematolog,0,0.0
dengue_2017,fato,dengue,2017.0,hepatopat,0,0.0
dengue_2017,fato,dengue,2017.0,renal,0,0.0
dengue_2017,fato,dengue,2017.0,hipertensao,0,0.0
dengue_2017,fato,dengue,2017.0,acido_pept,0,0.0
dengue_2017,fato,dengue,2017.0,auto_imune,0,0.0
dengue_2017,fato,dengue,2017.0,dt_chil_s1,2434,99.19
dengue_2017,fato,dengue,2017.0,dt_chil_s2,2454,100.0
dengue_2017,fato,dengue,2017.0,dt_prnt,2449,99.8
dengue_2017,fato,dengue,2017.0,res_chiks1,2377,96.86
dengue_2017,fato,dengue,2017.0,res_chiks2,2399,97.76
dengue_2017,fato,dengue,2017.0,resul_prnt,2399,97.76
dengue_2017,fato,dengue,2017.0,dt_coleta_exame,2324,94.7
dengue_2017,fato,dengue,2017.0,tp_result_exame,1947,79.34
dengue_2017,fato,dengue,2017.0,dt_coleta_NS1,2451,99.88
dengue_2017,fato,dengue,2017.0,Tp_result_NS1,2040,83.13
dengue_2017,fato,dengue,2017.0,dt_coleta_isolamento,2450,99.84
dengue_2017,fato,dengue,2017.0,tp_result_isolamento,1957,79.75
dengue_2017,fato,dengue,2017.0,dt_coleta_rtpcr,2435,99.23
dengue_2017,fato,dengue,2017.0,tp_result_rtpcr,1952,79.54
dengue_2017,fato,dengue,2017.0,tp_sorotipo,2453,99.96
dengue_2017,fato,dengue,2017.0,tp_result_histopatologia,2087,85.04
dengue_2017,fato,dengue,2017.0,tp_result_imunohistoquimica,2078,84.68
dengue_2017,fato,dengue,2017.0,st_ocorreu_hospitalizacao,1287,52.44
dengue_2017,fato,dengue,2017.0,dt_internacao,2372,96.66
dengue_2017,fato,dengue,2017.0,co_uf_hospital,2367,96.45
dengue_2017,fato,dengue,2017.0,co_municipio_hospital,2454,100.0
dengue_2017,fato,dengue,2017.0,tp_autoctone_residencia,1935,78.85
dengue_2017,fato,dengue,2017.0,co_uf_infeccao,2130,86.8
dengue_2017,fato,dengue,2017.0,co_pais_infeccao,2130,86.8
dengue_2017,fato,dengue,2017.0,co_municipio_infeccao,2139,87.16
dengue_2017,fato,dengue,2017.0,co_distrito_infeccao,2175,88.63
dengue_2017,fato,dengue,2017.0,co_bairro_infeccao,2188,89.16
dengue_2017,fato,dengue,2017.0,no_bairro_infeccao,2188,89.16
dengue_2017,fato,dengue,2017.0,tp_classificacao_final,0,0.0
dengue_2017,fato,dengue,2017.0,tp_criterio_confirmacao,4,0.16
dengue_2017,fato,dengue,2017.0,st_doenca_trabalho,2454,100.0
dengue_2017,fato,dengue,2017.0,clinc_chik,2283,93.03
dengue_2017,fato,dengue,2017.0,tp_evolucao_caso,8,0.33
dengue_2017,fato,dengue,2017.0,dt_obito,2441,99.47
dengue_2017,fato,dengue,2017.0,dt_encerramento,0,0.0
dengue_2017,fato,dengue,2017.0,alrm_hipot,2451,99.88
dengue_2017,fato,dengue,2017.0,alrm_plaq,2451,99.88
dengue_2017,fato,dengue,2017.0,alrm_vom,2451,99.88
dengue_2017,fato,dengue,2017.0,alrm_sang,2451,99.88
dengue_2017,fato,dengue,2017.0,alrm_hemat,2451,99.88
dengue_2017,fato,dengue,2017.0,alrm_abdom,2451,99.88
dengue_2017,fato,dengue,2017.0,alrm_letar,2451,99.88
dengue_2017,fato,dengue,2017.0,alrm_hepat,2451,99.88
dengue_2017,fato,dengue,2017.0,alrm_liq,2451,99.88
dengue_2017,fato,dengue,2017.0,dt_alrm,2451,99.88
dengue_2017,fato,dengue,2017.0,epistaxe,2454,100.0
dengue_2017,fato,dengue,2017.0,gengivo,2454,100.0
dengue_2017,fato,dengue,2017.0,metro,2454,100.0
dengue_2017,fato,dengue,2017.0,petequias,2454,100.0
dengue_2017,fato,dengue,2017.0,hematura,2454,100.0
dengue_2017,fato,dengue,2017.0,sangram,2454,100.0
dengue_2017,fato,dengue,2017.0,laco_n,2454,100.0
dengue_2017,fato,dengue,2017.0,plasmatico,2454,100.0
dengue_2017,fato,dengue,2017.0,evidencia,2454,100.0
dengue_2017,fato,dengue,2017.0,plaq_menor,2454,100.0
dengue_2016,fato,dengue,2016.0,nu_notificacao,0,0.0
dengue_2016,fato,dengue,2016.0,tp_notificacao,0,0.0
dengue_2016,fato,dengue,2016.0,co_cid,0,0.0
dengue_2016,fato,dengue,2016.0,dt_notificacao,0,0.0
dengue_2016,fato,dengue,2016.0,ds_semana_notificacao,0,0.0
dengue_2016,fato,dengue,2016.0,notificacao_ano,0,0.0
dengue_2016,fato,dengue,2016.0,co_uf_notificacao,0,0.0
dengue_2016,fato,dengue,2016.0,co_municipio_notificacao,0,0.0
dengue_2016,fato,dengue,2016.0,id_regional,1,0.01
dengue_2016,fato,dengue,2016.0,co_unidade_notificacao,0,0.0
dengue_2016,fato,dengue,2016.0,dt_diagnostico_sintoma,0,0.0
dengue_2016,fato,dengue,2016.0,ds_semana_sintoma,0,0.0
dengue_2016,fato,dengue,2016.0,dt_nascimento,649,3.49
dengue_2016,fato,dengue,2016.0,nu_idade,0,0.0
dengue_2016,fato,dengue,2016.0,tp_sexo,1,0.01
dengue_2016,fato,dengue,2016.0,tp_gestante,3,0.02
dengue_2016,fato,dengue,2016.0,tp_raca_cor,1499,8.05
dengue_2016,fato,dengue,2016.0,tp_escolaridade,5405,29.04
dengue_2016,fato,dengue,2016.0,co_uf_residencia,1,0.01
dengue_2016,fato,dengue,2016.0,co_municipio_residencia,0,0.0
dengue_2016,fato,dengue,2016.0,co_regional_residencia,0,0.0
dengue_2016,fato,dengue,2016.0,co_distrito_residencia,3500,18.81
dengue_2016,fato,dengue,2016.0,co_bairro_residencia,868,4.66
dengue_2016,fato,dengue,2016.0,no_bairro_residencia,338,1.82
dengue_2016,fato,dengue,2016.0,co_logradouro_residencia,18612,100.0
dengue_2016,fato,dengue,2016.0,nome_logradouro_residencia,404,2.17
dengue_2016,fato,dengue,2016.0,nu_cep_residencia,14545,78.15
dengue_2016,fato,dengue,2016.0,tp_zona_residencia,2663,14.31
dengue_2016,fato,dengue,2016.0,co_pais_residencia,0,0.0
dengue_2016,fato,dengue,2016.0,dt_investigacao,663,3.56
dengue_2016,fato,dengue,2016.0,co_cbo_ocupacao,18244,98.02
dengue_2016,fato,dengue,2016.0,febre,5984,32.15
dengue_2016,fato,dengue,2016.0,mialgia,5984,32.15
dengue_2016,fato,dengue,2016.0,cefaleia,5984,32.15
dengue_2016,fato,dengue,2016.0,exantema,5984,32.15
dengue_2016,fato,dengue,2016.0,vomito,5984,32.15
dengue_2016,fato,dengue,2016.0,nausea,5984,32.15
dengue_2016,fato,dengue,2016.0,dor_costas,5984,32.15
dengue_2016,fato,dengue,2016.0,conjutivite,5984,32.15
dengue_2016,fato,dengue,2016.0,artrite,5984,32.15
dengue_2016,fato,dengue,2016.0,artralgia,5984,32.15
dengue_2016,fato,dengue,2016.0,petequia_n,5984,32.15
dengue_2016,fato,dengue,2016.0,leucopenia,5984,32.15
dengue_2016,fato,dengue,2016.0,laco,5984,32.15
dengue_2016,fato,dengue,2016.0,dor_retro,5984,32.15
dengue_2016,fato,dengue,2016.0,diabetes,5984,32.15
dengue_2016,fato,dengue,2016.0,hematolog,5984,32.15
dengue_2016,fato,dengue,2016.0,hepatopat,5984,32.15
dengue_2016,fato,dengue,2016.0,renal,5984,32.15
dengue_2016,fato,dengue,2016.0,hipertensao,5984,32.15
dengue_2016,fato,dengue,2016.0,acido_pept,5984,32.15
dengue_2016,fato,dengue,2016.0,auto_imune,5984,32.15
dengue_2016,fato,dengue,2016.0,dt_chil_s1,18580,99.83
dengue_2016,fato,dengue,2016.0,dt_chil_s2,18612,100.0
dengue_2016,fato,dengue,2016.0,dt_prnt,18610,99.99
dengue_2016,fato,dengue,2016.0,res_chiks1,18480,99.29
dengue_2016,fato,dengue,2016.0,res_chiks2,18529,99.55
dengue_2016,fato,dengue,2016.0,resul_prnt,18529,99.55
dengue_2016,fato,dengue,2016.0,dt_coleta_exame,17929,96.33
dengue_2016,fato,dengue,2016.0,tp_result_exame,12985,69.77
dengue_2016,fato,dengue,2016.0,dt_coleta_NS1,18596,99.91
dengue_2016,fato,dengue,2016.0,Tp_result_NS1,14121,75.87
dengue_2016,fato,dengue,2016.0,dt_coleta_isolamento,18573,99.79
dengue_2016,fato,dengue,2016.0,tp_result_isolamento,13828,74.3
dengue_2016,fato,dengue,2016.0,dt_coleta_rtpcr,18562,99.73
dengue_2016,fato,dengue,2016.0,tp_result_rtpcr,13874,74.54
dengue_2016,fato,dengue,2016.0,tp_sorotipo,18609,99.98
dengue_2016,fato,dengue,2016.0,tp_result_histopatologia,14666,78.8
dengue_2016,fato,dengue,2016.0,tp_result_imunohistoquimica,14629,78.6
dengue_2016,fato,dengue,2016.0,st_ocorreu_hospitalizacao,10899,58.56
dengue_2016,fato,dengue,2016.0,dt_internacao,18323,98.45
dengue_2016,fato,dengue,2016.0,co_uf_hospital,18291,98.28
dengue_2016,fato,dengue,2016.0,co_municipio_hospital,18305,98.35
dengue_2016,fato,dengue,2016.0,tp_autoctone_residencia,12981,69.75
dengue_2016,fato,dengue,2016.0,co_uf_infeccao,13820,74.25
dengue_2016,fato,dengue,2016.0,co_pais_infeccao,13822,74.26
dengue_2016,fato,dengue,2016.0,co_municipio_infeccao,13846,74.39
dengue_2016,fato,dengue,2016.0,co_distrito_infeccao,15443,82.97
dengue_2016,fato,dengue,2016.0,co_bairro_infeccao,15495,83.25
dengue_2016,fato,dengue,2016.0,no_bairro_infeccao,15481,83.18
dengue_2016,fato,dengue,2016.0,tp_classificacao_final,23,0.12
dengue_2016,fato,dengue,2016.0,tp_criterio_confirmacao,1489,8.0
dengue_2016,fato,dengue,2016.0,st_doenca_trabalho,15811,84.95
dengue_2016,fato,dengue,2016.0,clinc_chik,18432,99.03
dengue_2016,fato,dengue,2016.0,tp_evolucao_caso,2599,13.96
dengue_2016,fato,dengue,2016.0,dt_obito,18500,99.4
dengue_2016,fato,dengue,2016.0,dt_encerramento,391,2.1
dengue_2016,fato,dengue,2016.0,alrm_hipot,18587,99.87
dengue_2016,fato,dengue,2016.0,alrm_plaq,18587,99.87
dengue_2016,fato,dengue,2016.0,alrm_vom,18588,99.87
dengue_2016,fato,dengue,2016.0,alrm_sang,18587,99.87
dengue_2016,fato,dengue,2016.0,alrm_hemat,18587,99.87
dengue_2016,fato,dengue,2016.0,alrm_abdom,18587,99.87
dengue_2016,fato,dengue,2016.0,alrm_letar,18587,99.87
dengue_2016,fato,dengue,2016.0,alrm_hepat,18587,99.87
dengue_2016,fato,dengue,2016.0,alrm_liq,18587,99.87
dengue_2016,fato,dengue,2016.0,dt_alrm,18588,99.87
dengue_2016,fato,dengue,2016.0,grav_pulso,18611,99.99
dengue_2016,fato,dengue,2016.0,grav_conv,18611,99.99
dengue_2016,fato,dengue,2016.0,grav_ench,18611,99.99
dengue_2016,fato,dengue,2016.0,grav_insuf,18611,99.99
dengue_2016,fato,dengue,2016.0,grav_taqui,18611,99.99
dengue_2016,fato,dengue,2016.0,grav_extre,18611,99.99
dengue_2016,fato,dengue,2016.0,grav_hipot,18611,99.99
dengue_2016,fato,dengue,2016.0,grav_hemat,18611,99.99
dengue_2016,fato,dengue,2016.0,grav_melen,18611,99.99
dengue_2016,fato,dengue,2016.0,grav_metro,18611,99.99
dengue_2016,fato,dengue,2016.0,grav_sang,18611,99.99
dengue_2016,fato,dengue,2016.0,grav_ast,18611,99.99
dengue_2016,fato,dengue,2016.0,grav_mioc,18611,99.99
dengue_2016,fato,dengue,2016.0,grav_consc,18611,99.99
dengue_2016,fato,dengue,2016.0,grav_orgao,18611,99.99
dengue_2016,fato,dengue,2016.0,dt_grav,18611,99.99
dengue_2016,fato,dengue,2016.0,mani_hemor,18610,99.99
dengue_2016,fato,dengue,2016.0,epistaxe,18612,100.0
dengue_2016,fato,dengue,2016.0,gengivo,18612,100.0
dengue_2016,fato,dengue,2016.0,metro,18612,100.0
dengue_2016,fato,dengue,2016.0,petequias,18612,100.0
dengue_2016,fato,dengue,2016.0,hematura,18612,100.0
dengue_2016,fato,dengue,2016.0,sangram,18612,100.0
dengue_2016,fato,dengue,2016.0,laco_n,18612,100.0
dengue_2016,fato,dengue,2016.0,plasmatico,18612,100.0
dengue_2016,fato,dengue,2016.0,evidencia,18612,100.0
dengue_2016,fato,dengue,2016.0,plaq_menor,18610,99.99
dengue_2016,fato,dengue,2016.0,con_fhd,18612,100.0
dengue_2016,fato,dengue,2016.0,complica,18610,99.99
dengue_2015,fato,dengue,2015.0,nu_notificacao,0,0.0
dengue_2015,fato,dengue,2015.0,tp_notificacao,46,0.13
dengue_2015,fato,dengue,2015.0,co_cid,46,0.13
dengue_2015,fato,dengue,2015.0,dt_notificacao,46,0.13
dengue_2015,fato,dengue,2015.0,ds_semana_notificacao,46,0.13
dengue_2015,fato,dengue,2015.0,notificacao_ano,46,0.13
dengue_2015,fato,dengue,2015.0,co_uf_notificacao,46,0.13
dengue_2015,fato,dengue,2015.0,co_municipio_notificacao,46,0.13
dengue_2015,fato,dengue,2015.0,id_regional,47,0.14
dengue_2015,fato,dengue,2015.0,co_unidade_notificacao,46,0.13
dengue_2015,fato,dengue,2015.0,dt_diagnostico_sintoma,46,0.13
dengue_2015,fato,dengue,2015.0,ds_semana_sintoma,46,0.13
dengue_2015,fato,dengue,2015.0,dt_nascimento,572,1.66
dengue_2015,fato,dengue,2015.0,nu_idade,46,0.13
dengue_2015,fato,dengue,2015.0,tp_sexo,49,0.14
dengue_2015,fato,dengue,2015.0,tp_gestante,47,0.14
dengue_2015,fato,dengue,2015.0,tp_raca_cor,8351,24.17
dengue_2015,fato,dengue,2015.0,tp_escolaridade,11572,33.49
dengue_2015,fato,dengue,2015.0,co_uf_residencia,49,0.14
dengue_2015,fato,dengue,2015.0,co_municipio_residencia,46,0.13
dengue_2015,fato,dengue,2015.0,co_regional_residencia,46,0.13
dengue_2015,fato,dengue,2015.0,co_distrito_residencia,4327,12.52
dengue_2015,fato,dengue,2015.0,co_bairro_residencia,724,2.1
dengue_2015,fato,dengue,2015.0,no_bairro_residencia,275,0.8
dengue_2015,fato,dengue,2015.0,co_logradouro_residencia,34556,100.0
dengue_2015,fato,dengue,2015.0,nome_logradouro_residencia,749,2.17
dengue_2015,fato,dengue,2015.0,nu_cep_residencia,27837,80.56
dengue_2015,fato,dengue,2015.0,tp_zona_residencia,3130,9.06
dengue_2015,fato,dengue,2015.0,co_pais_residencia,46,0.13
dengue_2015,fato,dengue,2015.0,dt_investigacao,1295,3.75
dengue_2015,fato,dengue,2015.0,co_cbo_ocupacao,33644,97.36
dengue_2015,fato,dengue,2015.0,febre,32410,93.79
dengue_2015,fato,dengue,2015.0,mialgia,32410,93.79
dengue_2015,fato,dengue,2015.0,cefaleia,32410,93.79
dengue_2015,fato,dengue,2015.0,exantema,32410,93.79
dengue_2015,fato,dengue,2015.0,vomito,32410,93.79
dengue_2015,fato,dengue,2015.0,nausea,32410,93.79
dengue_2015,fato,dengue,2015.0,dor_costas,32410,93.79
dengue_2015,fato,dengue,2015.0,conjutivite,32410,93.79
dengue_2015,fato,dengue,2015.0,artrite,32410,93.79
dengue_2015,fato,dengue,2015.0,artralgia,32410,93.79
dengue_2015,fato,dengue,2015.0,petequia_n,32410,93.79
dengue_2015,fato,dengue,2015.0,leucopenia,32410,93.79
dengue_2015,fato,dengue,2015.0,laco,32410,93.79
dengue_2015,fato,dengue,2015.0,dor_retro,32410,93.79
dengue_2015,fato,dengue,2015.0,diabetes,32410,93.79
dengue_2015,fato,dengue,2015.0,hematolog,32410,93.79
dengue_2015,fato,dengue,2015.0,hepatopat,32410,93.79
dengue_2015,fato,dengue,2015.0,renal,32410,93.79
dengue_2015,fato,dengue,2015.0,hipertensao,32410,93.79
dengue_2015,fato,dengue,2015.0,acido_pept,32410,93.79
dengue_2015,fato,dengue,2015.0,auto_imune,32410,93.79
dengue_2015,fato,dengue,2015.0,dt_chil_s1,34551,99.99
dengue_2015,fato,dengue,2015.0,dt_chil_s2,34556,100.0
dengue_2015,fato,dengue,2015.0,dt_prnt,34556,100.0
dengue_2015,fato,dengue,2015.0,res_chiks1,34546,99.97
dengue_2015,fato,dengue,2015.0,res_chiks2,34553,99.99
dengue_2015,fato,dengue,2015.0,resul_prnt,34553,99.99
dengue_2015,fato,dengue,2015.0,dt_coleta_exame,32020,92.66
dengue_2015,fato,dengue,2015.0,tp_result_exame,13495,39.05
dengue_2015,fato,dengue,2015.0,dt_coleta_NS1,34453,99.7
dengue_2015,fato,dengue,2015.0,Tp_result_NS1,18392,53.22
dengue_2015,fato,dengue,2015.0,dt_coleta_isolamento,34385,99.51
dengue_2015,fato,dengue,2015.0,tp_result_isolamento,18215,52.71
dengue_2015,fato,dengue,2015.0,dt_coleta_rtpcr,34475,99.77
dengue_2015,fato,dengue,2015.0,tp_result_rtpcr,19414,56.18
dengue_2015,fato,dengue,2015.0,tp_sorotipo,34546,99.97
dengue_2015,fato,dengue,2015.0,tp_result_histopatologia,21767,62.99
dengue_2015,fato,dengue,2015.0,tp_result_imunohistoquimica,21817,63.14
dengue_2015,fato,dengue,2015.0,st_ocorreu_hospitalizacao,20627,59.69
dengue_2015,fato,dengue,2015.0,dt_internacao,33993,98.37
dengue_2015,fato,dengue,2015.0,co_uf_hospital,33974,98.32
dengue_2015,fato,dengue,2015.0,co_municipio_hospital,34014,98.43
dengue_2015,fato,dengue,2015.0,tp_autoctone_residencia,24051,69.6
dengue_2015,fato,dengue,2015.0,co_uf_infeccao,26964,78.03
dengue_2015,fato,dengue,2015.0,co_pais_infeccao,26967,78.04
dengue_2015,fato,dengue,2015.0,co_municipio_infeccao,27141,78.54
dengue_2015,fato,dengue,2015.0,co_distrito_infeccao,31238,90.4
dengue_2015,fato,dengue,2015.0,co_bairro_infeccao,31239,90.4
dengue_2015,fato,dengue,2015.0,no_bairro_infeccao,31186,90.25
dengue_2015,fato,dengue,2015.0,tp_classificacao_final,54,0.16
dengue_2015,fato,dengue,2015.0,tp_criterio_confirmacao,3046,8.81
dengue_2015,fato,dengue,2015.0,st_doenca_trabalho,21261,61.53
dengue_2015,fato,dengue,2015.0,clinc_chik,34552,99.99
dengue_2015,fato,dengue,2015.0,tp_evolucao_caso,4228,12.24
dengue_2015,fato,dengue,2015.0,dt_obito,34524,99.91
dengue_2015,fato,dengue,2015.0,dt_encerramento,264,0.76
dengue_2015,fato,dengue,2015.0,alrm_hipot,34551,99.99
dengue_2015,fato,dengue,2015.0,alrm_plaq,34551,99.99
dengue_2015,fato,dengue,2015.0,alrm_vom,34551,99.99
dengue_2015,fato,dengue,2015.0,alrm_sang,34551,99.99
dengue_2015,fato,dengue,2015.0,alrm_hemat,34551,99.99
dengue_2015,fato,dengue,2015.0,alrm_abdom,34551,99.99
dengue_2015,fato,dengue,2015.0,alrm_letar,34551,99.99
dengue_2015,fato,dengue,2015.0,alrm_hepat,34551,99.99
dengue_2015,fato,dengue,2015.0,alrm_liq,34551,99.99
dengue_2015,fato,dengue,2015.0,dt_alrm,34552,99.99
dengue_2015,fato,dengue,2015.0,grav_pulso,34554,99.99
dengue_2015,fato,dengue,2015.0,grav_conv,34554,99.99
dengue_2015,fato,dengue,2015.0,grav_ench,34554,99.99
dengue_2015,fato,dengue,2015.0,grav_insuf,34554,99.99
dengue_2015,fato,dengue,2015.0,grav_taqui,34554,99.99
dengue_2015,fato,dengue,2015.0,grav_extre,34554,99.99
dengue_2015,fato,dengue,2015.0,grav_hipot,34554,99.99
dengue_2015,fato,dengue,2015.0,grav_hemat,34554,99.99
dengue_2015,fato,dengue,2015.0,grav_melen,34554,99.99
dengue_2015,fato,dengue,2015.0,grav_metro,34554,99.99
dengue_2015,fato,dengue,2015.0,grav_sang,34554,99.99
dengue_2015,fato,dengue,2015.0,grav_ast,34554,99.99
dengue_2015,fato,dengue,2015.0,grav_mioc,34554,99.99
dengue_2015,fato,dengue,2015.0,grav_consc,34554,99.99
dengue_2015,fato,dengue,2015.0,grav_orgao,34554,99.99
dengue_2015,fato,dengue,2015.0,dt_grav,34555,100.0
dengue_2015,fato,dengue,2015.0,mani_hemor,34545,99.97
dengue_2015,fato,dengue,2015.0,epistaxe,34547,99.97
dengue_2015,fato,dengue,2015.0,gengivo,34547,99.97
dengue_2015,fato,dengue,2015.0,metro,34547,99.97
dengue_2015,fato,dengue,2015.0,petequias,34547,99.97
dengue_2015,fato,dengue,2015.0,hematura,34547,99.97
dengue_2015,fato,dengue,2015.0,sangram,34547,99.97
dengue_2015,fato,dengue,2015.0,laco_n,34547,99.97
dengue_2015,fato,dengue,2015.0,plasmatico,34545,99.97
dengue_2015,fato,dengue,2015.0,evidencia,34555,100.0
dengue_2015,fato,dengue,2015.0,plaq_menor,34550,99.98
dengue_2015,fato,dengue,2015.0,con_fhd,34556,100.0
dengue_2015,fato,dengue,2015.0,complica,34547,99.97
dengue_2014,fato,dengue,2014.0,nu_notificacao,0,0.0
dengue_2014,fato,dengue,2014.0,tp_notificacao,0,0.0
dengue_2014,fato,dengue,2014.0,co_cid,0,0.0
dengue_2014,fato,dengue,2014.0,dt_notificacao,0,0.0
dengue_2014,fato,dengue,2014.0,ds_semana_notificacao,0,0.0
dengue_2014,fato,dengue,2014.0,notificacao_ano,0,0.0
dengue_2014,fato,dengue,2014.0,co_uf_notificacao,0,0.0
dengue_2014,fato,dengue,2014.0,co_municipio_notificacao,0,0.0
dengue_2014,fato,dengue,2014.0,id_regional,1,0.08
dengue_2014,fato,dengue,2014.0,co_unidade_notificacao,0,0.0
dengue_2014,fato,dengue,2014.0,dt_diagnostico_sintoma,0,0.0
dengue_2014,fato,dengue,2014.0,ds_semana_sintoma,0,0.0
dengue_2014,fato,dengue,2014.0,dt_nascimento,75,6.29
dengue_2014,fato,dengue,2014.0,nu_idade,0,0.0
dengue_2014,fato,dengue,2014.0,tp_sexo,0,0.0
dengue_2014,fato,dengue,2014.0,tp_gestante,0,0.0
dengue_2014,fato,dengue,2014.0,tp_raca_cor,30,2.52
dengue_2014,fato,dengue,2014.0,tp_escolaridade,132,11.07
dengue_2014,fato,dengue,2014.0,co_uf_residencia,0,0.0
dengue_2014,fato,dengue,2014.0,co_municipio_residencia,0,0.0
dengue_2014,fato,dengue,2014.0,co_regional_residencia,0,0.0
dengue_2014,fato,dengue,2014.0,co_distrito_residencia,3,0.25
dengue_2014,fato,dengue,2014.0,co_bairro_residencia,0,0.0
dengue_2014,fato,dengue,2014.0,no_bairro_residencia,0,0.0
dengue_2014,fato,dengue,2014.0,co_logradouro_residencia,1192,100.0
dengue_2014,fato,dengue,2014.0,nome_logradouro_residencia,8,0.67
dengue_2014,fato,dengue,2014.0,co_geo_campo_1,1192,100.0
dengue_2014,fato,dengue,2014.0,co_geo_campo_2,1192,100.0
dengue_2014,fato,dengue,2014.0,ds_referencia_residencia,1113,93.37
dengue_2014,fato,dengue,2014.0,nu_cep_residencia,893,74.92
dengue_2014,fato,dengue,2014.0,tp_zona_residencia,32,2.68
dengue_2014,fato,dengue,2014.0,co_pais_residencia,0,0.0
dengue_2014,fato,dengue,2014.0,tp_duplicidade,1147,96.22
dengue_2014,fato,dengue,2014.0,dt_digitacao,0,0.0
dengue_2014,fato,dengue,2014.0,dt_transf_us,1192,100.0
dengue_2014,fato,dengue,2014.0,dt_transf_dm,629,52.77
dengue_2014,fato,dengue,2014.0,dt_transf_sm,0,0.0
dengue_2014,fato,dengue,2014.0,dt_transf_rm,1192,100.0
dengue_2014,fato,dengue,2014.0,dt_transf_rs,1192,100.0
dengue_2014,fato,dengue,2014.0,dt_transf_se,1192,100.0
dengue_2014,fato,dengue,2014.0,nu_lote_vertical,0,0.0
dengue_2014,fato,dengue,2014.0,nu_lote_horizontal,1192,100.0
dengue_2014,fato,dengue,2014.0,tp_fluxo_retorno,1192,100.0
dengue_2014,fato,dengue,2014.0,st_fluxo_retorno_recebido,1192,100.0
dengue_2014,fato,dengue,2014.0,ds_identificador_registro,1192,100.0
dengue_2014,fato,dengue,2014.0,st_importado,1192,100.0
dengue_2014,fato,dengue,2014.0,dt_investigacao,0,0.0
dengue_2014,fato,dengue,2014.0,co_cbo_ocupacao,1128,94.63
dengue_2014,fato,dengue,2014.0,dt_coleta_exame,943,79.11
dengue_2014,fato,dengue,2014.0,tp_result_exame,91,7.63
dengue_2014,fato,dengue,2014.0,dt_coleta_NS1,1187,99.58
dengue_2014,fato,dengue,2014.0,Tp_result_NS1,376,31.54
dengue_2014,fato,dengue,2014.0,dt_coleta_isolamento,1187,99.58
dengue_2014,fato,dengue,2014.0,tp_result_isolamento,429,35.99
dengue_2014,fato,dengue,2014.0,dt_coleta_rtpcr,1178,98.83
dengue_2014,fato,dengue,2014.0,tp_result_rtpcr,452,37.92
dengue_2014,fato,dengue,2014.0,tp_sorotipo,1189,99.75
dengue_2014,fato,dengue,2014.0,tp_result_histopatologia,475,39.85
dengue_2014,fato,dengue,2014.0,tp_result_imunohistoquimica,452,37.92
dengue_2014,fato,dengue,2014.0,tp_classificacao_final,0,0.0
dengue_2014,fato,dengue,2014.0,tp_criterio_confirmacao,0,0.0
dengue_2014,fato,dengue,2014.0,tp_autoctone_residencia,849,71.22
dengue_2014,fato,dengue,2014.0,co_uf_infeccao,1039,87.16
dengue_2014,fato,dengue,2014.0,co_pais_infeccao,1039,87.16
dengue_2014,fato,dengue,2014.0,co_municipio_infeccao,1039,87.16
dengue_2014,fato,dengue,2014.0,co_distrito_infeccao,1065,89.35
dengue_2014,fato,dengue,2014.0,co_bairro_infeccao,1067,89.51
dengue_2014,fato,dengue,2014.0,no_bairro_infeccao,1192,100.0
dengue_2014,fato,dengue,2014.0,st_doenca_trabalho,852,71.48
dengue_2014,fato,dengue,2014.0,tp_evolucao_caso,22,1.85
dengue_2014,fato,dengue,2014.0,dt_obito,1190,99.83
dengue_2014,fato,dengue,2014.0,dt_encerramento,0,0.0
dengue_2014,fato,dengue,2014.0,st_ocorreu_hospitalizacao,232,19.46
dengue_2014,fato,dengue,2014.0,dt_internacao,1172,98.32
dengue_2014,fato,dengue,2014.0,co_uf_hospital,1172,98.32
dengue_2014,fato,dengue,2014.0,co_municipio_hospital,1172,98.32
dengue_2014,fato,dengue,2014.0,co_unidade_hospital,1174,98.49
dengue_2014,fato,dengue,2014.0,nu_ddd_hospital,1192,100.0
dengue_2014,fato,dengue,2014.0,nu_telefone_hospital,1,0.08
dengue_2013,fato,dengue,2013.0,nu_notificacao,0,0.0
dengue_2013,fato,dengue,2013.0,tp_notificacao,0,0.0
dengue_2013,fato,dengue,2013.0,co_cid,0,0.0
dengue_2013,fato,dengue,2013.0,dt_notificacao,0,0.0
dengue_2013,fato,dengue,2013.0,ds_semana_notificacao,0,0.0
dengue_2013,fato,dengue,2013.0,notificacao_ano,0,0.0
dengue_2013,fato,dengue,2013.0,co_uf_notificacao,0,0.0
dengue_2013,fato,dengue,2013.0,co_municipio_notificacao,0,0.0
dengue_2013,fato,dengue,2013.0,id_regional,4,0.12
dengue_2013,fato,dengue,2013.0,co_unidade_notificacao,0,0.0
dengue_2013,fato,dengue,2013.0,dt_diagnostico_sintoma,0,0.0
dengue_2013,fato,dengue,2013.0,ds_semana_sintoma,0,0.0
dengue_2013,fato,dengue,2013.0,dt_nascimento,312,9.66
dengue_2013,fato,dengue,2013.0,nu_idade,0,0.0
dengue_2013,fato,dengue,2013.0,tp_sexo,0,0.0
dengue_2013,fato,dengue,2013.0,tp_gestante,0,0.0
dengue_2013,fato,dengue,2013.0,tp_raca_cor,155,4.8
dengue_2013,fato,dengue,2013.0,tp_escolaridade,323,10.0
dengue_2013,fato,dengue,2013.0,co_uf_residencia,0,0.0
dengue_2013,fato,dengue,2013.0,co_municipio_residencia,0,0.0
dengue_2013,fato,dengue,2013.0,co_regional_residencia,0,0.0
dengue_2013,fato,dengue,2013.0,co_distrito_residencia,0,0.0
dengue_2013,fato,dengue,2013.0,co_bairro_residencia,0,0.0
dengue_2013,fato,dengue,2013.0,no_bairro_residencia,0,0.0
dengue_2013,fato,dengue,2013.0,co_logradouro_residencia,3229,100.0
dengue_2013,fato,dengue,2013.0,nome_logradouro_residencia,13,0.4
dengue_2013,fato,dengue,2013.0,co_geo_campo_1,3229,100.0
dengue_2013,fato,dengue,2013.0,co_geo_campo_2,3229,100.0
dengue_2013,fato,dengue,2013.0,ds_referencia_residencia,2926,90.62
dengue_2013,fato,dengue,2013.0,nu_cep_residencia,2438,75.5
dengue_2013,fato,dengue,2013.0,tp_zona_residencia,49,1.52
dengue_2013,fato,dengue,2013.0,co_pais_residencia,0,0.0
dengue_2013,fato,dengue,2013.0,tp_duplicidade,3126,96.81
dengue_2013,fato,dengue,2013.0,dt_digitacao,0,0.0
dengue_2013,fato,dengue,2013.0,dt_transf_us,3229,100.0
dengue_2013,fato,dengue,2013.0,dt_transf_dm,1655,51.25
dengue_2013,fato,dengue,2013.0,dt_transf_sm,0,0.0
dengue_2013,fato,dengue,2013.0,dt_transf_rm,3229,100.0
dengue_2013,fato,dengue,2013.0,dt_transf_rs,3229,100.0
dengue_2013,fato,dengue,2013.0,dt_transf_se,3229,100.0
dengue_2013,fato,dengue,2013.0,nu_lote_vertical,0,0.0
dengue_2013,fato,dengue,2013.0,nu_lote_horizontal,3229,100.0
dengue_2013,fato,dengue,2013.0,tp_fluxo_retorno,3229,100.0
dengue_2013,fato,dengue,2013.0,st_fluxo_retorno_recebido,3229,100.0
dengue_2013,fato,dengue,2013.0,ds_identificador_registro,3229,100.0
dengue_2013,fato,dengue,2013.0,st_importado,3229,100.0
dengue_2013,fato,dengue,2013.0,dt_investigacao,0,0.0
dengue_2013,fato,dengue,2013.0,co_cbo_ocupacao,3122,96.69
dengue_2013,fato,dengue,2013.0,dt_coleta_exame,2742,84.92
dengue_2013,fato,dengue,2013.0,tp_result_exame,83,2.57
dengue_2013,fato,dengue,2013.0,dt_coleta_NS1,3224,99.85
dengue_2013,fato,dengue,2013.0,Tp_result_NS1,1051,32.55
dengue_2013,fato,dengue,2013.0,dt_coleta_isolamento,3216,99.6
dengue_2013,fato,dengue,2013.0,tp_result_isolamento,1043,32.3
dengue_2013,fato,dengue,2013.0,dt_coleta_rtpcr,3219,99.69
dengue_2013,fato,dengue,2013.0,tp_result_rtpcr,1033,31.99
dengue_2013,fato,dengue,2013.0,tp_sorotipo,3227,99.94
dengue_2013,fato,dengue,2013.0,tp_result_histopatologia,1073,33.23
dengue_2013,fato,dengue,2013.0,tp_result_imunohistoquimica,1043,32.3
dengue_2013,fato,dengue,2013.0,tp_classificacao_final,0,0.0
dengue_2013,fato,dengue,2013.0,tp_criterio_confirmacao,0,0.0
dengue_2013,fato,dengue,2013.0,tp_autoctone_residencia,1978,61.26
dengue_2013,fato,dengue,2013.0,co_uf_infeccao,2443,75.66
dengue_2013,fato,dengue,2013.0,co_pais_infeccao,2443,75.66
dengue_2013,fato,dengue,2013.0,co_municipio_infeccao,2445,75.72
dengue_2013,fato,dengue,2013.0,co_distrito_infeccao,2479,76.77
dengue_2013,fato,dengue,2013.0,co_bairro_infeccao,2555,79.13
dengue_2013,fato,dengue,2013.0,no_bairro_infeccao,3229,100.0
dengue_2013,fato,dengue,2013.0,st_doenca_trabalho,2066,63.98
dengue_2013,fato,dengue,2013.0,tp_evolucao_caso,16,0.5
dengue_2013,fato,dengue,2013.0,dt_obito,3210,99.41
dengue_2013,fato,dengue,2013.0,dt_encerramento,0,0.0
dengue_2013,fato,dengue,2013.0,st_ocorreu_hospitalizacao,599,18.55
dengue_2013,fato,dengue,2013.0,dt_internacao,3200,99.1
dengue_2013,fato,dengue,2013.0,co_uf_hospital,3200,99.1
dengue_2013,fato,dengue,2013.0,co_municipio_hospital,3201,99.13
dengue_2013,fato,dengue,2013.0,co_unidade_hospital,3210,99.41
dengue_2013,fato,dengue,2013.0,nu_ddd_hospital,3227,99.94
dengue_2013,fato,dengue,2013.0,nu_telefone_hospital,3,0.09
bairro,dimensao,bairro,,Nº Localidade,0,0.0
bairro,dimensao,bairro,,Nome Localidade,0,0.0
bairro,dimensao,bairro,,Nome Município,0,0.0
distrito,dimensao,distrito,,Código Distrito,0,0.0
distrito,dimensao,distrito,,Distrito,0,0.0
distrito,dimensao,distrito,,Código Município,0,0.0
distrito,dimensao,distrito,,Município,0,0.0
agravo,dimensao,agravo,,Código CID,0,0.0
agravo,dimensao,agravo,,Agravo,0,0.0
municipio,dimensao,municipio,,UF,0,0.0
municipio,dimensao,municipio,,Código,0,0.0
municipio,dimensao,municipio,,Município,0,0.0
uf,dimensao,uf,,codigo,0,0.0
uf,dimensao,uf,,sigla,0,0.0
uf,dimensao,uf,,descricao,0,0.0
