codigo_bairro,nome_bairro,ano_epidemiologico,semana_epidemiologica,precipitacao_total_semana_mm,precipitacao_semana_grade_mm,dias_com_dado_valido_semana,dias_validos_precipitacao_grade_semana
752,CURADO,2024,34,3.146336706706707,9.699999999999992,5.0,7.0
752,CURADO,2024,35,16.5812223445951,12.999999999999993,7.0,7.0
752,CURADO,2024,36,4.3299195120401475,3.099999999999993,7.0,7.0
752,CURADO,2024,37,13.856090740064904,17.099999999999994,2.0,7.0
396,DOIS UNIDOS,2024,34,0.4,9.699999999999992,5.0,7.0
396,DOIS UNIDOS,2024,35,11.140255454621485,12.999999999999993,7.0,7.0
396,DOIS UNIDOS,2024,36,1.99398,3.099999999999993,7.0,7.0
396,DOIS UNIDOS,2024,37,39.15371707153882,17.099999999999994,7.0,7.0
396,DOIS UNIDOS,2024,38,3.796300612098988,5.199999999999993,7.0,7.0
396,DOIS UNIDOS,2024,39,14.563946255117315,6.199999999999993,7.0,7.0
396,DOIS UNIDOS,2024,40,6.354453686558803,3.899999999999993,7.0,7.0
396,DOIS UNIDOS,2024,41,0.0,2.299999999999993,7.0,7.0
396,DOIS UNIDOS,2024,42,6.147641437185957,1.9999999999999927,7.0,7.0
396,DOIS UNIDOS,2024,43,1.9715930894308944,3.999999999999993,7.0,7.0
396,DOIS UNIDOS,2024,44,1.7780400000000003,5.399999999999992,7.0,7.0
396,DOIS UNIDOS,2024,45,2.2,10.199999999999994,7.0,7.0
396,DOIS UNIDOS,2024,46,0.0,4.5999999999999925,7.0,7.0
396,DOIS UNIDOS,2024,47,0.2,4.899999999999993,7.0,7.0
396,DOIS UNIDOS,2024,48,0.0,1.7999999999999927,7.0,7.0
396,DOIS UNIDOS,2024,49,6.5882106895326,9.999999999999993,7.0,7.0
396,DOIS UNIDOS,2024,50,0.9861450710494779,5.5999999999999925,7.0,7.0
396,DOIS UNIDOS,2024,51,4.575016414290396,9.299999999999994,7.0,7.0
396,DOIS UNIDOS,2024,52,3.776555768779847,6.899999999999993,7.0,7.0
396,DOIS UNIDOS,2025,1,1.1861450710494779,7.799999999999993,7.0,7.0
396,DOIS UNIDOS,2025,2,0.0,12.499999999999993,7.0,7.0
396,DOIS UNIDOS,2025,3,107.82294146493614,33.89999999999999,7.0,7.0
396,DOIS UNIDOS,2025,4,25.400002701644603,9.999999999999993,7.0,7.0
396,DOIS UNIDOS,2025,5,83.46667419240292,26.199999999999992,7.0,7.0
396,DOIS UNIDOS,2025,6,244.01347839620618,35.89999999999999,7.0,7.0
396,DOIS UNIDOS,2025,7,9.541406732098494,6.49999999999999,7.0,7.0
396,DOIS UNIDOS,2025,8,8.726277312095391,12.09999999999999,7.0,7.0
396,DOIS UNIDOS,2025,9,31.60540600140814,21.89999999999999,7.0,7.0
396,DOIS UNIDOS,2025,10,47.03208214739398,21.69999999999999,7.0,7.0
396,DOIS UNIDOS,2025,11,95.35549634604908,31.39999999999999,7.0,7.0
396,DOIS UNIDOS,2025,12,36.66750663527389,19.599999999999987,7.0,7.0
396,DOIS UNIDOS,2025,13,103.39494564827764,9.399999999999988,7.0,7.0
396,DOIS UNIDOS,2025,14,22.03037317845069,18.39999999999999,7.0,7.0
396,DOIS UNIDOS,2025,15,26.213107583060292,16.99999999999999,7.0,7.0
396,DOIS UNIDOS,2025,16,2.4065301420989416,8.29999999999999,7.0,7.0
396,DOIS UNIDOS,2025,17,70.42789558416625,12.099999999999989,7.0,7.0
396,DOIS UNIDOS,2025,18,0.7926799999999858,2.699999999999989,7.0,7.0
396,DOIS UNIDOS,2025,19,4.578124620395711,12.399999999999988,7.0,7.0
396,DOIS UNIDOS,2025,20,282.0121115291536,42.199999999999996,7.0,7.0
396,DOIS UNIDOS,2025,21,115.50457239508737,55.8,7.0,7.0
396,DOIS UNIDOS,2025,22,98.14649863474177,21.39999999999999,7.0,7.0
396,DOIS UNIDOS,2025,23,94.48120108533932,25.69999999999999,7.0,7.0
396,DOIS UNIDOS,2025,24,87.24469251333403,20.89999999999999,7.0,7.0
396,DOIS UNIDOS,2025,25,92.57445721657876,41.39999999999999,7.0,7.0
396,DOIS UNIDOS,2025,26,157.20433401993301,37.79999999999999,7.0,7.0
396,DOIS UNIDOS,2025,27,113.98801143969791,38.099999999999994,7.0,7.0
396,DOIS UNIDOS,2025,28,93.57770243677535,23.999999999999993,7.0,7.0
396,DOIS UNIDOS,2025,29,14.808029913771232,19.699999999999992,7.0,7.0
396,DOIS UNIDOS,2025,30,26.32413704686598,13.199999999999992,7.0,7.0
396,DOIS UNIDOS,2025,31,101.3025236651294,26.699999999999992,7.0,7.0
396,DOIS UNIDOS,2025,32,58.34101870018792,25.199999999999992,7.0,7.0
396,DOIS UNIDOS,2025,33,111.9104238863435,67.99999999999999,7.0,7.0
396,DOIS UNIDOS,2025,34,35.416567645135174,18.899999999999984,7.0,7.0
396,DOIS UNIDOS,2025,35,37.588381236596675,18.099999999999987,7.0,7.0
396,DOIS UNIDOS,2025,36,89.96863776097227,31.69999999999999,7.0,7.0
396,DOIS UNIDOS,2025,37,2.0098528590603886,11.299999999999986,7.0,7.0
396,DOIS UNIDOS,2025,38,1.8122799999999857,8.199999999999985,7.0,7.0
396,DOIS UNIDOS,2025,39,10.283657968370234,10.499999999999986,7.0,7.0
396,DOIS UNIDOS,2025,40,109.73599762825773,15.999999999999986,7.0,7.0
396,DOIS UNIDOS,2025,41,5.3405365233554605,6.899999999999986,7.0,7.0
396,DOIS UNIDOS,2025,42,2.381196520763173,5.7999999999999865,7.0,7.0
396,DOIS UNIDOS,2025,43,7.530040958419326,10.099999999999985,7.0,7.0
396,DOIS UNIDOS,2025,44,13.490986432303073,10.399999999999984,7.0,7.0
396,DOIS UNIDOS,2025,45,0.0,1.1999999999999857,7.0,7.0
396,DOIS UNIDOS,2025,46,11.232292593842656,8.199999999999985,7.0,7.0
396,DOIS UNIDOS,2025,47,1.4122799999999858,2.999999999999986,7.0,7.0
396,DOIS UNIDOS,2025,48,5.5737307099493645,6.499999999999986,7.0,7.0
396,DOIS UNIDOS,2025,49,12.303123430838959,6.499999999999986,7.0,7.0
396,DOIS UNIDOS,2025,50,1.0195999999999859,3.9999999999999862,7.0,7.0
396,DOIS UNIDOS,2025,51,0.1999999999999858,4.599999999999985,7.0,7.0
396,DOIS UNIDOS,2025,52,19.757866235190022,8.899999999999986,7.0,7.0
396,DOIS UNIDOS,2025,53,0.0,5.699999999999986,7.0,7.0
132,AFLITOS,2024,34,0.2,9.699999999999992,5.0,7.0
132,AFLITOS,2024,35,4.966517933094385,12.999999999999993,7.0,7.0
132,AFLITOS,2024,36,0.6000000000000001,3.099999999999993,7.0,7.0
132,AFLITOS,2024,37,24.564408239500782,17.099999999999994,7.0,7.0
132,AFLITOS,2024,38,2.1789365432098764,5.199999999999993,7.0,7.0
132,AFLITOS,2024,39,15.407345146745321,6.199999999999993,7.0,7.0
132,AFLITOS,2024,40,9.362435641732187,3.899999999999993,7.0,7.0
132,AFLITOS,2024,41,0.0,2.299999999999993,7.0,7.0
132,AFLITOS,2024,42,9.101137113223281,1.9999999999999927,7.0,7.0
132,AFLITOS,2024,43,2.0012999999999996,3.999999999999993,7.0,7.0
132,AFLITOS,2024,44,7.502444911691088,5.399999999999992,7.0,7.0
132,AFLITOS,2024,45,7.702061536024379,10.199999999999994,7.0,7.0
132,AFLITOS,2024,46,0.0,4.5999999999999925,7.0,7.0
132,AFLITOS,2024,47,0.4,4.899999999999993,7.0,7.0
132,AFLITOS,2024,48,0.9869004839783073,1.7999999999999927,7.0,7.0
132,AFLITOS,2024,49,3.946959026027332,9.999999999999993,7.0,7.0
132,AFLITOS,2024,50,1.1937179255396202,5.5999999999999925,7.0,7.0
132,AFLITOS,2024,51,3.982579893949832,9.299999999999994,7.0,7.0
132,AFLITOS,2024,52,1.780559416863672,6.899999999999993,7.0,7.0
132,AFLITOS,2025,1,0.0,7.799999999999993,7.0,7.0
132,AFLITOS,2025,2,0.7999999999999996,12.499999999999993,7.0,7.0
132,AFLITOS,2025,3,137.69294661357216,33.89999999999999,7.0,7.0
132,AFLITOS,2025,4,7.884399016170483,9.999999999999993,7.0,7.0
132,AFLITOS,2025,5,128.69707237370918,26.199999999999992,7.0,7.0
132,AFLITOS,2025,6,236.96221846491898,35.89999999999999,7.0,7.0
132,AFLITOS,2025,7,18.08171195123691,6.49999999999999,7.0,7.0
132,AFLITOS,2025,8,11.690587086880099,12.09999999999999,7.0,7.0
132,AFLITOS,2025,9,14.191828718802263,21.89999999999999,7.0,7.0
132,AFLITOS,2025,10,43.8573761248703,21.69999999999999,7.0,7.0
132,AFLITOS,2025,11,36.16597301030836,31.39999999999999,7.0,7.0
132,AFLITOS,2025,12,28.099771237328053,19.599999999999987,7.0,7.0
132,AFLITOS,2025,13,45.359250081412306,9.399999999999988,7.0,7.0
132,AFLITOS,2025,14,26.493752025493897,18.39999999999999,7.0,7.0
132,AFLITOS,2025,15,29.38246359421136,16.99999999999999,7.0,7.0
132,AFLITOS,2025,16,0.0,8.29999999999999,7.0,7.0
132,AFLITOS,2025,17,26.229716670486493,12.099999999999989,7.0,7.0
132,AFLITOS,2025,18,0.0,2.699999999999989,7.0,7.0
132,AFLITOS,2025,19,11.832901251814825,12.399999999999988,7.0,7.0
132,AFLITOS,2025,20,274.9822178345309,42.199999999999996,7.0,7.0
132,AFLITOS,2025,21,102.7850248104794,55.8,7.0,7.0
132,AFLITOS,2025,22,64.08204561435683,21.39999999999999,7.0,7.0
132,AFLITOS,2025,23,71.95559910536045,25.69999999999999,7.0,7.0
132,AFLITOS,2025,24,95.77705803994225,20.89999999999999,7.0,7.0
132,AFLITOS,2025,25,77.21790808290373,41.39999999999999,7.0,7.0
132,AFLITOS,2025,26,126.0178496720452,37.79999999999999,7.0,7.0
132,AFLITOS,2025,27,95.8916612855212,38.099999999999994,7.0,7.0
132,AFLITOS,2025,28,86.37908623618436,23.999999999999993,7.0,7.0
132,AFLITOS,2025,29,20.373600963238026,19.699999999999992,7.0,7.0
132,AFLITOS,2025,30,21.120098593100487,13.199999999999992,7.0,7.0
132,AFLITOS,2025,31,117.98895332147755,26.699999999999992,7.0,7.0
132,AFLITOS,2025,32,46.945811852335325,25.199999999999992,7.0,7.0
132,AFLITOS,2025,33,83.73836838909665,67.99999999999999,7.0,7.0
132,AFLITOS,2025,34,17.575841225416227,18.899999999999984,7.0,7.0
132,AFLITOS,2025,35,23.08069047507499,18.099999999999987,7.0,7.0
132,AFLITOS,2025,36,62.802874320389286,31.69999999999999,7.0,7.0
132,AFLITOS,2025,37,1.0196,11.299999999999986,7.0,7.0
132,AFLITOS,2025,38,0.79268,8.199999999999985,7.0,7.0
132,AFLITOS,2025,39,3.760976456835935,10.499999999999986,7.0,7.0
132,AFLITOS,2025,40,79.6411701916271,15.999999999999986,7.0,7.0
132,AFLITOS,2025,41,3.3641410420963034,6.899999999999986,7.0,7.0
132,AFLITOS,2025,42,1.1821830262834614,5.7999999999999865,7.0,7.0
132,AFLITOS,2025,43,3.1540399762555826,10.099999999999985,7.0,7.0
132,AFLITOS,2025,44,13.60157982470941,10.399999999999984,7.0,7.0
132,AFLITOS,2025,45,0.0,1.1999999999999857,7.0,7.0
132,AFLITOS,2025,46,7.895951956437659,8.199999999999985,7.0,7.0
132,AFLITOS,2025,47,4.148146045257542,2.999999999999986,7.0,7.0
132,AFLITOS,2025,48,1.585615298750207,6.499999999999986,7.0,7.0
132,AFLITOS,2025,49,0.0,6.499999999999986,7.0,7.0
132,AFLITOS,2025,50,0.0,3.9999999999999862,7.0,7.0
132,AFLITOS,2025,51,0.1999999999999929,4.599999999999985,7.0,7.0
132,AFLITOS,2025,52,10.260359344815587,8.899999999999986,7.0,7.0
132,AFLITOS,2025,53,1.4029065526647542,5.699999999999986,7.0,7.0
906,SANCHO,2024,34,1.6,9.699999999999992,5.0,7.0
906,SANCHO,2024,35,13.200000000000001,12.999999999999993,7.0,7.0
906,SANCHO,2024,36,2.0,3.099999999999993,7.0,7.0
906,SANCHO,2024,37,29.6,17.099999999999994,7.0,7.0
906,SANCHO,2024,38,5.2,5.199999999999993,7.0,7.0
906,SANCHO,2024,39,12.4,6.199999999999993,7.0,7.0
906,SANCHO,2024,40,4.199999999999999,3.899999999999993,7.0,7.0
906,SANCHO,2024,41,0.0,2.299999999999993,7.0,7.0
906,SANCHO,2024,42,8.600000000000001,1.9999999999999927,7.0,7.0
906,SANCHO,2024,43,0.0,3.999999999999993,7.0,7.0
906,SANCHO,2024,44,7.800000000000001,5.399999999999992,7.0,7.0
906,SANCHO,2024,45,5.0,10.199999999999994,7.0,7.0
906,SANCHO,2024,46,0.0,4.5999999999999925,7.0,7.0
906,SANCHO,2024,47,0.0,4.899999999999993,7.0,7.0
906,SANCHO,2024,48,0.2,1.7999999999999927,7.0,7.0
906,SANCHO,2024,49,6.6000000000000005,9.999999999999993,7.0,7.0
906,SANCHO,2024,50,0.4,5.5999999999999925,7.0,7.0
906,SANCHO,2024,51,5.6,9.299999999999994,7.0,7.0
736,VARZEA,2024,34,0.6000000000000001,9.699999999999992,5.0,7.0
736,VARZEA,2024,35,10.836990106178577,12.999999999999993,7.0,7.0
736,VARZEA,2024,36,0.4,3.099999999999993,7.0,7.0
736,VARZEA,2024,37,18.376918093936894,17.099999999999994,7.0,7.0
736,VARZEA,2024,38,1.8000000000000003,5.199999999999993,7.0,7.0
736,VARZEA,2024,39,14.389897031714707,6.199999999999993,7.0,7.0
736,VARZEA,2024,40,3.1711398367859385,3.899999999999993,7.0,7.0
736,VARZEA,2024,41,0.0,2.299999999999993,7.0,7.0
736,VARZEA,2025,23,0.4,25.69999999999999,2.0,7.0
736,VARZEA,2025,24,0.4,20.89999999999999,2.0,7.0
736,VARZEA,2025,25,0.2,41.39999999999999,1.0,7.0
736,VARZEA,2025,26,4.138559430547081,37.79999999999999,2.0,7.0
736,VARZEA,2025,28,16.14099036661989,23.999999999999993,1.0,7.0
60,COELHOS,2024,34,0.2,9.699999999999992,5.0,7.0
60,COELHOS,2024,35,2.2,12.999999999999993,7.0,7.0
60,COELHOS,2024,36,0.0,3.099999999999993,7.0,7.0
60,COELHOS,2024,37,19.599999999999998,17.099999999999994,7.0,7.0
60,COELHOS,2024,38,0.2,5.199999999999993,7.0,7.0
60,COELHOS,2024,39,0.0,6.199999999999993,7.0,7.0
60,COELHOS,2024,40,5.4,3.899999999999993,7.0,7.0
60,COELHOS,2024,41,0.0,2.299999999999993,7.0,7.0
60,COELHOS,2024,42,2.4000000000000004,1.9999999999999927,7.0,7.0
60,COELHOS,2024,43,2.2,3.999999999999993,7.0,7.0
60,COELHOS,2024,44,2.8000000000000003,5.399999999999992,7.0,7.0
60,COELHOS,2024,45,3.0000000000000004,10.199999999999994,6.0,7.0
60,COELHOS,2024,49,0.0,9.999999999999993,4.0,7.0
60,COELHOS,2024,50,2.6,5.5999999999999925,7.0,7.0
60,COELHOS,2024,51,0.0,9.299999999999994,7.0,7.0
60,COELHOS,2024,52,0.0,6.899999999999993,7.0,7.0
60,COELHOS,2025,1,0.0,7.799999999999993,6.0,7.0
60,COELHOS,2025,2,0.0,12.499999999999993,7.0,7.0
60,COELHOS,2025,3,0.0,33.89999999999999,5.0,7.0
60,COELHOS,2025,4,0.0,9.999999999999993,4.0,7.0
60,COELHOS,2025,5,0.6000000000000001,26.199999999999992,4.0,7.0
60,COELHOS,2025,6,3.4,35.89999999999999,4.0,7.0
60,COELHOS,2025,7,0.4,6.49999999999999,7.0,7.0
60,COELHOS,2025,8,3.6000000000000005,12.09999999999999,4.0,7.0
60,COELHOS,2025,9,2.0,21.89999999999999,7.0,7.0
60,COELHOS,2025,10,0.6000000000000001,21.69999999999999,6.0,7.0
60,COELHOS,2025,11,4.800000000000001,31.39999999999999,6.0,7.0
60,COELHOS,2025,12,0.2,19.599999999999987,6.0,7.0
60,COELHOS,2025,13,0.0,9.399999999999988,4.0,7.0
60,COELHOS,2025,14,14.600000000000001,18.39999999999999,4.0,7.0
60,COELHOS,2025,15,0.2,16.99999999999999,5.0,7.0
60,COELHOS,2025,16,0.4,8.29999999999999,6.0,7.0
60,COELHOS,2025,17,1.4,12.099999999999989,7.0,7.0
60,COELHOS,2025,18,0.0,2.699999999999989,5.0,7.0
60,COELHOS,2025,19,0.0,12.399999999999988,7.0,7.0
60,COELHOS,2025,20,4.6000000000000005,42.199999999999996,4.0,7.0
60,COELHOS,2025,21,0.2,55.8,5.0,7.0
60,COELHOS,2025,22,0.4,21.39999999999999,5.0,7.0
60,COELHOS,2025,23,2.8000000000000003,25.69999999999999,5.0,7.0
60,COELHOS,2025,24,2.4000000000000004,20.89999999999999,5.0,7.0
60,COELHOS,2025,25,0.40000000000000024,41.39999999999999,5.0,7.0
60,COELHOS,2025,26,47.800000000000004,37.79999999999999,7.0,7.0
60,COELHOS,2025,27,38.0,38.099999999999994,7.0,7.0
60,COELHOS,2025,28,42.20000000000001,23.999999999999993,7.0,7.0
60,COELHOS,2025,29,11.800000000000004,19.699999999999992,7.0,7.0
60,COELHOS,2025,30,7.400000000000004,13.199999999999992,7.0,7.0
60,COELHOS,2025,31,13.600000000000005,26.699999999999992,7.0,7.0
60,COELHOS,2025,32,5.600000000000004,25.199999999999992,7.0,7.0
60,COELHOS,2025,33,0.20000000000000356,67.99999999999999,5.0,7.0
60,COELHOS,2025,34,3.0000000000000036,18.899999999999984,7.0,7.0
60,COELHOS,2025,35,6.200000000000004,18.099999999999987,7.0,7.0
60,COELHOS,2025,36,2.2000000000000037,31.69999999999999,7.0,7.0
60,COELHOS,2025,37,0.20000000000000356,11.299999999999986,7.0,7.0
60,COELHOS,2025,38,0.4000000000000036,8.199999999999985,7.0,7.0
60,COELHOS,2025,39,1.2000000000000033,10.499999999999986,7.0,7.0
60,COELHOS,2025,40,6.0000000000000036,15.999999999999986,6.0,7.0
60,COELHOS,2025,41,0.0,6.899999999999986,7.0,7.0
60,COELHOS,2025,42,0.0,5.7999999999999865,7.0,7.0
60,COELHOS,2025,43,0.0,10.099999999999985,7.0,7.0
60,COELHOS,2025,44,1.0000000000000036,10.399999999999984,7.0,7.0
60,COELHOS,2025,45,0.20000000000000356,1.1999999999999857,7.0,7.0
60,COELHOS,2025,46,0.20000000000000356,8.199999999999985,7.0,7.0
60,COELHOS,2025,47,0.0,2.999999999999986,7.0,7.0
60,COELHOS,2025,48,0.0,6.499999999999986,7.0,7.0
60,COELHOS,2025,49,0.0,6.499999999999986,6.0,7.0
60,COELHOS,2025,50,0.0,3.9999999999999862,7.0,7.0
60,COELHOS,2025,51,0.0,4.599999999999985,7.0,7.0
60,COELHOS,2025,52,0.0,8.899999999999986,7.0,7.0
60,COELHOS,2025,53,0.0,5.699999999999986,7.0,7.0
299,PEIXINHOS,2024,34,0.2,9.699999999999992,5.0,7.0
299,PEIXINHOS,2024,35,3.567578081056552,12.999999999999993,7.0,7.0
299,PEIXINHOS,2024,36,1.7770247199033082,3.099999999999993,7.0,7.0
299,PEIXINHOS,2024,37,36.44396379101257,17.099999999999994,7.0,7.0
299,PEIXINHOS,2024,38,3.975807649375107,5.199999999999993,7.0,7.0
299,PEIXINHOS,2024,39,8.705087457835566,6.199999999999993,7.0,7.0
299,PEIXINHOS,2024,40,3.743679288174964,3.899999999999993,7.0,7.0
299,PEIXINHOS,2024,41,0.5999999999999996,2.299999999999993,7.0,7.0
299,PEIXINHOS,2024,42,12.602647607207691,1.9999999999999927,7.0,7.0
299,PEIXINHOS,2024,43,1.1780400000000002,3.999999999999993,7.0,7.0
299,PEIXINHOS,2024,44,0.7871452310202469,5.399999999999992,7.0,7.0
299,PEIXINHOS,2024,45,1.7878641975308642,10.199999999999994,7.0,7.0
299,PEIXINHOS,2024,46,0.0,4.5999999999999925,7.0,7.0
299,PEIXINHOS,2024,47,0.0,4.899999999999993,7.0,7.0
299,PEIXINHOS,2024,48,0.0,1.7999999999999927,7.0,7.0
299,PEIXINHOS,2024,49,5.157625614444147,9.999999999999993,7.0,7.0
299,PEIXINHOS,2024,50,0.0,5.5999999999999925,7.0,7.0
299,PEIXINHOS,2024,51,4.346234005911206,9.299999999999994,7.0,7.0
299,PEIXINHOS,2024,52,1.2000000000000002,6.899999999999993,7.0,7.0
299,PEIXINHOS,2025,1,0.2,7.799999999999993,7.0,7.0
299,PEIXINHOS,2025,2,0.0,12.499999999999993,7.0,7.0
299,PEIXINHOS,2025,3,164.46607163700492,33.89999999999999,7.0,7.0
299,PEIXINHOS,2025,4,13.402057860953304,9.999999999999993,7.0,7.0
299,PEIXINHOS,2025,5,102.37904081691963,26.199999999999992,7.0,7.0
299,PEIXINHOS,2025,6,191.16823447726497,35.89999999999999,7.0,7.0
299,PEIXINHOS,2025,7,4.766665344636531,6.49999999999999,7.0,7.0
299,PEIXINHOS,2025,8,4.153385897420713,12.09999999999999,7.0,7.0
299,PEIXINHOS,2025,9,13.471488204085095,21.89999999999999,7.0,7.0
299,PEIXINHOS,2025,10,29.828767852915647,21.69999999999999,7.0,7.0
299,PEIXINHOS,2025,11,47.498351286895655,31.39999999999999,7.0,7.0
299,PEIXINHOS,2025,12,14.830558744548542,19.599999999999987,7.0,7.0
299,PEIXINHOS,2025,13,56.37899153379832,9.399999999999988,7.0,7.0
299,PEIXINHOS,2025,14,22.603886148592693,18.39999999999999,7.0,7.0
299,PEIXINHOS,2025,15,8.52299082596863,16.99999999999999,7.0,7.0
299,PEIXINHOS,2025,16,0.2,8.29999999999999,7.0,7.0
299,PEIXINHOS,2025,17,52.46532924750729,12.099999999999989,7.0,7.0
299,PEIXINHOS,2025,18,0.0,2.699999999999989,7.0,7.0
299,PEIXINHOS,2025,19,5.9407567289584176,12.399999999999988,7.0,7.0
299,PEIXINHOS,2025,20,271.1755776190935,42.199999999999996,7.0,7.0
299,PEIXINHOS,2025,21,95.45979014395475,55.8,7.0,7.0
299,PEIXINHOS,2025,22,71.12012190249638,21.39999999999999,7.0,7.0
299,PEIXINHOS,2025,23,72.87951593291216,25.69999999999999,7.0,7.0
299,PEIXINHOS,2025,24,71.53611878608423,20.89999999999999,7.0,7.0
299,PEIXINHOS,2025,25,83.98080121221199,41.39999999999999,7.0,7.0
299,PEIXINHOS,2025,26,129.2185400712142,37.79999999999999,7.0,7.0
299,PEIXINHOS,2025,27,95.78049042039443,38.099999999999994,7.0,7.0
299,PEIXINHOS,2025,28,83.45618078407333,23.999999999999993,7.0,7.0
299,PEIXINHOS,2025,29,16.36622126288067,19.699999999999992,7.0,7.0
299,PEIXINHOS,2025,30,28.453328835508444,13.199999999999992,7.0,7.0
299,PEIXINHOS,2025,31,85.19967456802307,26.699999999999992,7.0,7.0
299,PEIXINHOS,2025,32,46.32241830308418,25.199999999999992,7.0,7.0
299,PEIXINHOS,2025,33,95.66701581429524,67.99999999999999,7.0,7.0
299,PEIXINHOS,2025,34,20.35656941348664,18.899999999999984,7.0,7.0
299,PEIXINHOS,2025,35,33.693508918963566,18.099999999999987,7.0,7.0
299,PEIXINHOS,2025,36,64.6768785485504,31.69999999999999,7.0,7.0
299,PEIXINHOS,2025,37,3.351955170026757,11.299999999999986,7.0,7.0
299,PEIXINHOS,2025,38,3.35777951916827,8.199999999999985,7.0,7.0
299,PEIXINHOS,2025,39,4.729108539615247,10.499999999999986,7.0,7.0
299,PEIXINHOS,2025,40,77.92431941885427,15.999999999999986,7.0,7.0
299,PEIXINHOS,2025,41,0.0,6.899999999999986,7.0,7.0
299,PEIXINHOS,2025,42,1.1938305114638235,5.7999999999999865,7.0,7.0
299,PEIXINHOS,2025,43,1.7883219578409848,10.099999999999985,7.0,7.0
299,PEIXINHOS,2025,44,10.47707381151325,10.399999999999984,7.0,7.0
299,PEIXINHOS,2025,45,0.0,1.1999999999999857,1.0,7.0
299,PEIXINHOS,2025,46,9.832355508091032,8.199999999999985,3.0,7.0
299,PEIXINHOS,2025,47,1.4391999999999787,2.999999999999986,6.0,7.0
299,PEIXINHOS,2025,48,3.3547844461973444,6.499999999999986,7.0,7.0
299,PEIXINHOS,2025,49,10.5068729885327,6.499999999999986,6.0,7.0
299,PEIXINHOS,2025,50,0.19999999999998047,3.9999999999999862,7.0,7.0
299,PEIXINHOS,2025,51,0.0,4.599999999999985,2.0,7.0
299,PEIXINHOS,2025,52,20.100274456585726,8.899999999999986,4.0,7.0
299,PEIXINHOS,2025,53,6.91359999999998,5.699999999999986,2.0,7.0
35,SAO JOSE,2024,34,0.2,9.699999999999992,5.0,7.0
35,SAO JOSE,2024,35,2.2,12.999999999999993,7.0,7.0
35,SAO JOSE,2024,36,0.0,3.099999999999993,7.0,7.0
35,SAO JOSE,2024,37,19.599999999999998,17.099999999999994,7.0,7.0
35,SAO JOSE,2024,38,0.2,5.199999999999993,7.0,7.0
35,SAO JOSE,2024,39,0.0,6.199999999999993,7.0,7.0
35,SAO JOSE,2024,40,5.4,3.899999999999993,7.0,7.0
35,SAO JOSE,2024,41,0.0,2.299999999999993,7.0,7.0
35,SAO JOSE,2024,42,2.4000000000000004,1.9999999999999927,7.0,7.0
35,SAO JOSE,2024,43,2.2,3.999999999999993,7.0,7.0
35,SAO JOSE,2024,44,2.8000000000000003,5.399999999999992,7.0,7.0
35,SAO JOSE,2024,45,3.0000000000000004,10.199999999999994,6.0,7.0
35,SAO JOSE,2024,49,0.0,9.999999999999993,4.0,7.0
35,SAO JOSE,2024,50,2.6,5.5999999999999925,7.0,7.0
35,SAO JOSE,2024,51,0.0,9.299999999999994,7.0,7.0
35,SAO JOSE,2024,52,0.0,6.899999999999993,7.0,7.0
35,SAO JOSE,2025,1,0.0,7.799999999999993,6.0,7.0
35,SAO JOSE,2025,2,0.0,12.499999999999993,7.0,7.0
35,SAO JOSE,2025,3,0.0,33.89999999999999,5.0,7.0
35,SAO JOSE,2025,4,0.0,9.999999999999993,4.0,7.0
35,SAO JOSE,2025,5,0.6000000000000001,26.199999999999992,4.0,7.0
35,SAO JOSE,2025,6,3.4,35.89999999999999,4.0,7.0
35,SAO JOSE,2025,7,0.4,6.49999999999999,7.0,7.0
35,SAO JOSE,2025,8,3.6000000000000005,12.09999999999999,4.0,7.0
35,SAO JOSE,2025,9,2.0,21.89999999999999,7.0,7.0
35,SAO JOSE,2025,10,0.6000000000000001,21.69999999999999,6.0,7.0
35,SAO JOSE,2025,11,4.800000000000001,31.39999999999999,6.0,7.0
35,SAO JOSE,2025,12,0.2,19.599999999999987,6.0,7.0
35,SAO JOSE,2025,13,0.0,9.399999999999988,4.0,7.0
35,SAO JOSE,2025,14,14.600000000000001,18.39999999999999,4.0,7.0
35,SAO JOSE,2025,15,0.2,16.99999999999999,5.0,7.0
35,SAO JOSE,2025,16,0.4,8.29999999999999,6.0,7.0
35,SAO JOSE,2025,17,1.4,12.099999999999989,7.0,7.0
35,SAO JOSE,2025,18,0.0,2.699999999999989,5.0,7.0
35,SAO JOSE,2025,19,0.0,12.399999999999988,7.0,7.0
35,SAO JOSE,2025,20,4.6000000000000005,42.199999999999996,4.0,7.0
35,SAO JOSE,2025,21,0.2,55.8,5.0,7.0
35,SAO JOSE,2025,22,0.4,21.39999999999999,5.0,7.0
35,SAO JOSE,2025,23,2.8000000000000003,25.69999999999999,5.0,7.0
35,SAO JOSE,2025,24,2.4000000000000004,20.89999999999999,5.0,7.0
35,SAO JOSE,2025,25,0.40000000000000024,41.39999999999999,5.0,7.0
35,SAO JOSE,2025,26,47.800000000000004,37.79999999999999,7.0,7.0
35,SAO JOSE,2025,27,38.0,38.099999999999994,7.0,7.0
35,SAO JOSE,2025,28,42.20000000000001,23.999999999999993,7.0,7.0
35,SAO JOSE,2025,29,11.800000000000004,19.699999999999992,7.0,7.0
35,SAO JOSE,2025,30,7.400000000000004,13.199999999999992,7.0,7.0
35,SAO JOSE,2025,31,13.600000000000005,26.699999999999992,7.0,7.0
35,SAO JOSE,2025,32,5.600000000000004,25.199999999999992,7.0,7.0
35,SAO JOSE,2025,33,0.20000000000000356,67.99999999999999,5.0,7.0
35,SAO JOSE,2025,34,3.0000000000000036,18.899999999999984,7.0,7.0
35,SAO JOSE,2025,35,6.200000000000004,18.099999999999987,7.0,7.0
35,SAO JOSE,2025,36,2.2000000000000037,31.69999999999999,7.0,7.0
35,SAO JOSE,2025,37,0.20000000000000356,11.299999999999986,7.0,7.0
35,SAO JOSE,2025,38,0.4000000000000036,8.199999999999985,7.0,7.0
35,SAO JOSE,2025,39,1.2000000000000033,10.499999999999986,7.0,7.0
35,SAO JOSE,2025,40,6.0000000000000036,15.999999999999986,6.0,7.0
35,SAO JOSE,2025,41,0.0,6.899999999999986,7.0,7.0
35,SAO JOSE,2025,42,0.0,5.7999999999999865,7.0,7.0
35,SAO JOSE,2025,43,0.0,10.099999999999985,7.0,7.0
35,SAO JOSE,2025,44,1.0000000000000036,10.399999999999984,7.0,7.0
35,SAO JOSE,2025,45,0.20000000000000356,1.1999999999999857,7.0,7.0
35,SAO JOSE,2025,46,0.20000000000000356,8.199999999999985,7.0,7.0
35,SAO JOSE,2025,47,0.0,2.999999999999986,7.0,7.0
35,SAO JOSE,2025,48,0.0,6.499999999999986,7.0,7.0
35,SAO JOSE,2025,49,0.0,6.499999999999986,6.0,7.0
35,SAO JOSE,2025,50,0.0,3.9999999999999862,7.0,7.0
35,SAO JOSE,2025,51,0.0,4.599999999999985,7.0,7.0
35,SAO JOSE,2025,52,0.0,8.899999999999986,7.0,7.0
35,SAO JOSE,2025,53,0.0,5.699999999999986,7.0,7.0
27,SANTO ANTONIO,2024,34,0.2,9.699999999999992,5.0,7.0
27,SANTO ANTONIO,2024,35,2.2,12.999999999999993,7.0,7.0
27,SANTO ANTONIO,2024,36,0.0,3.099999999999993,7.0,7.0
27,SANTO ANTONIO,2024,37,19.599999999999998,17.099999999999994,7.0,7.0
27,SANTO ANTONIO,2024,38,0.2,5.199999999999993,7.0,7.0
27,SANTO ANTONIO,2024,39,0.0,6.199999999999993,7.0,7.0
27,SANTO ANTONIO,2024,40,5.4,3.899999999999993,7.0,7.0
27,SANTO ANTONIO,2024,41,0.0,2.299999999999993,7.0,7.0
27,SANTO ANTONIO,2024,42,2.4000000000000004,1.9999999999999927,7.0,7.0
27,SANTO ANTONIO,2024,43,2.2,3.999999999999993,7.0,7.0
27,SANTO ANTONIO,2024,44,2.8000000000000003,5.399999999999992,7.0,7.0
27,SANTO ANTONIO,2024,45,3.0000000000000004,10.199999999999994,6.0,7.0
27,SANTO ANTONIO,2024,49,0.0,9.999999999999993,4.0,7.0
27,SANTO ANTONIO,2024,50,2.6,5.5999999999999925,7.0,7.0
27,SANTO ANTONIO,2024,51,0.0,9.299999999999994,7.0,7.0
27,SANTO ANTONIO,2024,52,0.0,6.899999999999993,7.0,7.0
27,SANTO ANTONIO,2025,1,0.0,7.799999999999993,6.0,7.0
27,SANTO ANTONIO,2025,2,0.0,12.499999999999993,7.0,7.0
27,SANTO ANTONIO,2025,3,0.0,33.89999999999999,5.0,7.0
27,SANTO ANTONIO,2025,4,0.0,9.999999999999993,4.0,7.0
27,SANTO ANTONIO,2025,5,0.6000000000000001,26.199999999999992,4.0,7.0
27,SANTO ANTONIO,2025,6,3.4,35.89999999999999,4.0,7.0
27,SANTO ANTONIO,2025,7,0.4,6.49999999999999,7.0,7.0
27,SANTO ANTONIO,2025,8,3.6000000000000005,12.09999999999999,4.0,7.0
27,SANTO ANTONIO,2025,9,2.0,21.89999999999999,7.0,7.0
27,SANTO ANTONIO,2025,10,0.6000000000000001,21.69999999999999,6.0,7.0
27,SANTO ANTONIO,2025,11,4.800000000000001,31.39999999999999,6.0,7.0
27,SANTO ANTONIO,2025,12,0.2,19.599999999999987,6.0,7.0
27,SANTO ANTONIO,2025,13,0.0,9.399999999999988,4.0,7.0
27,SANTO ANTONIO,2025,14,14.600000000000001,18.39999999999999,4.0,7.0
27,SANTO ANTONIO,2025,15,0.2,16.99999999999999,5.0,7.0
27,SANTO ANTONIO,2025,16,0.4,8.29999999999999,6.0,7.0
27,SANTO ANTONIO,2025,17,1.4,12.099999999999989,7.0,7.0
27,SANTO ANTONIO,2025,18,0.0,2.699999999999989,5.0,7.0
27,SANTO ANTONIO,2025,19,0.0,12.399999999999988,7.0,7.0
27,SANTO ANTONIO,2025,20,4.6000000000000005,42.199999999999996,4.0,7.0
27,SANTO ANTONIO,2025,21,0.2,55.8,5.0,7.0
27,SANTO ANTONIO,2025,22,0.4,21.39999999999999,5.0,7.0
27,SANTO ANTONIO,2025,23,2.8000000000000003,25.69999999999999,5.0,7.0
27,SANTO ANTONIO,2025,24,2.4000000000000004,20.89999999999999,5.0,7.0
27,SANTO ANTONIO,2025,25,0.40000000000000024,41.39999999999999,5.0,7.0
27,SANTO ANTONIO,2025,26,47.800000000000004,37.79999999999999,7.0,7.0
27,SANTO ANTONIO,2025,27,38.0,38.099999999999994,7.0,7.0
27,SANTO ANTONIO,2025,28,42.20000000000001,23.999999999999993,7.0,7.0
27,SANTO ANTONIO,2025,29,11.800000000000004,19.699999999999992,7.0,7.0
27,SANTO ANTONIO,2025,30,7.400000000000004,13.199999999999992,7.0,7.0
27,SANTO ANTONIO,2025,31,13.600000000000005,26.699999999999992,7.0,7.0
27,SANTO ANTONIO,2025,32,5.600000000000004,25.199999999999992,7.0,7.0
27,SANTO ANTONIO,2025,33,0.20000000000000356,67.99999999999999,5.0,7.0
27,SANTO ANTONIO,2025,34,3.0000000000000036,18.899999999999984,7.0,7.0
27,SANTO ANTONIO,2025,35,6.200000000000004,18.099999999999987,7.0,7.0
27,SANTO ANTONIO,2025,36,2.2000000000000037,31.69999999999999,7.0,7.0
27,SANTO ANTONIO,2025,37,0.20000000000000356,11.299999999999986,7.0,7.0
27,SANTO ANTONIO,2025,38,0.4000000000000036,8.199999999999985,7.0,7.0
27,SANTO ANTONIO,2025,39,1.2000000000000033,10.499999999999986,7.0,7.0
27,SANTO ANTONIO,2025,40,6.0000000000000036,15.999999999999986,6.0,7.0
27,SANTO ANTONIO,2025,41,0.0,6.899999999999986,7.0,7.0
27,SANTO ANTONIO,2025,42,0.0,5.7999999999999865,7.0,7.0
27,SANTO ANTONIO,2025,43,0.0,10.099999999999985,7.0,7.0
27,SANTO ANTONIO,2025,44,1.0000000000000036,10.399999999999984,7.0,7.0
27,SANTO ANTONIO,2025,45,0.20000000000000356,1.1999999999999857,7.0,7.0
27,SANTO ANTONIO,2025,46,0.20000000000000356,8.199999999999985,7.0,7.0
27,SANTO ANTONIO,2025,47,0.0,2.999999999999986,7.0,7.0
27,SANTO ANTONIO,2025,48,0.0,6.499999999999986,7.0,7.0
27,SANTO ANTONIO,2025,49,0.0,6.499999999999986,6.0,7.0
27,SANTO ANTONIO,2025,50,0.0,3.9999999999999862,7.0,7.0
27,SANTO ANTONIO,2025,51,0.0,4.599999999999985,7.0,7.0
27,SANTO ANTONIO,2025,52,0.0,8.899999999999986,7.0,7.0
27,SANTO ANTONIO,2025,53,0.0,5.699999999999986,7.0,7.0
19,RECIFE,2024,34,0.2,9.699999999999992,5.0,7.0
19,RECIFE,2024,35,2.2,12.999999999999993,7.0,7.0
19,RECIFE,2024,36,0.0,3.099999999999993,7.0,7.0
19,RECIFE,2024,37,19.599999999999998,17.099999999999994,7.0,7.0
19,RECIFE,2024,38,0.2,5.199999999999993,7.0,7.0
19,RECIFE,2024,39,0.0,6.199999999999993,7.0,7.0
19,RECIFE,2024,40,5.4,3.899999999999993,7.0,7.0
19,RECIFE,2024,41,0.0,2.299999999999993,7.0,7.0
19,RECIFE,2024,42,2.4000000000000004,1.9999999999999927,7.0,7.0
19,RECIFE,2024,43,2.2,3.999999999999993,7.0,7.0
19,RECIFE,2024,44,2.8000000000000003,5.399999999999992,7.0,7.0
19,RECIFE,2024,45,3.0000000000000004,10.199999999999994,6.0,7.0
19,RECIFE,2024,49,0.0,9.999999999999993,4.0,7.0
19,RECIFE,2024,50,2.6,5.5999999999999925,7.0,7.0
19,RECIFE,2024,51,0.0,9.299999999999994,7.0,7.0
19,RECIFE,2024,52,0.0,6.899999999999993,7.0,7.0
19,RECIFE,2025,1,0.0,7.799999999999993,6.0,7.0
19,RECIFE,2025,2,0.0,12.499999999999993,7.0,7.0
19,RECIFE,2025,3,0.0,33.89999999999999,5.0,7.0
19,RECIFE,2025,4,0.0,9.999999999999993,4.0,7.0
19,RECIFE,2025,5,0.6000000000000001,26.199999999999992,4.0,7.0
19,RECIFE,2025,6,3.4,35.89999999999999,4.0,7.0
19,RECIFE,2025,7,0.4,6.49999999999999,7.0,7.0
19,RECIFE,2025,8,3.6000000000000005,12.09999999999999,4.0,7.0
19,RECIFE,2025,9,2.0,21.89999999999999,7.0,7.0
19,RECIFE,2025,10,0.6000000000000001,21.69999999999999,6.0,7.0
19,RECIFE,2025,11,4.800000000000001,31.39999999999999,6.0,7.0
19,RECIFE,2025,12,0.2,19.599999999999987,6.0,7.0
19,RECIFE,2025,13,0.0,9.399999999999988,4.0,7.0
19,RECIFE,2025,14,14.600000000000001,18.39999999999999,4.0,7.0
19,RECIFE,2025,15,0.2,16.99999999999999,5.0,7.0
19,RECIFE,2025,16,0.4,8.29999999999999,6.0,7.0
19,RECIFE,2025,17,1.4,12.099999999999989,7.0,7.0
19,RECIFE,2025,18,0.0,2.699999999999989,5.0,7.0
19,RECIFE,2025,19,0.0,12.399999999999988,7.0,7.0
19,RECIFE,2025,20,4.6000000000000005,42.199999999999996,4.0,7.0
19,RECIFE,2025,21,0.2,55.8,5.0,7.0
19,RECIFE,2025,22,0.4,21.39999999999999,5.0,7.0
19,RECIFE,2025,23,2.8000000000000003,25.69999999999999,5.0,7.0
19,RECIFE,2025,24,2.4000000000000004,20.89999999999999,5.0,7.0
19,RECIFE,2025,25,0.40000000000000024,41.39999999999999,5.0,7.0
19,RECIFE,2025,26,47.800000000000004,37.79999999999999,7.0,7.0
19,RECIFE,2025,27,38.0,38.099999999999994,7.0,7.0
19,RECIFE,2025,28,42.20000000000001,23.999999999999993,7.0,7.0
19,RECIFE,2025,29,11.800000000000004,19.699999999999992,7.0,7.0
19,RECIFE,2025,30,7.400000000000004,13.199999999999992,7.0,7.0
19,RECIFE,2025,31,13.600000000000005,26.699999999999992,7.0,7.0
19,RECIFE,2025,32,5.600000000000004,25.199999999999992,7.0,7.0
19,RECIFE,2025,33,0.20000000000000356,67.99999999999999,5.0,7.0
19,RECIFE,2025,34,3.0000000000000036,18.899999999999984,7.0,7.0
19,RECIFE,2025,35,6.200000000000004,18.099999999999987,7.0,7.0
19,RECIFE,2025,36,2.2000000000000037,31.69999999999999,7.0,7.0
19,RECIFE,2025,37,0.20000000000000356,11.299999999999986,7.0,7.0
19,RECIFE,2025,38,0.4000000000000036,8.199999999999985,7.0,7.0
19,RECIFE,2025,39,1.2000000000000033,10.499999999999986,7.0,7.0
19,RECIFE,2025,40,6.0000000000000036,15.999999999999986,6.0,7.0
19,RECIFE,2025,41,0.0,6.899999999999986,7.0,7.0
19,RECIFE,2025,42,0.0,5.7999999999999865,7.0,7.0
19,RECIFE,2025,43,0.0,10.099999999999985,7.0,7.0
19,RECIFE,2025,44,1.0000000000000036,10.399999999999984,7.0,7.0
19,RECIFE,2025,45,0.20000000000000356,1.1999999999999857,7.0,7.0
19,RECIFE,2025,46,0.20000000000000356,8.199999999999985,7.0,7.0
19,RECIFE,2025,47,0.0,2.999999999999986,7.0,7.0
19,RECIFE,2025,48,0.0,6.499999999999986,7.0,7.0
19,RECIFE,2025,49,0.0,6.499999999999986,6.0,7.0
19,RECIFE,2025,50,0.0,3.9999999999999862,7.0,7.0
19,RECIFE,2025,51,0.0,4.599999999999985,7.0,7.0
19,RECIFE,2025,52,0.0,8.899999999999986,7.0,7.0
19,RECIFE,2025,53,0.0,5.699999999999986,7.0,7.0
302,HIPODROMO,2024,34,0.2,9.699999999999992,5.0,7.0
302,HIPODROMO,2024,35,4.966517933094385,12.999999999999993,7.0,7.0
302,HIPODROMO,2024,36,0.6000000000000001,3.099999999999993,7.0,7.0
302,HIPODROMO,2024,37,24.564408239500782,17.099999999999994,7.0,7.0
302,HIPODROMO,2024,38,2.1789365432098764,5.199999999999993,7.0,7.0
302,HIPODROMO,2024,39,15.407345146745321,6.199999999999993,7.0,7.0
302,HIPODROMO,2024,40,9.362435641732187,3.899999999999993,7.0,7.0
302,HIPODROMO,2024,41,0.0,2.299999999999993,7.0,7.0
302,HIPODROMO,2024,42,9.101137113223281,1.9999999999999927,7.0,7.0
302,HIPODROMO,2024,43,2.0012999999999996,3.999999999999993,7.0,7.0
302,HIPODROMO,2024,44,7.502444911691088,5.399999999999992,7.0,7.0
302,HIPODROMO,2024,45,7.702061536024379,10.199999999999994,7.0,7.0
302,HIPODROMO,2024,46,0.0,4.5999999999999925,7.0,7.0
302,HIPODROMO,2024,47,0.4,4.899999999999993,7.0,7.0
302,HIPODROMO,2024,48,0.9869004839783073,1.7999999999999927,7.0,7.0
302,HIPODROMO,2024,49,3.946959026027332,9.999999999999993,7.0,7.0
302,HIPODROMO,2024,50,1.1937179255396202,5.5999999999999925,7.0,7.0
302,HIPODROMO,2024,51,3.982579893949832,9.299999999999994,7.0,7.0
302,HIPODROMO,2024,52,1.780559416863672,6.899999999999993,7.0,7.0
302,HIPODROMO,2025,1,0.0,7.799999999999993,7.0,7.0
302,HIPODROMO,2025,2,0.7999999999999996,12.499999999999993,7.0,7.0
302,HIPODROMO,2025,3,137.69294661357216,33.89999999999999,7.0,7.0
302,HIPODROMO,2025,4,7.884399016170483,9.999999999999993,7.0,7.0
302,HIPODROMO,2025,5,128.69707237370918,26.199999999999992,7.0,7.0
302,HIPODROMO,2025,6,236.96221846491898,35.89999999999999,7.0,7.0
302,HIPODROMO,2025,7,18.08171195123691,6.49999999999999,7.0,7.0
302,HIPODROMO,2025,8,11.690587086880099,12.09999999999999,7.0,7.0
302,HIPODROMO,2025,9,14.191828718802263,21.89999999999999,7.0,7.0
302,HIPODROMO,2025,10,43.8573761248703,21.69999999999999,7.0,7.0
302,HIPODROMO,2025,11,36.16597301030836,31.39999999999999,7.0,7.0
302,HIPODROMO,2025,12,28.099771237328053,19.599999999999987,7.0,7.0
302,HIPODROMO,2025,13,45.359250081412306,9.399999999999988,7.0,7.0
302,HIPODROMO,2025,14,26.493752025493897,18.39999999999999,7.0,7.0
302,HIPODROMO,2025,15,29.38246359421136,16.99999999999999,7.0,7.0
302,HIPODROMO,2025,16,0.0,8.29999999999999,7.0,7.0
302,HIPODROMO,2025,17,26.229716670486493,12.099999999999989,7.0,7.0
302,HIPODROMO,2025,18,0.0,2.699999999999989,7.0,7.0
302,HIPODROMO,2025,19,11.832901251814825,12.399999999999988,7.0,7.0
302,HIPODROMO,2025,20,274.9822178345309,42.199999999999996,7.0,7.0
302,HIPODROMO,2025,21,102.7850248104794,55.8,7.0,7.0
302,HIPODROMO,2025,22,64.08204561435683,21.39999999999999,7.0,7.0
302,HIPODROMO,2025,23,71.95559910536045,25.69999999999999,7.0,7.0
302,HIPODROMO,2025,24,95.77705803994225,20.89999999999999,7.0,7.0
302,HIPODROMO,2025,25,77.21790808290373,41.39999999999999,7.0,7.0
302,HIPODROMO,2025,26,126.0178496720452,37.79999999999999,7.0,7.0
302,HIPODROMO,2025,27,95.8916612855212,38.099999999999994,7.0,7.0
302,HIPODROMO,2025,28,86.37908623618436,23.999999999999993,7.0,7.0
302,HIPODROMO,2025,29,20.373600963238026,19.699999999999992,7.0,7.0
302,HIPODROMO,2025,30,21.120098593100487,13.199999999999992,7.0,7.0
302,HIPODROMO,2025,31,117.98895332147755,26.699999999999992,7.0,7.0
302,HIPODROMO,2025,32,46.945811852335325,25.199999999999992,7.0,7.0
302,HIPODROMO,2025,33,83.73836838909665,67.99999999999999,7.0,7.0
302,HIPODROMO,2025,34,17.575841225416227,18.899999999999984,7.0,7.0
302,HIPODROMO,2025,35,23.08069047507499,18.099999999999987,7.0,7.0
302,HIPODROMO,2025,36,62.802874320389286,31.69999999999999,7.0,7.0
302,HIPODROMO,2025,37,1.0196,11.299999999999986,7.0,7.0
302,HIPODROMO,2025,38,0.79268,8.199999999999985,7.0,7.0
302,HIPODROMO,2025,39,3.760976456835935,10.499999999999986,7.0,7.0
302,HIPODROMO,2025,40,79.6411701916271,15.999999999999986,7.0,7.0
302,HIPODROMO,2025,41,3.3641410420963034,6.899999999999986,7.0,7.0
302,HIPODROMO,2025,42,1.1821830262834614,5.7999999999999865,7.0,7.0
302,HIPODROMO,2025,43,3.1540399762555826,10.099999999999985,7.0,7.0
302,HIPODROMO,2025,44,13.60157982470941,10.399999999999984,7.0,7.0
302,HIPODROMO,2025,45,0.0,1.1999999999999857,7.0,7.0
302,HIPODROMO,2025,46,7.895951956437659,8.199999999999985,7.0,7.0
302,HIPODROMO,2025,47,4.148146045257542,2.999999999999986,7.0,7.0
302,HIPODROMO,2025,48,1.585615298750207,6.499999999999986,7.0,7.0
302,HIPODROMO,2025,49,0.0,6.499999999999986,7.0,7.0
302,HIPODROMO,2025,50,0.0,3.9999999999999862,7.0,7.0
302,HIPODROMO,2025,51,0.1999999999999929,4.599999999999985,7.0,7.0
302,HIPODROMO,2025,52,10.260359344815587,8.899999999999986,7.0,7.0
302,HIPODROMO,2025,53,1.4029065526647542,5.699999999999986,7.0,7.0
183,ROSARINHO,2024,34,0.2,9.699999999999992,5.0,7.0
183,ROSARINHO,2024,35,4.966517933094385,12.999999999999993,7.0,7.0
183,ROSARINHO,2024,36,0.6000000000000001,3.099999999999993,7.0,7.0
183,ROSARINHO,2024,37,24.564408239500782,17.099999999999994,7.0,7.0
183,ROSARINHO,2024,38,2.1789365432098764,5.199999999999993,7.0,7.0
183,ROSARINHO,2024,39,15.407345146745321,6.199999999999993,7.0,7.0
183,ROSARINHO,2024,40,9.362435641732187,3.899999999999993,7.0,7.0
183,ROSARINHO,2024,41,0.0,2.299999999999993,7.0,7.0
183,ROSARINHO,2024,42,9.101137113223281,1.9999999999999927,7.0,7.0
183,ROSARINHO,2024,43,2.0012999999999996,3.999999999999993,7.0,7.0
183,ROSARINHO,2024,44,7.502444911691088,5.399999999999992,7.0,7.0
183,ROSARINHO,2024,45,7.702061536024379,10.199999999999994,7.0,7.0
183,ROSARINHO,2024,46,0.0,4.5999999999999925,7.0,7.0
183,ROSARINHO,2024,47,0.4,4.899999999999993,7.0,7.0
183,ROSARINHO,2024,48,0.9869004839783073,1.7999999999999927,7.0,7.0
183,ROSARINHO,2024,49,3.946959026027332,9.999999999999993,7.0,7.0
183,ROSARINHO,2024,50,1.1937179255396202,5.5999999999999925,7.0,7.0
183,ROSARINHO,2024,51,3.982579893949832,9.299999999999994,7.0,7.0
183,ROSARINHO,2024,52,1.780559416863672,6.899999999999993,7.0,7.0
183,ROSARINHO,2025,1,0.0,7.799999999999993,7.0,7.0
183,ROSARINHO,2025,2,0.7999999999999996,12.499999999999993,7.0,7.0
183,ROSARINHO,2025,3,137.69294661357216,33.89999999999999,7.0,7.0
183,ROSARINHO,2025,4,7.884399016170483,9.999999999999993,7.0,7.0
183,ROSARINHO,2025,5,128.69707237370918,26.199999999999992,7.0,7.0
183,ROSARINHO,2025,6,236.96221846491898,35.89999999999999,7.0,7.0
183,ROSARINHO,2025,7,18.08171195123691,6.49999999999999,7.0,7.0
183,ROSARINHO,2025,8,11.690587086880099,12.09999999999999,7.0,7.0
183,ROSARINHO,2025,9,14.191828718802263,21.89999999999999,7.0,7.0
183,ROSARINHO,2025,10,43.8573761248703,21.69999999999999,7.0,7.0
183,ROSARINHO,2025,11,36.16597301030836,31.39999999999999,7.0,7.0
183,ROSARINHO,2025,12,28.099771237328053,19.599999999999987,7.0,7.0
183,ROSARINHO,2025,13,45.359250081412306,9.399999999999988,7.0,7.0
183,ROSARINHO,2025,14,26.493752025493897,18.39999999999999,7.0,7.0
183,ROSARINHO,2025,15,29.38246359421136,16.99999999999999,7.0,7.0
183,ROSARINHO,2025,16,0.0,8.29999999999999,7.0,7.0
183,ROSARINHO,2025,17,26.229716670486493,12.099999999999989,7.0,7.0
183,ROSARINHO,2025,18,0.0,2.699999999999989,7.0,7.0
183,ROSARINHO,2025,19,11.832901251814825,12.399999999999988,7.0,7.0
183,ROSARINHO,2025,20,274.9822178345309,42.199999999999996,7.0,7.0
183,ROSARINHO,2025,21,102.7850248104794,55.8,7.0,7.0
183,ROSARINHO,2025,22,64.08204561435683,21.39999999999999,7.0,7.0
183,ROSARINHO,2025,23,71.95559910536045,25.69999999999999,7.0,7.0
183,ROSARINHO,2025,24,95.77705803994225,20.89999999999999,7.0,7.0
183,ROSARINHO,2025,25,77.21790808290373,41.39999999999999,7.0,7.0
183,ROSARINHO,2025,26,126.0178496720452,37.79999999999999,7.0,7.0
183,ROSARINHO,2025,27,95.8916612855212,38.099999999999994,7.0,7.0
183,ROSARINHO,2025,28,86.37908623618436,23.999999999999993,7.0,7.0
183,ROSARINHO,2025,29,20.373600963238026,19.699999999999992,7.0,7.0
183,ROSARINHO,2025,30,21.120098593100487,13.199999999999992,7.0,7.0
183,ROSARINHO,2025,31,117.98895332147755,26.699999999999992,7.0,7.0
183,ROSARINHO,2025,32,46.945811852335325,25.199999999999992,7.0,7.0
183,ROSARINHO,2025,33,83.73836838909665,67.99999999999999,7.0,7.0
183,ROSARINHO,2025,34,17.575841225416227,18.899999999999984,7.0,7.0
183,ROSARINHO,2025,35,23.08069047507499,18.099999999999987,7.0,7.0
183,ROSARINHO,2025,36,62.802874320389286,31.69999999999999,7.0,7.0
183,ROSARINHO,2025,37,1.0196,11.299999999999986,7.0,7.0
183,ROSARINHO,2025,38,0.79268,8.199999999999985,7.0,7.0
183,ROSARINHO,2025,39,3.760976456835935,10.499999999999986,7.0,7.0
183,ROSARINHO,2025,40,79.6411701916271,15.999999999999986,7.0,7.0
183,ROSARINHO,2025,41,3.3641410420963034,6.899999999999986,7.0,7.0
183,ROSARINHO,2025,42,1.1821830262834614,5.7999999999999865,7.0,7.0
183,ROSARINHO,2025,43,3.1540399762555826,10.099999999999985,7.0,7.0
183,ROSARINHO,2025,44,13.60157982470941,10.399999999999984,7.0,7.0
183,ROSARINHO,2025,45,0.0,1.1999999999999857,7.0,7.0
183,ROSARINHO,2025,46,7.895951956437659,8.199999999999985,7.0,7.0
183,ROSARINHO,2025,47,4.148146045257542,2.999999999999986,7.0,7.0
183,ROSARINHO,2025,48,1.585615298750207,6.499999999999986,7.0,7.0
183,ROSARINHO,2025,49,0.0,6.499999999999986,7.0,7.0
183,ROSARINHO,2025,50,0.0,3.9999999999999862,7.0,7.0
183,ROSARINHO,2025,51,0.1999999999999929,4.599999999999985,7.0,7.0
183,ROSARINHO,2025,52,10.260359344815587,8.899999999999986,7.0,7.0
183,ROSARINHO,2025,53,1.4029065526647542,5.699999999999986,7.0,7.0
310,CAMPINA DO BARRETO,2024,34,0.2,9.699999999999992,5.0,7.0
310,CAMPINA DO BARRETO,2024,35,3.567578081056552,12.999999999999993,7.0,7.0
310,CAMPINA DO BARRETO,2024,36,1.7770247199033082,3.099999999999993,7.0,7.0
310,CAMPINA DO BARRETO,2024,37,36.44396379101257,17.099999999999994,7.0,7.0
310,CAMPINA DO BARRETO,2024,38,3.975807649375107,5.199999999999993,7.0,7.0
310,CAMPINA DO BARRETO,2024,39,8.705087457835566,6.199999999999993,7.0,7.0
310,CAMPINA DO BARRETO,2024,40,3.743679288174964,3.899999999999993,7.0,7.0
310,CAMPINA DO BARRETO,2024,41,0.5999999999999996,2.299999999999993,7.0,7.0
310,CAMPINA DO BARRETO,2024,42,12.602647607207691,1.9999999999999927,7.0,7.0
310,CAMPINA DO BARRETO,2024,43,1.1780400000000002,3.999999999999993,7.0,7.0
310,CAMPINA DO BARRETO,2024,44,0.7871452310202469,5.399999999999992,7.0,7.0
310,CAMPINA DO BARRETO,2024,45,1.7878641975308642,10.199999999999994,7.0,7.0
310,CAMPINA DO BARRETO,2024,46,0.0,4.5999999999999925,7.0,7.0
310,CAMPINA DO BARRETO,2024,47,0.0,4.899999999999993,7.0,7.0
310,CAMPINA DO BARRETO,2024,48,0.0,1.7999999999999927,7.0,7.0
310,CAMPINA DO BARRETO,2024,49,5.157625614444147,9.999999999999993,7.0,7.0
310,CAMPINA DO BARRETO,2024,50,0.0,5.5999999999999925,7.0,7.0
310,CAMPINA DO BARRETO,2024,51,4.346234005911206,9.299999999999994,7.0,7.0
310,CAMPINA DO BARRETO,2024,52,1.2000000000000002,6.899999999999993,7.0,7.0
310,CAMPINA DO BARRETO,2025,1,0.2,7.799999999999993,7.0,7.0
310,CAMPINA DO BARRETO,2025,2,0.0,12.499999999999993,7.0,7.0
310,CAMPINA DO BARRETO,2025,3,164.46607163700492,33.89999999999999,7.0,7.0
310,CAMPINA DO BARRETO,2025,4,13.402057860953304,9.999999999999993,7.0,7.0
310,CAMPINA DO BARRETO,2025,5,102.37904081691963,26.199999999999992,7.0,7.0
310,CAMPINA DO BARRETO,2025,6,191.16823447726497,35.89999999999999,7.0,7.0
310,CAMPINA DO BARRETO,2025,7,4.766665344636531,6.49999999999999,7.0,7.0
310,CAMPINA DO BARRETO,2025,8,4.153385897420713,12.09999999999999,7.0,7.0
310,CAMPINA DO BARRETO,2025,9,13.471488204085095,21.89999999999999,7.0,7.0
310,CAMPINA DO BARRETO,2025,10,29.828767852915647,21.69999999999999,7.0,7.0
310,CAMPINA DO BARRETO,2025,11,47.498351286895655,31.39999999999999,7.0,7.0
310,CAMPINA DO BARRETO,2025,12,14.830558744548542,19.599999999999987,7.0,7.0
310,CAMPINA DO BARRETO,2025,13,56.37899153379832,9.399999999999988,7.0,7.0
310,CAMPINA DO BARRETO,2025,14,22.603886148592693,18.39999999999999,7.0,7.0
310,CAMPINA DO BARRETO,2025,15,8.52299082596863,16.99999999999999,7.0,7.0
310,CAMPINA DO BARRETO,2025,16,0.2,8.29999999999999,7.0,7.0
310,CAMPINA DO BARRETO,2025,17,52.46532924750729,12.099999999999989,7.0,7.0
310,CAMPINA DO BARRETO,2025,18,0.0,2.699999999999989,7.0,7.0
310,CAMPINA DO BARRETO,2025,19,5.9407567289584176,12.399999999999988,7.0,7.0
310,CAMPINA DO BARRETO,2025,20,271.1755776190935,42.199999999999996,7.0,7.0
310,CAMPINA DO BARRETO,2025,21,95.45979014395475,55.8,7.0,7.0
310,CAMPINA DO BARRETO,2025,22,71.12012190249638,21.39999999999999,7.0,7.0
310,CAMPINA DO BARRETO,2025,23,72.87951593291216,25.69999999999999,7.0,7.0
310,CAMPINA DO BARRETO,2025,24,71.53611878608423,20.89999999999999,7.0,7.0
310,CAMPINA DO BARRETO,2025,25,83.98080121221199,41.39999999999999,7.0,7.0
310,CAMPINA DO BARRETO,2025,26,129.2185400712142,37.79999999999999,7.0,7.0
310,CAMPINA DO BARRETO,2025,27,95.78049042039443,38.099999999999994,7.0,7.0
310,CAMPINA DO BARRETO,2025,28,83.45618078407333,23.999999999999993,7.0,7.0
310,CAMPINA DO BARRETO,2025,29,16.36622126288067,19.699999999999992,7.0,7.0
310,CAMPINA DO BARRETO,2025,30,28.453328835508444,13.199999999999992,7.0,7.0
310,CAMPINA DO BARRETO,2025,31,85.19967456802307,26.699999999999992,7.0,7.0
310,CAMPINA DO BARRETO,2025,32,46.32241830308418,25.199999999999992,7.0,7.0
310,CAMPINA DO BARRETO,2025,33,95.66701581429524,67.99999999999999,7.0,7.0
310,CAMPINA DO BARRETO,2025,34,20.35656941348664,18.899999999999984,7.0,7.0
310,CAMPINA DO BARRETO,2025,35,33.693508918963566,18.099999999999987,7.0,7.0
310,CAMPINA DO BARRETO,2025,36,64.6768785485504,31.69999999999999,7.0,7.0
310,CAMPINA DO BARRETO,2025,37,3.351955170026757,11.299999999999986,7.0,7.0
310,CAMPINA DO BARRETO,2025,38,3.35777951916827,8.199999999999985,7.0,7.0
310,CAMPINA DO BARRETO,2025,39,4.729108539615247,10.499999999999986,7.0,7.0
310,CAMPINA DO BARRETO,2025,40,77.92431941885427,15.999999999999986,7.0,7.0
310,CAMPINA DO BARRETO,2025,41,0.0,6.899999999999986,7.0,7.0
310,CAMPINA DO BARRETO,2025,42,1.1938305114638235,5.7999999999999865,7.0,7.0
310,CAMPINA DO BARRETO,2025,43,1.7883219578409848,10.099999999999985,7.0,7.0
310,CAMPINA DO BARRETO,2025,44,10.47707381151325,10.399999999999984,7.0,7.0
310,CAMPINA DO BARRETO,2025,45,0.0,1.1999999999999857,1.0,7.0
310,CAMPINA DO BARRETO,2025,46,9.832355508091032,8.199999999999985,3.0,7.0
310,CAMPINA DO BARRETO,2025,47,1.4391999999999787,2.999999999999986,6.0,7.0
310,CAMPINA DO BARRETO,2025,48,3.3547844461973444,6.499999999999986,7.0,7.0
310,CAMPINA DO BARRETO,2025,49,10.5068729885327,6.499999999999986,6.0,7.0
310,CAMPINA DO BARRETO,2025,50,0.19999999999998047,3.9999999999999862,7.0,7.0
310,CAMPINA DO BARRETO,2025,51,0.0,4.599999999999985,2.0,7.0
310,CAMPINA DO BARRETO,2025,52,20.100274456585726,8.899999999999986,4.0,7.0
310,CAMPINA DO BARRETO,2025,53,6.91359999999998,5.699999999999986,2.0,7.0
442,CASA FORTE,2024,34,0.4,9.699999999999992,5.0,7.0
442,CASA FORTE,2024,35,7.499708658761813,12.999999999999993,7.0,7.0
442,CASA FORTE,2024,36,2.3627101548502463,3.099999999999993,7.0,7.0
442,CASA FORTE,2024,37,35.60959924167842,17.099999999999994,7.0,7.0
442,CASA FORTE,2024,38,6.513633241738725,5.199999999999993,7.0,7.0
442,CASA FORTE,2024,39,12.398056238795107,6.199999999999993,7.0,7.0
442,CASA FORTE,2024,40,5.127459181792688,3.899999999999993,7.0,7.0
442,CASA FORTE,2024,41,0.0,2.299999999999993,2.0,7.0
442,CASA FORTE,2025,14,21.790041652236912,18.39999999999999,2.0,7.0
442,CASA FORTE,2025,36,4.33995015041389,31.69999999999999,1.0,7.0
442,CASA FORTE,2025,37,0.0,11.299999999999986,2.0,7.0
442,CASA FORTE,2025,38,0.0,8.199999999999985,3.0,7.0
469,PARNAMIRIM,2024,34,0.0,9.699999999999992,4.0,7.0
469,PARNAMIRIM,2024,35,0.0,12.999999999999993,7.0,7.0
469,PARNAMIRIM,2024,36,0.0,3.099999999999993,6.0,7.0
469,PARNAMIRIM,2024,37,0.0,17.099999999999994,6.0,7.0
469,PARNAMIRIM,2024,38,0.0,5.199999999999993,6.0,7.0
469,PARNAMIRIM,2024,39,0.0,6.199999999999993,7.0,7.0
469,PARNAMIRIM,2024,40,0.0,3.899999999999993,6.0,7.0
469,PARNAMIRIM,2024,41,0.0,2.299999999999993,7.0,7.0
469,PARNAMIRIM,2024,42,0.0,1.9999999999999927,7.0,7.0
469,PARNAMIRIM,2024,43,0.0,3.999999999999993,6.0,7.0
469,PARNAMIRIM,2024,44,0.0,5.399999999999992,6.0,7.0
469,PARNAMIRIM,2024,45,0.0,10.199999999999994,7.0,7.0
469,PARNAMIRIM,2024,46,0.0,4.5999999999999925,7.0,7.0
469,PARNAMIRIM,2024,47,0.0,4.899999999999993,7.0,7.0
469,PARNAMIRIM,2024,48,0.0,1.7999999999999927,6.0,7.0
469,PARNAMIRIM,2024,49,0.0,9.999999999999993,5.0,7.0
469,PARNAMIRIM,2024,50,0.0,5.5999999999999925,3.0,7.0
469,PARNAMIRIM,2024,51,0.0,9.299999999999994,7.0,7.0
469,PARNAMIRIM,2024,52,0.0,6.899999999999993,6.0,7.0
469,PARNAMIRIM,2025,1,0.0,7.799999999999993,5.0,7.0
469,PARNAMIRIM,2025,2,0.0,12.499999999999993,6.0,7.0
469,PARNAMIRIM,2025,3,0.0,33.89999999999999,3.0,7.0
469,PARNAMIRIM,2025,4,0.0,9.999999999999993,7.0,7.0
469,PARNAMIRIM,2025,5,0.0,26.199999999999992,7.0,7.0
469,PARNAMIRIM,2025,6,0.0,35.89999999999999,5.0,7.0
469,PARNAMIRIM,2025,7,0.0,6.49999999999999,4.0,7.0
469,PARNAMIRIM,2025,8,0.0,12.09999999999999,5.0,7.0
469,PARNAMIRIM,2025,9,0.0,21.89999999999999,5.0,7.0
469,PARNAMIRIM,2025,10,0.0,21.69999999999999,7.0,7.0
469,PARNAMIRIM,2025,11,0.0,31.39999999999999,6.0,7.0
469,PARNAMIRIM,2025,12,0.0,19.599999999999987,5.0,7.0
469,PARNAMIRIM,2025,13,0.0,9.399999999999988,4.0,7.0
469,PARNAMIRIM,2025,14,0.0,18.39999999999999,4.0,7.0
469,PARNAMIRIM,2025,36,2.9537614825854934,31.69999999999999,3.0,7.0
469,PARNAMIRIM,2025,37,0.0,11.299999999999986,6.0,7.0
469,PARNAMIRIM,2025,38,0.0,8.199999999999985,6.0,7.0
469,PARNAMIRIM,2025,39,0.0,10.499999999999986,5.0,7.0
469,PARNAMIRIM,2025,40,0.0,15.999999999999986,5.0,7.0
469,PARNAMIRIM,2025,41,0.0,6.899999999999986,7.0,7.0
469,PARNAMIRIM,2025,42,0.0,5.7999999999999865,6.0,7.0
469,PARNAMIRIM,2025,43,0.0,10.099999999999985,6.0,7.0
469,PARNAMIRIM,2025,44,0.0,10.399999999999984,6.0,7.0
469,PARNAMIRIM,2025,45,0.0,1.1999999999999857,6.0,7.0
469,PARNAMIRIM,2025,46,0.0,8.199999999999985,7.0,7.0
469,PARNAMIRIM,2025,47,0.0,2.999999999999986,7.0,7.0
469,PARNAMIRIM,2025,48,0.0,6.499999999999986,7.0,7.0
469,PARNAMIRIM,2025,49,0.0,6.499999999999986,7.0,7.0
469,PARNAMIRIM,2025,50,0.0,3.9999999999999862,7.0,7.0
469,PARNAMIRIM,2025,51,0.0,4.599999999999985,6.0,7.0
469,PARNAMIRIM,2025,52,0.0,8.899999999999986,7.0,7.0
469,PARNAMIRIM,2025,53,0.0,5.699999999999986,7.0,7.0
418,GUABIRABA,2024,34,1.0,9.699999999999992,5.0,7.0
418,GUABIRABA,2024,35,11.067828134749766,12.999999999999993,7.0,7.0
418,GUABIRABA,2024,36,2.7566446052832494,3.099999999999993,7.0,7.0
418,GUABIRABA,2024,37,32.81462725059813,17.099999999999994,7.0,7.0
418,GUABIRABA,2024,38,4.1532189001122335,5.199999999999993,7.0,7.0
418,GUABIRABA,2024,39,17.98445114653809,6.199999999999993,7.0,7.0
418,GUABIRABA,2024,40,6.92878436743834,3.899999999999993,7.0,7.0
418,GUABIRABA,2024,41,0.0,2.299999999999993,7.0,7.0
418,GUABIRABA,2024,42,10.668989729765528,1.9999999999999927,7.0,7.0
418,GUABIRABA,2024,43,1.5780540430898944,3.999999999999993,7.0,7.0
418,GUABIRABA,2024,44,4.134594435076096,5.399999999999992,7.0,7.0
418,GUABIRABA,2024,45,7.101240260958644,10.199999999999994,7.0,7.0
418,GUABIRABA,2024,46,0.0,4.5999999999999925,7.0,7.0
418,GUABIRABA,2024,47,0.0,4.899999999999993,7.0,7.0
418,GUABIRABA,2024,48,0.0,1.7999999999999927,7.0,7.0
418,GUABIRABA,2024,49,26.798177705329884,9.999999999999993,7.0,7.0
418,GUABIRABA,2024,50,2.6209702800361336,5.5999999999999925,7.0,7.0
418,GUABIRABA,2024,51,12.493799054965944,9.299999999999994,7.0,7.0
418,GUABIRABA,2024,52,4.532885228695249,6.899999999999993,7.0,7.0
418,GUABIRABA,2025,1,1.1814778310684788,7.799999999999993,7.0,7.0
418,GUABIRABA,2025,2,3.155606279884132,12.499999999999993,7.0,7.0
418,GUABIRABA,2025,3,109.20998759402947,33.89999999999999,7.0,7.0
418,GUABIRABA,2025,4,32.0881797788921,9.999999999999993,7.0,7.0
418,GUABIRABA,2025,5,97.68023843230867,26.199999999999992,7.0,7.0
418,GUABIRABA,2025,6,242.81246461026475,35.89999999999999,7.0,7.0
418,GUABIRABA,2025,7,19.104474105077678,6.49999999999999,7.0,7.0
418,GUABIRABA,2025,8,6.918489030480778,12.09999999999999,7.0,7.0
418,GUABIRABA,2025,9,44.651261959272766,21.89999999999999,7.0,7.0
418,GUABIRABA,2025,10,60.86305360447736,21.69999999999999,7.0,7.0
418,GUABIRABA,2025,11,91.67102592830551,31.39999999999999,7.0,7.0
418,GUABIRABA,2025,12,38.485103655505974,19.599999999999987,7.0,7.0
418,GUABIRABA,2025,13,88.75520327119851,9.399999999999988,7.0,7.0
418,GUABIRABA,2025,14,35.49410651223762,18.39999999999999,7.0,7.0
418,GUABIRABA,2025,15,24.695179192443888,16.99999999999999,7.0,7.0
418,GUABIRABA,2025,16,1.0196,8.29999999999999,7.0,7.0
418,GUABIRABA,2025,17,61.49808472226481,12.099999999999989,7.0,7.0
418,GUABIRABA,2025,18,1.38281186440678,2.699999999999989,7.0,7.0
418,GUABIRABA,2025,19,9.728939557276938,12.399999999999988,7.0,7.0
418,GUABIRABA,2025,20,258.607566823019,42.199999999999996,7.0,7.0
418,GUABIRABA,2025,21,116.41987887666264,55.8,7.0,7.0
418,GUABIRABA,2025,22,85.52894081125422,21.39999999999999,7.0,7.0
418,GUABIRABA,2025,23,89.13198152225551,25.69999999999999,7.0,7.0
418,GUABIRABA,2025,24,90.55468990062998,20.89999999999999,7.0,7.0
418,GUABIRABA,2025,25,77.54302841947701,41.39999999999999,7.0,7.0
418,GUABIRABA,2025,26,152.90303221337385,37.79999999999999,7.0,7.0
418,GUABIRABA,2025,27,111.95563803406232,38.099999999999994,7.0,7.0
418,GUABIRABA,2025,28,80.64007946594714,23.999999999999993,7.0,7.0
418,GUABIRABA,2025,29,15.476189449724803,19.699999999999992,7.0,7.0
418,GUABIRABA,2025,30,24.327894661208138,13.199999999999992,7.0,7.0
418,GUABIRABA,2025,31,98.11583650089958,26.699999999999992,7.0,7.0
418,GUABIRABA,2025,32,55.968132830581865,25.199999999999992,7.0,7.0
418,GUABIRABA,2025,33,102.5783140588305,67.99999999999999,7.0,7.0
418,GUABIRABA,2025,34,36.350904370058004,18.899999999999984,7.0,7.0
418,GUABIRABA,2025,35,35.11041223434371,18.099999999999987,7.0,7.0
418,GUABIRABA,2025,36,91.0040920435325,31.69999999999999,7.0,7.0
418,GUABIRABA,2025,37,1.9753648247372577,11.299999999999986,7.0,7.0
418,GUABIRABA,2025,38,0.8,8.199999999999985,6.0,7.0
418,GUABIRABA,2025,40,0.5926800000000001,15.999999999999986,2.0,7.0
418,GUABIRABA,2025,41,2.5725238312082572,6.899999999999986,7.0,7.0
418,GUABIRABA,2025,42,0.99268,5.7999999999999865,7.0,7.0
418,GUABIRABA,2025,43,5.150500057709401,10.099999999999985,7.0,7.0
418,GUABIRABA,2025,44,18.563999368484374,10.399999999999984,7.0,7.0
418,GUABIRABA,2025,45,0.0,1.1999999999999857,7.0,7.0
418,GUABIRABA,2025,46,11.27742762907514,8.199999999999985,7.0,7.0
418,GUABIRABA,2025,47,4.3363936705339725,2.999999999999986,7.0,7.0
418,GUABIRABA,2025,48,4.7396538880900305,6.499999999999986,7.0,7.0
418,GUABIRABA,2025,49,5.732900977578345,6.499999999999986,7.0,7.0
418,GUABIRABA,2025,50,1.1926800000000002,3.9999999999999862,7.0,7.0
418,GUABIRABA,2025,51,0.0,4.599999999999985,7.0,7.0
418,GUABIRABA,2025,52,25.289040645824983,8.899999999999986,7.0,7.0
418,GUABIRABA,2025,53,0.0,5.699999999999986,7.0,7.0
43,ILHA JOANA BEZERRA,2024,34,3.146336706706707,9.699999999999992,5.0,7.0
43,ILHA JOANA BEZERRA,2024,35,16.5812223445951,12.999999999999993,7.0,7.0
43,ILHA JOANA BEZERRA,2024,36,4.3299195120401475,3.099999999999993,7.0,7.0
43,ILHA JOANA BEZERRA,2024,37,13.856090740064904,17.099999999999994,2.0,7.0
51,CABANGA,2024,34,1.9737498884906413,9.699999999999992,5.0,7.0
51,CABANGA,2024,35,7.685290643473013,12.999999999999993,7.0,7.0
51,CABANGA,2024,36,2.757741471271443,3.099999999999993,7.0,7.0
51,CABANGA,2024,37,20.889054924185736,17.099999999999994,7.0,7.0
51,CABANGA,2024,38,5.126817619133457,5.199999999999993,7.0,7.0
51,CABANGA,2024,39,7.881557942732446,6.199999999999993,7.0,7.0
51,CABANGA,2024,40,5.9157206421990685,3.899999999999993,7.0,7.0
51,CABANGA,2024,41,0.0,2.299999999999993,7.0,7.0
51,CABANGA,2024,42,2.56706,1.9999999999999927,7.0,7.0
51,CABANGA,2024,43,0.0,3.999999999999993,7.0,7.0
51,CABANGA,2024,44,4.15758436420208,5.399999999999992,7.0,7.0
51,CABANGA,2024,45,1.1890200000000002,10.199999999999994,7.0,7.0
51,CABANGA,2024,46,0.0,4.5999999999999925,7.0,7.0
51,CABANGA,2024,47,0.5926800000000001,4.899999999999993,7.0,7.0
51,CABANGA,2024,48,0.0,1.7999999999999927,7.0,7.0
51,CABANGA,2024,49,5.905722485537299,9.999999999999993,7.0,7.0
51,CABANGA,2024,50,0.0,5.5999999999999925,7.0,7.0
51,CABANGA,2024,51,4.92869494672755,9.299999999999994,7.0,7.0
51,CABANGA,2024,52,1.5818762056824696,6.899999999999993,7.0,7.0
51,CABANGA,2025,1,0.4196,7.799999999999993,7.0,7.0
51,CABANGA,2025,2,0.4,12.499999999999993,7.0,7.0
51,CABANGA,2025,3,33.705076735224644,33.89999999999999,7.0,7.0
51,CABANGA,2025,4,16.374887521254642,9.999999999999993,7.0,7.0
51,CABANGA,2025,5,124.78189575907001,26.199999999999992,7.0,7.0
51,CABANGA,2025,6,106.74291252873235,35.89999999999999,7.0,7.0
51,CABANGA,2025,7,14.802803064483314,6.49999999999999,7.0,7.0
51,CABANGA,2025,8,5.523727176760673,12.09999999999999,7.0,7.0
51,CABANGA,2025,9,13.233676879554848,21.89999999999999,7.0,7.0
51,CABANGA,2025,10,28.559297216514892,21.69999999999999,7.0,7.0
51,CABANGA,2025,11,14.199606758089097,31.39999999999999,7.0,7.0
51,CABANGA,2025,12,33.47472088800603,19.599999999999987,7.0,7.0
51,CABANGA,2025,13,65.32119394492032,9.399999999999988,7.0,7.0
51,CABANGA,2025,14,12.39966579108443,18.39999999999999,7.0,7.0
51,CABANGA,2025,15,15.593958087135562,16.99999999999999,7.0,7.0
51,CABANGA,2025,16,0.0,8.29999999999999,7.0,7.0
51,CABANGA,2025,17,41.5413625464124,12.099999999999989,7.0,7.0
51,CABANGA,2025,18,0.0,2.699999999999989,7.0,7.0
51,CABANGA,2025,19,14.223027086042238,12.399999999999988,7.0,7.0
51,CABANGA,2025,20,108.60544198509069,42.199999999999996,7.0,7.0
51,CABANGA,2025,21,58.15144100339313,55.8,7.0,7.0
51,CABANGA,2025,22,0.0,21.39999999999999,7.0,7.0
51,CABANGA,2025,23,0.5954491096196939,25.69999999999999,7.0,7.0
51,CABANGA,2025,24,1.4588000000000072,20.89999999999999,7.0,7.0
51,CABANGA,2025,25,0.0,41.39999999999999,7.0,7.0
51,CABANGA,2025,26,2.7633436254394446,37.79999999999999,7.0,7.0
51,CABANGA,2025,27,0.0,38.099999999999994,7.0,7.0
51,CABANGA,2025,28,0.0,23.999999999999993,7.0,7.0
51,CABANGA,2025,29,0.0,19.699999999999992,7.0,7.0
51,CABANGA,2025,30,0.0,13.199999999999992,7.0,7.0
51,CABANGA,2025,31,0.0,26.699999999999992,7.0,7.0
51,CABANGA,2025,32,0.0,25.199999999999992,7.0,7.0
51,CABANGA,2025,33,0.0,67.99999999999999,7.0,7.0
51,CABANGA,2025,34,0.0,18.899999999999984,7.0,7.0
51,CABANGA,2025,35,0.0,18.099999999999987,7.0,7.0
51,CABANGA,2025,36,0.0,31.69999999999999,7.0,7.0
51,CABANGA,2025,37,0.0,11.299999999999986,7.0,7.0
51,CABANGA,2025,38,0.0,8.199999999999985,7.0,7.0
51,CABANGA,2025,39,0.0,10.499999999999986,7.0,7.0
51,CABANGA,2025,40,0.0,15.999999999999986,7.0,7.0
51,CABANGA,2025,41,0.0,6.899999999999986,7.0,7.0
51,CABANGA,2025,42,0.0,5.7999999999999865,7.0,7.0
51,CABANGA,2025,43,0.0,10.099999999999985,7.0,7.0
51,CABANGA,2025,44,0.0,10.399999999999984,7.0,7.0
51,CABANGA,2025,45,0.0,1.1999999999999857,7.0,7.0
51,CABANGA,2025,46,0.0,8.199999999999985,7.0,7.0
51,CABANGA,2025,47,0.0,2.999999999999986,7.0,7.0
51,CABANGA,2025,48,0.0,6.499999999999986,7.0,7.0
51,CABANGA,2025,49,0.0,6.499999999999986,7.0,7.0
51,CABANGA,2025,50,0.0,3.9999999999999862,7.0,7.0
51,CABANGA,2025,51,0.0,4.599999999999985,7.0,7.0
51,CABANGA,2025,52,0.0,8.899999999999986,7.0,7.0
51,CABANGA,2025,53,0.0,5.699999999999986,7.0,7.0
78,ILHA DO LEITE,2024,34,0.2,9.699999999999992,5.0,7.0
78,ILHA DO LEITE,2024,35,2.2,12.999999999999993,7.0,7.0
78,ILHA DO LEITE,2024,36,0.0,3.099999999999993,7.0,7.0
78,ILHA DO LEITE,2024,37,19.599999999999998,17.099999999999994,7.0,7.0
78,ILHA DO LEITE,2024,38,0.2,5.199999999999993,7.0,7.0
78,ILHA DO LEITE,2024,39,0.0,6.199999999999993,7.0,7.0
78,ILHA DO LEITE,2024,40,5.4,3.899999999999993,7.0,7.0
78,ILHA DO LEITE,2024,41,0.0,2.299999999999993,7.0,7.0
78,ILHA DO LEITE,2024,42,2.4000000000000004,1.9999999999999927,7.0,7.0
78,ILHA DO LEITE,2024,43,2.2,3.999999999999993,7.0,7.0
78,ILHA DO LEITE,2024,44,2.8000000000000003,5.399999999999992,7.0,7.0
78,ILHA DO LEITE,2024,45,3.0000000000000004,10.199999999999994,6.0,7.0
78,ILHA DO LEITE,2024,49,0.0,9.999999999999993,4.0,7.0
78,ILHA DO LEITE,2024,50,2.6,5.5999999999999925,7.0,7.0
78,ILHA DO LEITE,2024,51,0.0,9.299999999999994,7.0,7.0
78,ILHA DO LEITE,2024,52,0.0,6.899999999999993,7.0,7.0
78,ILHA DO LEITE,2025,1,0.0,7.799999999999993,6.0,7.0
78,ILHA DO LEITE,2025,2,0.0,12.499999999999993,7.0,7.0
78,ILHA DO LEITE,2025,3,0.0,33.89999999999999,5.0,7.0
78,ILHA DO LEITE,2025,4,0.0,9.999999999999993,4.0,7.0
78,ILHA DO LEITE,2025,5,0.6000000000000001,26.199999999999992,4.0,7.0
78,ILHA DO LEITE,2025,6,3.4,35.89999999999999,4.0,7.0
78,ILHA DO LEITE,2025,7,0.4,6.49999999999999,7.0,7.0
78,ILHA DO LEITE,2025,8,3.6000000000000005,12.09999999999999,4.0,7.0
78,ILHA DO LEITE,2025,9,2.0,21.89999999999999,7.0,7.0
78,ILHA DO LEITE,2025,10,0.6000000000000001,21.69999999999999,6.0,7.0
78,ILHA DO LEITE,2025,11,4.800000000000001,31.39999999999999,6.0,7.0
78,ILHA DO LEITE,2025,12,0.2,19.599999999999987,6.0,7.0
78,ILHA DO LEITE,2025,13,0.0,9.399999999999988,4.0,7.0
78,ILHA DO LEITE,2025,14,14.600000000000001,18.39999999999999,4.0,7.0
78,ILHA DO LEITE,2025,15,0.2,16.99999999999999,5.0,7.0
78,ILHA DO LEITE,2025,16,0.4,8.29999999999999,6.0,7.0
78,ILHA DO LEITE,2025,17,1.4,12.099999999999989,7.0,7.0
78,ILHA DO LEITE,2025,18,0.0,2.699999999999989,5.0,7.0
78,ILHA DO LEITE,2025,19,0.0,12.399999999999988,7.0,7.0
78,ILHA DO LEITE,2025,20,4.6000000000000005,42.199999999999996,4.0,7.0
78,ILHA DO LEITE,2025,21,0.2,55.8,5.0,7.0
78,ILHA DO LEITE,2025,22,0.4,21.39999999999999,5.0,7.0
78,ILHA DO LEITE,2025,23,2.8000000000000003,25.69999999999999,5.0,7.0
78,ILHA DO LEITE,2025,24,2.4000000000000004,20.89999999999999,5.0,7.0
78,ILHA DO LEITE,2025,25,0.40000000000000024,41.39999999999999,5.0,7.0
78,ILHA DO LEITE,2025,26,47.800000000000004,37.79999999999999,7.0,7.0
78,ILHA DO LEITE,2025,27,38.0,38.099999999999994,7.0,7.0
78,ILHA DO LEITE,2025,28,42.20000000000001,23.999999999999993,7.0,7.0
78,ILHA DO LEITE,2025,29,11.800000000000004,19.699999999999992,7.0,7.0
78,ILHA DO LEITE,2025,30,7.400000000000004,13.199999999999992,7.0,7.0
78,ILHA DO LEITE,2025,31,13.600000000000005,26.699999999999992,7.0,7.0
78,ILHA DO LEITE,2025,32,5.600000000000004,25.199999999999992,7.0,7.0
78,ILHA DO LEITE,2025,33,0.20000000000000356,67.99999999999999,5.0,7.0
78,ILHA DO LEITE,2025,34,3.0000000000000036,18.899999999999984,7.0,7.0
78,ILHA DO LEITE,2025,35,6.200000000000004,18.099999999999987,7.0,7.0
78,ILHA DO LEITE,2025,36,2.2000000000000037,31.69999999999999,7.0,7.0
78,ILHA DO LEITE,2025,37,0.20000000000000356,11.299999999999986,7.0,7.0
78,ILHA DO LEITE,2025,38,0.4000000000000036,8.199999999999985,7.0,7.0
78,ILHA DO LEITE,2025,39,1.2000000000000033,10.499999999999986,7.0,7.0
78,ILHA DO LEITE,2025,40,6.0000000000000036,15.999999999999986,6.0,7.0
78,ILHA DO LEITE,2025,41,0.0,6.899999999999986,7.0,7.0
78,ILHA DO LEITE,2025,42,0.0,5.7999999999999865,7.0,7.0
78,ILHA DO LEITE,2025,43,0.0,10.099999999999985,7.0,7.0
78,ILHA DO LEITE,2025,44,1.0000000000000036,10.399999999999984,7.0,7.0
78,ILHA DO LEITE,2025,45,0.20000000000000356,1.1999999999999857,7.0,7.0
78,ILHA DO LEITE,2025,46,0.20000000000000356,8.199999999999985,7.0,7.0
78,ILHA DO LEITE,2025,47,0.0,2.999999999999986,7.0,7.0
78,ILHA DO LEITE,2025,48,0.0,6.499999999999986,7.0,7.0
78,ILHA DO LEITE,2025,49,0.0,6.499999999999986,6.0,7.0
78,ILHA DO LEITE,2025,50,0.0,3.9999999999999862,7.0,7.0
78,ILHA DO LEITE,2025,51,0.0,4.599999999999985,7.0,7.0
78,ILHA DO LEITE,2025,52,0.0,8.899999999999986,7.0,7.0
78,ILHA DO LEITE,2025,53,0.0,5.699999999999986,7.0,7.0
639,PAU FERRO,2024,34,4.541565190010924,9.699999999999992,5.0,7.0
639,PAU FERRO,2024,35,10.878268852451756,12.999999999999993,7.0,7.0
639,PAU FERRO,2024,36,2.768556009885179,3.099999999999993,7.0,7.0
639,PAU FERRO,2024,37,7.1100061877973975,17.099999999999994,6.0,7.0
639,PAU FERRO,2024,38,0.7853600000000001,5.199999999999993,5.0,7.0
639,PAU FERRO,2024,39,0.0,6.199999999999993,3.0,7.0
639,PAU FERRO,2024,42,0.2,1.9999999999999927,4.0,7.0
639,PAU FERRO,2024,43,1.01228,3.999999999999993,7.0,7.0
639,PAU FERRO,2024,44,0.0,5.399999999999992,6.0,7.0
639,PAU FERRO,2024,45,2.001823093845308,10.199999999999994,7.0,7.0
639,PAU FERRO,2024,46,0.3972465283083807,4.5999999999999925,6.0,7.0
639,PAU FERRO,2024,47,0.0,4.899999999999993,7.0,7.0
639,PAU FERRO,2024,48,0.0,1.7999999999999927,6.0,7.0
639,PAU FERRO,2024,49,9.876934090957203,9.999999999999993,7.0,7.0
639,PAU FERRO,2024,50,0.39268000000000003,5.5999999999999925,7.0,7.0
639,PAU FERRO,2024,51,0.4,9.299999999999994,7.0,7.0
639,PAU FERRO,2024,52,0.0,6.899999999999993,7.0,7.0
639,PAU FERRO,2025,1,0.2,7.799999999999993,2.0,7.0
639,PAU FERRO,2025,2,0.0,12.499999999999993,7.0,7.0
639,PAU FERRO,2025,3,0.4,33.89999999999999,5.0,7.0
639,PAU FERRO,2025,4,4.331488265597474,9.999999999999993,7.0,7.0
639,PAU FERRO,2025,5,19.36244741492638,26.199999999999992,6.0,7.0
639,PAU FERRO,2025,6,17.55267031135776,35.89999999999999,6.0,7.0
639,PAU FERRO,2025,7,1.1822238389261766,6.49999999999999,7.0,7.0
639,PAU FERRO,2025,8,0.2000000000000018,12.09999999999999,6.0,7.0
639,PAU FERRO,2025,9,3.545511938064696,21.89999999999999,5.0,7.0
639,PAU FERRO,2025,10,14.223279643027347,21.69999999999999,7.0,7.0
639,PAU FERRO,2025,11,10.079490682101454,31.39999999999999,7.0,7.0
639,PAU FERRO,2025,12,7.486540000000002,19.599999999999987,6.0,7.0
639,PAU FERRO,2025,13,0.9908550282485886,9.399999999999988,7.0,7.0
639,PAU FERRO,2025,14,5.512530636868652,18.39999999999999,6.0,7.0
639,PAU FERRO,2025,15,1.9707124423409221,16.99999999999999,6.0,7.0
639,PAU FERRO,2025,16,0.0,8.29999999999999,7.0,7.0
639,PAU FERRO,2025,17,5.912134361200955,12.099999999999989,5.0,7.0
639,PAU FERRO,2025,18,0.0,2.699999999999989,5.0,7.0
639,PAU FERRO,2025,19,20.75053385557185,12.399999999999988,6.0,7.0
639,PAU FERRO,2025,20,57.54692878384458,42.199999999999996,7.0,7.0
639,PAU FERRO,2025,21,28.612931436617835,55.8,6.0,7.0
639,PAU FERRO,2025,22,5.946469615144641,21.39999999999999,7.0,7.0
639,PAU FERRO,2025,23,13.063291495603007,25.69999999999999,7.0,7.0
639,PAU FERRO,2025,24,24.38203015800033,20.89999999999999,7.0,7.0
639,PAU FERRO,2025,25,43.34038583724883,41.39999999999999,6.0,7.0
639,PAU FERRO,2025,26,23.704209178637665,37.79999999999999,7.0,7.0
639,PAU FERRO,2025,27,1.785722442830243,38.099999999999994,5.0,7.0
639,PAU FERRO,2025,28,12.07473112350742,23.999999999999993,5.0,7.0
639,PAU FERRO,2025,29,5.548003902093868,19.699999999999992,6.0,7.0
639,PAU FERRO,2025,30,5.523681580346588,13.199999999999992,6.0,7.0
639,PAU FERRO,2025,31,21.74190619459449,26.699999999999992,4.0,7.0
639,PAU FERRO,2025,32,12.077159336152791,25.199999999999992,6.0,7.0
639,PAU FERRO,2025,33,8.303938296118789,67.99999999999999,6.0,7.0
639,PAU FERRO,2025,34,8.935387520984246,18.899999999999984,7.0,7.0
639,PAU FERRO,2025,35,1.9926800000000038,18.099999999999987,6.0,7.0
639,PAU FERRO,2025,36,15.217644147659502,31.69999999999999,6.0,7.0
639,PAU FERRO,2025,37,2.5590128871776106,11.299999999999986,5.0,7.0
639,PAU FERRO,2025,38,2.5623279810768538,8.199999999999985,7.0,7.0
639,PAU FERRO,2025,40,12.998994151067004,15.999999999999986,4.0,7.0
639,PAU FERRO,2025,41,0.7926800000000036,6.899999999999986,7.0,7.0
639,PAU FERRO,2025,42,0.20000000000000356,5.7999999999999865,4.0,7.0
795,MANGUEIRA,2024,34,3.146336706706707,9.699999999999992,5.0,7.0
795,MANGUEIRA,2024,35,16.5812223445951,12.999999999999993,7.0,7.0
795,MANGUEIRA,2024,36,4.3299195120401475,3.099999999999993,7.0,7.0
795,MANGUEIRA,2024,37,13.856090740064904,17.099999999999994,2.0,7.0
108,SANTO AMARO,2024,34,0.2,9.699999999999992,5.0,7.0
108,SANTO AMARO,2024,35,2.2,12.999999999999993,7.0,7.0
108,SANTO AMARO,2024,36,0.0,3.099999999999993,7.0,7.0
108,SANTO AMARO,2024,37,19.599999999999998,17.099999999999994,7.0,7.0
108,SANTO AMARO,2024,38,0.2,5.199999999999993,7.0,7.0
108,SANTO AMARO,2024,39,0.0,6.199999999999993,7.0,7.0
108,SANTO AMARO,2024,40,5.4,3.899999999999993,7.0,7.0
108,SANTO AMARO,2024,41,0.0,2.299999999999993,7.0,7.0
108,SANTO AMARO,2024,42,2.4000000000000004,1.9999999999999927,7.0,7.0
108,SANTO AMARO,2024,43,2.2,3.999999999999993,7.0,7.0
108,SANTO AMARO,2024,44,2.8000000000000003,5.399999999999992,7.0,7.0
108,SANTO AMARO,2024,45,3.0000000000000004,10.199999999999994,6.0,7.0
108,SANTO AMARO,2024,49,0.0,9.999999999999993,4.0,7.0
108,SANTO AMARO,2024,50,2.6,5.5999999999999925,7.0,7.0
108,SANTO AMARO,2024,51,0.0,9.299999999999994,7.0,7.0
108,SANTO AMARO,2024,52,0.0,6.899999999999993,7.0,7.0
108,SANTO AMARO,2025,1,0.0,7.799999999999993,6.0,7.0
108,SANTO AMARO,2025,2,0.0,12.499999999999993,7.0,7.0
108,SANTO AMARO,2025,3,0.0,33.89999999999999,5.0,7.0
108,SANTO AMARO,2025,4,0.0,9.999999999999993,4.0,7.0
108,SANTO AMARO,2025,5,0.6000000000000001,26.199999999999992,4.0,7.0
108,SANTO AMARO,2025,6,3.4,35.89999999999999,4.0,7.0
108,SANTO AMARO,2025,7,0.4,6.49999999999999,7.0,7.0
108,SANTO AMARO,2025,8,3.6000000000000005,12.09999999999999,4.0,7.0
108,SANTO AMARO,2025,9,2.0,21.89999999999999,7.0,7.0
108,SANTO AMARO,2025,10,0.6000000000000001,21.69999999999999,6.0,7.0
108,SANTO AMARO,2025,11,4.800000000000001,31.39999999999999,6.0,7.0
108,SANTO AMARO,2025,12,0.2,19.599999999999987,6.0,7.0
108,SANTO AMARO,2025,13,0.0,9.399999999999988,4.0,7.0
108,SANTO AMARO,2025,14,14.600000000000001,18.39999999999999,4.0,7.0
108,SANTO AMARO,2025,15,0.2,16.99999999999999,5.0,7.0
108,SANTO AMARO,2025,16,0.4,8.29999999999999,6.0,7.0
108,SANTO AMARO,2025,17,1.4,12.099999999999989,7.0,7.0
108,SANTO AMARO,2025,18,0.0,2.699999999999989,5.0,7.0
108,SANTO AMARO,2025,19,0.0,12.399999999999988,7.0,7.0
108,SANTO AMARO,2025,20,4.6000000000000005,42.199999999999996,4.0,7.0
108,SANTO AMARO,2025,21,0.2,55.8,5.0,7.0
108,SANTO AMARO,2025,22,0.4,21.39999999999999,5.0,7.0
108,SANTO AMARO,2025,23,2.8000000000000003,25.69999999999999,5.0,7.0
108,SANTO AMARO,2025,24,2.4000000000000004,20.89999999999999,5.0,7.0
108,SANTO AMARO,2025,25,0.40000000000000024,41.39999999999999,5.0,7.0
108,SANTO AMARO,2025,26,47.800000000000004,37.79999999999999,7.0,7.0
108,SANTO AMARO,2025,27,38.0,38.099999999999994,7.0,7.0
108,SANTO AMARO,2025,28,42.20000000000001,23.999999999999993,7.0,7.0
108,SANTO AMARO,2025,29,11.800000000000004,19.699999999999992,7.0,7.0
108,SANTO AMARO,2025,30,7.400000000000004,13.199999999999992,7.0,7.0
108,SANTO AMARO,2025,31,13.600000000000005,26.699999999999992,7.0,7.0
108,SANTO AMARO,2025,32,5.600000000000004,25.199999999999992,7.0,7.0
108,SANTO AMARO,2025,33,0.20000000000000356,67.99999999999999,5.0,7.0
108,SANTO AMARO,2025,34,3.0000000000000036,18.899999999999984,7.0,7.0
108,SANTO AMARO,2025,35,6.200000000000004,18.099999999999987,7.0,7.0
108,SANTO AMARO,2025,36,2.2000000000000037,31.69999999999999,7.0,7.0
108,SANTO AMARO,2025,37,0.20000000000000356,11.299999999999986,7.0,7.0
108,SANTO AMARO,2025,38,0.4000000000000036,8.199999999999985,7.0,7.0
108,SANTO AMARO,2025,39,1.2000000000000033,10.499999999999986,7.0,7.0
108,SANTO AMARO,2025,40,6.0000000000000036,15.999999999999986,6.0,7.0
108,SANTO AMARO,2025,41,0.0,6.899999999999986,7.0,7.0
108,SANTO AMARO,2025,42,0.0,5.7999999999999865,7.0,7.0
108,SANTO AMARO,2025,43,0.0,10.099999999999985,7.0,7.0
108,SANTO AMARO,2025,44,1.0000000000000036,10.399999999999984,7.0,7.0
108,SANTO AMARO,2025,45,0.20000000000000356,1.1999999999999857,7.0,7.0
108,SANTO AMARO,2025,46,0.20000000000000356,8.199999999999985,7.0,7.0
108,SANTO AMARO,2025,47,0.0,2.999999999999986,7.0,7.0
108,SANTO AMARO,2025,48,0.0,6.499999999999986,7.0,7.0
108,SANTO AMARO,2025,49,0.0,6.499999999999986,6.0,7.0
108,SANTO AMARO,2025,50,0.0,3.9999999999999862,7.0,7.0
108,SANTO AMARO,2025,51,0.0,4.599999999999985,7.0,7.0
108,SANTO AMARO,2025,52,0.0,8.899999999999986,7.0,7.0
108,SANTO AMARO,2025,53,0.0,5.699999999999986,7.0,7.0
86,BOA VISTA,2024,34,0.2,9.699999999999992,5.0,7.0
86,BOA VISTA,2024,35,4.966517933094385,12.999999999999993,7.0,7.0
86,BOA VISTA,2024,36,0.6000000000000001,3.099999999999993,7.0,7.0
86,BOA VISTA,2024,37,24.564408239500782,17.099999999999994,7.0,7.0
86,BOA VISTA,2024,38,2.1789365432098764,5.199999999999993,7.0,7.0
86,BOA VISTA,2024,39,15.407345146745321,6.199999999999993,7.0,7.0
86,BOA VISTA,2024,40,9.362435641732187,3.899999999999993,7.0,7.0
86,BOA VISTA,2024,41,0.0,2.299999999999993,7.0,7.0
86,BOA VISTA,2024,42,9.101137113223281,1.9999999999999927,7.0,7.0
86,BOA VISTA,2024,43,2.0012999999999996,3.999999999999993,7.0,7.0
86,BOA VISTA,2024,44,7.502444911691088,5.399999999999992,7.0,7.0
86,BOA VISTA,2024,45,7.702061536024379,10.199999999999994,7.0,7.0
86,BOA VISTA,2024,46,0.0,4.5999999999999925,7.0,7.0
86,BOA VISTA,2024,47,0.4,4.899999999999993,7.0,7.0
86,BOA VISTA,2024,48,0.9869004839783073,1.7999999999999927,7.0,7.0
86,BOA VISTA,2024,49,3.946959026027332,9.999999999999993,7.0,7.0
86,BOA VISTA,2024,50,1.1937179255396202,5.5999999999999925,7.0,7.0
86,BOA VISTA,2024,51,3.982579893949832,9.299999999999994,7.0,7.0
86,BOA VISTA,2024,52,1.780559416863672,6.899999999999993,7.0,7.0
86,BOA VISTA,2025,1,0.0,7.799999999999993,7.0,7.0
86,BOA VISTA,2025,2,0.7999999999999996,12.499999999999993,7.0,7.0
86,BOA VISTA,2025,3,137.69294661357216,33.89999999999999,7.0,7.0
86,BOA VISTA,2025,4,7.884399016170483,9.999999999999993,7.0,7.0
86,BOA VISTA,2025,5,128.69707237370918,26.199999999999992,7.0,7.0
86,BOA VISTA,2025,6,236.96221846491898,35.89999999999999,7.0,7.0
86,BOA VISTA,2025,7,18.08171195123691,6.49999999999999,7.0,7.0
86,BOA VISTA,2025,8,11.690587086880099,12.09999999999999,7.0,7.0
86,BOA VISTA,2025,9,14.191828718802263,21.89999999999999,7.0,7.0
86,BOA VISTA,2025,10,43.8573761248703,21.69999999999999,7.0,7.0
86,BOA VISTA,2025,11,36.16597301030836,31.39999999999999,7.0,7.0
86,BOA VISTA,2025,12,28.099771237328053,19.599999999999987,7.0,7.0
86,BOA VISTA,2025,13,45.359250081412306,9.399999999999988,7.0,7.0
86,BOA VISTA,2025,14,26.493752025493897,18.39999999999999,7.0,7.0
86,BOA VISTA,2025,15,29.38246359421136,16.99999999999999,7.0,7.0
86,BOA VISTA,2025,16,0.0,8.29999999999999,7.0,7.0
86,BOA VISTA,2025,17,26.229716670486493,12.099999999999989,7.0,7.0
86,BOA VISTA,2025,18,0.0,2.699999999999989,7.0,7.0
86,BOA VISTA,2025,19,11.832901251814825,12.399999999999988,7.0,7.0
86,BOA VISTA,2025,20,274.9822178345309,42.199999999999996,7.0,7.0
86,BOA VISTA,2025,21,102.7850248104794,55.8,7.0,7.0
86,BOA VISTA,2025,22,64.08204561435683,21.39999999999999,7.0,7.0
86,BOA VISTA,2025,23,71.95559910536045,25.69999999999999,7.0,7.0
86,BOA VISTA,2025,24,95.77705803994225,20.89999999999999,7.0,7.0
86,BOA VISTA,2025,25,77.21790808290373,41.39999999999999,7.0,7.0
86,BOA VISTA,2025,26,126.0178496720452,37.79999999999999,7.0,7.0
86,BOA VISTA,2025,27,95.8916612855212,38.099999999999994,7.0,7.0
86,BOA VISTA,2025,28,86.37908623618436,23.999999999999993,7.0,7.0
86,BOA VISTA,2025,29,20.373600963238026,19.699999999999992,7.0,7.0
86,BOA VISTA,2025,30,21.120098593100487,13.199999999999992,7.0,7.0
86,BOA VISTA,2025,31,117.98895332147755,26.699999999999992,7.0,7.0
86,BOA VISTA,2025,32,46.945811852335325,25.199999999999992,7.0,7.0
86,BOA VISTA,2025,33,83.73836838909665,67.99999999999999,7.0,7.0
86,BOA VISTA,2025,34,17.575841225416227,18.899999999999984,7.0,7.0
86,BOA VISTA,2025,35,23.08069047507499,18.099999999999987,7.0,7.0
86,BOA VISTA,2025,36,62.802874320389286,31.69999999999999,7.0,7.0
86,BOA VISTA,2025,37,1.0196,11.299999999999986,7.0,7.0
86,BOA VISTA,2025,38,0.79268,8.199999999999985,7.0,7.0
86,BOA VISTA,2025,39,3.760976456835935,10.499999999999986,7.0,7.0
86,BOA VISTA,2025,40,79.6411701916271,15.999999999999986,7.0,7.0
86,BOA VISTA,2025,41,3.3641410420963034,6.899999999999986,7.0,7.0
86,BOA VISTA,2025,42,1.1821830262834614,5.7999999999999865,7.0,7.0
86,BOA VISTA,2025,43,3.1540399762555826,10.099999999999985,7.0,7.0
86,BOA VISTA,2025,44,13.60157982470941,10.399999999999984,7.0,7.0
86,BOA VISTA,2025,45,0.0,1.1999999999999857,7.0,7.0
86,BOA VISTA,2025,46,7.895951956437659,8.199999999999985,7.0,7.0
86,BOA VISTA,2025,47,4.148146045257542,2.999999999999986,7.0,7.0
86,BOA VISTA,2025,48,1.585615298750207,6.499999999999986,7.0,7.0
86,BOA VISTA,2025,49,0.0,6.499999999999986,7.0,7.0
86,BOA VISTA,2025,50,0.0,3.9999999999999862,7.0,7.0
86,BOA VISTA,2025,51,0.1999999999999929,4.599999999999985,7.0,7.0
86,BOA VISTA,2025,52,10.260359344815587,8.899999999999986,7.0,7.0
86,BOA VISTA,2025,53,1.4029065526647542,5.699999999999986,7.0,7.0
124,ESPINHEIRO,2024,34,0.2,9.699999999999992,5.0,7.0
124,ESPINHEIRO,2024,35,4.966517933094385,12.999999999999993,7.0,7.0
124,ESPINHEIRO,2024,36,0.6000000000000001,3.099999999999993,7.0,7.0
124,ESPINHEIRO,2024,37,24.564408239500782,17.099999999999994,7.0,7.0
124,ESPINHEIRO,2024,38,2.1789365432098764,5.199999999999993,7.0,7.0
124,ESPINHEIRO,2024,39,15.407345146745321,6.199999999999993,7.0,7.0
124,ESPINHEIRO,2024,40,9.362435641732187,3.899999999999993,7.0,7.0
124,ESPINHEIRO,2024,41,0.0,2.299999999999993,7.0,7.0
124,ESPINHEIRO,2024,42,9.101137113223281,1.9999999999999927,7.0,7.0
124,ESPINHEIRO,2024,43,2.0012999999999996,3.999999999999993,7.0,7.0
124,ESPINHEIRO,2024,44,7.502444911691088,5.399999999999992,7.0,7.0
124,ESPINHEIRO,2024,45,7.702061536024379,10.199999999999994,7.0,7.0
124,ESPINHEIRO,2024,46,0.0,4.5999999999999925,7.0,7.0
124,ESPINHEIRO,2024,47,0.4,4.899999999999993,7.0,7.0
124,ESPINHEIRO,2024,48,0.9869004839783073,1.7999999999999927,7.0,7.0
124,ESPINHEIRO,2024,49,3.946959026027332,9.999999999999993,7.0,7.0
124,ESPINHEIRO,2024,50,1.1937179255396202,5.5999999999999925,7.0,7.0
124,ESPINHEIRO,2024,51,3.982579893949832,9.299999999999994,7.0,7.0
124,ESPINHEIRO,2024,52,1.780559416863672,6.899999999999993,7.0,7.0
124,ESPINHEIRO,2025,1,0.0,7.799999999999993,7.0,7.0
124,ESPINHEIRO,2025,2,0.7999999999999996,12.499999999999993,7.0,7.0
124,ESPINHEIRO,2025,3,137.69294661357216,33.89999999999999,7.0,7.0
124,ESPINHEIRO,2025,4,7.884399016170483,9.999999999999993,7.0,7.0
124,ESPINHEIRO,2025,5,128.69707237370918,26.199999999999992,7.0,7.0
124,ESPINHEIRO,2025,6,236.96221846491898,35.89999999999999,7.0,7.0
124,ESPINHEIRO,2025,7,18.08171195123691,6.49999999999999,7.0,7.0
124,ESPINHEIRO,2025,8,11.690587086880099,12.09999999999999,7.0,7.0
124,ESPINHEIRO,2025,9,14.191828718802263,21.89999999999999,7.0,7.0
124,ESPINHEIRO,2025,10,43.8573761248703,21.69999999999999,7.0,7.0
124,ESPINHEIRO,2025,11,36.16597301030836,31.39999999999999,7.0,7.0
124,ESPINHEIRO,2025,12,28.099771237328053,19.599999999999987,7.0,7.0
124,ESPINHEIRO,2025,13,45.359250081412306,9.399999999999988,7.0,7.0
124,ESPINHEIRO,2025,14,26.493752025493897,18.39999999999999,7.0,7.0
124,ESPINHEIRO,2025,15,29.38246359421136,16.99999999999999,7.0,7.0
124,ESPINHEIRO,2025,16,0.0,8.29999999999999,7.0,7.0
124,ESPINHEIRO,2025,17,26.229716670486493,12.099999999999989,7.0,7.0
124,ESPINHEIRO,2025,18,0.0,2.699999999999989,7.0,7.0
124,ESPINHEIRO,2025,19,11.832901251814825,12.399999999999988,7.0,7.0
124,ESPINHEIRO,2025,20,274.9822178345309,42.199999999999996,7.0,7.0
124,ESPINHEIRO,2025,21,102.7850248104794,55.8,7.0,7.0
124,ESPINHEIRO,2025,22,64.08204561435683,21.39999999999999,7.0,7.0
124,ESPINHEIRO,2025,23,71.95559910536045,25.69999999999999,7.0,7.0
124,ESPINHEIRO,2025,24,95.77705803994225,20.89999999999999,7.0,7.0
124,ESPINHEIRO,2025,25,77.21790808290373,41.39999999999999,7.0,7.0
124,ESPINHEIRO,2025,26,126.0178496720452,37.79999999999999,7.0,7.0
124,ESPINHEIRO,2025,27,95.8916612855212,38.099999999999994,7.0,7.0
124,ESPINHEIRO,2025,28,86.37908623618436,23.999999999999993,7.0,7.0
124,ESPINHEIRO,2025,29,20.373600963238026,19.699999999999992,7.0,7.0
124,ESPINHEIRO,2025,30,21.120098593100487,13.199999999999992,7.0,7.0
124,ESPINHEIRO,2025,31,117.98895332147755,26.699999999999992,7.0,7.0
124,ESPINHEIRO,2025,32,46.945811852335325,25.199999999999992,7.0,7.0
124,ESPINHEIRO,2025,33,83.73836838909665,67.99999999999999,7.0,7.0
124,ESPINHEIRO,2025,34,17.575841225416227,18.899999999999984,7.0,7.0
124,ESPINHEIRO,2025,35,23.08069047507499,18.099999999999987,7.0,7.0
124,ESPINHEIRO,2025,36,62.802874320389286,31.69999999999999,7.0,7.0
124,ESPINHEIRO,2025,37,1.0196,11.299999999999986,7.0,7.0
124,ESPINHEIRO,2025,38,0.79268,8.199999999999985,7.0,7.0
124,ESPINHEIRO,2025,39,3.760976456835935,10.499999999999986,7.0,7.0
124,ESPINHEIRO,2025,40,79.6411701916271,15.999999999999986,7.0,7.0
124,ESPINHEIRO,2025,41,3.3641410420963034,6.899999999999986,7.0,7.0
124,ESPINHEIRO,2025,42,1.1821830262834614,5.7999999999999865,7.0,7.0
124,ESPINHEIRO,2025,43,3.1540399762555826,10.099999999999985,7.0,7.0
124,ESPINHEIRO,2025,44,13.60157982470941,10.399999999999984,7.0,7.0
124,ESPINHEIRO,2025,45,0.0,1.1999999999999857,7.0,7.0
124,ESPINHEIRO,2025,46,7.895951956437659,8.199999999999985,7.0,7.0
124,ESPINHEIRO,2025,47,4.148146045257542,2.999999999999986,7.0,7.0
124,ESPINHEIRO,2025,48,1.585615298750207,6.499999999999986,7.0,7.0
124,ESPINHEIRO,2025,49,0.0,6.499999999999986,7.0,7.0
124,ESPINHEIRO,2025,50,0.0,3.9999999999999862,7.0,7.0
124,ESPINHEIRO,2025,51,0.1999999999999929,4.599999999999985,7.0,7.0
124,ESPINHEIRO,2025,52,10.260359344815587,8.899999999999986,7.0,7.0
124,ESPINHEIRO,2025,53,1.4029065526647542,5.699999999999986,7.0,7.0
140,DERBY,2024,34,0.2,9.699999999999992,5.0,7.0
140,DERBY,2024,35,4.966517933094385,12.999999999999993,7.0,7.0
140,DERBY,2024,36,0.6000000000000001,3.099999999999993,7.0,7.0
140,DERBY,2024,37,24.564408239500782,17.099999999999994,7.0,7.0
140,DERBY,2024,38,2.1789365432098764,5.199999999999993,7.0,7.0
140,DERBY,2024,39,15.407345146745321,6.199999999999993,7.0,7.0
140,DERBY,2024,40,9.362435641732187,3.899999999999993,7.0,7.0
140,DERBY,2024,41,0.0,2.299999999999993,7.0,7.0
140,DERBY,2024,42,9.101137113223281,1.9999999999999927,7.0,7.0
140,DERBY,2024,43,2.0012999999999996,3.999999999999993,7.0,7.0
140,DERBY,2024,44,7.502444911691088,5.399999999999992,7.0,7.0
140,DERBY,2024,45,7.702061536024379,10.199999999999994,7.0,7.0
140,DERBY,2024,46,0.0,4.5999999999999925,7.0,7.0
140,DERBY,2024,47,0.4,4.899999999999993,7.0,7.0
140,DERBY,2024,48,0.9869004839783073,1.7999999999999927,7.0,7.0
140,DERBY,2024,49,3.946959026027332,9.999999999999993,7.0,7.0
140,DERBY,2024,50,1.1937179255396202,5.5999999999999925,7.0,7.0
140,DERBY,2024,51,3.982579893949832,9.299999999999994,7.0,7.0
140,DERBY,2024,52,1.780559416863672,6.899999999999993,7.0,7.0
140,DERBY,2025,1,0.0,7.799999999999993,7.0,7.0
140,DERBY,2025,2,0.7999999999999996,12.499999999999993,7.0,7.0
140,DERBY,2025,3,137.69294661357216,33.89999999999999,7.0,7.0
140,DERBY,2025,4,7.884399016170483,9.999999999999993,7.0,7.0
140,DERBY,2025,5,128.69707237370918,26.199999999999992,7.0,7.0
140,DERBY,2025,6,236.96221846491898,35.89999999999999,7.0,7.0
140,DERBY,2025,7,18.08171195123691,6.49999999999999,7.0,7.0
140,DERBY,2025,8,11.690587086880099,12.09999999999999,7.0,7.0
140,DERBY,2025,9,14.191828718802263,21.89999999999999,7.0,7.0
140,DERBY,2025,10,43.8573761248703,21.69999999999999,7.0,7.0
140,DERBY,2025,11,36.16597301030836,31.39999999999999,7.0,7.0
140,DERBY,2025,12,28.099771237328053,19.599999999999987,7.0,7.0
140,DERBY,2025,13,45.359250081412306,9.399999999999988,7.0,7.0
140,DERBY,2025,14,26.493752025493897,18.39999999999999,7.0,7.0
140,DERBY,2025,15,29.38246359421136,16.99999999999999,7.0,7.0
140,DERBY,2025,16,0.0,8.29999999999999,7.0,7.0
140,DERBY,2025,17,26.229716670486493,12.099999999999989,7.0,7.0
140,DERBY,2025,18,0.0,2.699999999999989,7.0,7.0
140,DERBY,2025,19,11.832901251814825,12.399999999999988,7.0,7.0
140,DERBY,2025,20,274.9822178345309,42.199999999999996,7.0,7.0
140,DERBY,2025,21,102.7850248104794,55.8,7.0,7.0
140,DERBY,2025,22,64.08204561435683,21.39999999999999,7.0,7.0
140,DERBY,2025,23,71.95559910536045,25.69999999999999,7.0,7.0
140,DERBY,2025,24,95.77705803994225,20.89999999999999,7.0,7.0
140,DERBY,2025,25,77.21790808290373,41.39999999999999,7.0,7.0
140,DERBY,2025,26,126.0178496720452,37.79999999999999,7.0,7.0
140,DERBY,2025,27,95.8916612855212,38.099999999999994,7.0,7.0
140,DERBY,2025,28,86.37908623618436,23.999999999999993,7.0,7.0
140,DERBY,2025,29,20.373600963238026,19.699999999999992,7.0,7.0
140,DERBY,2025,30,21.120098593100487,13.199999999999992,7.0,7.0
140,DERBY,2025,31,117.98895332147755,26.699999999999992,7.0,7.0
140,DERBY,2025,32,46.945811852335325,25.199999999999992,7.0,7.0
140,DERBY,2025,33,83.73836838909665,67.99999999999999,7.0,7.0
140,DERBY,2025,34,17.575841225416227,18.899999999999984,7.0,7.0
140,DERBY,2025,35,23.08069047507499,18.099999999999987,7.0,7.0
140,DERBY,2025,36,62.802874320389286,31.69999999999999,7.0,7.0
140,DERBY,2025,37,1.0196,11.299999999999986,7.0,7.0
140,DERBY,2025,38,0.79268,8.199999999999985,7.0,7.0
140,DERBY,2025,39,3.760976456835935,10.499999999999986,7.0,7.0
140,DERBY,2025,40,79.6411701916271,15.999999999999986,7.0,7.0
140,DERBY,2025,41,3.3641410420963034,6.899999999999986,7.0,7.0
140,DERBY,2025,42,1.1821830262834614,5.7999999999999865,7.0,7.0
140,DERBY,2025,43,3.1540399762555826,10.099999999999985,7.0,7.0
140,DERBY,2025,44,13.60157982470941,10.399999999999984,7.0,7.0
140,DERBY,2025,45,0.0,1.1999999999999857,7.0,7.0
140,DERBY,2025,46,7.895951956437659,8.199999999999985,7.0,7.0
140,DERBY,2025,47,4.148146045257542,2.999999999999986,7.0,7.0
140,DERBY,2025,48,1.585615298750207,6.499999999999986,7.0,7.0
140,DERBY,2025,49,0.0,6.499999999999986,7.0,7.0
140,DERBY,2025,50,0.0,3.9999999999999862,7.0,7.0
140,DERBY,2025,51,0.1999999999999929,4.599999999999985,7.0,7.0
140,DERBY,2025,52,10.260359344815587,8.899999999999986,7.0,7.0
140,DERBY,2025,53,1.4029065526647542,5.699999999999986,7.0,7.0
450,SANTANA,2024,34,0.4,9.699999999999992,5.0,7.0
450,SANTANA,2024,35,7.499708658761813,12.999999999999993,7.0,7.0
450,SANTANA,2024,36,2.3627101548502463,3.099999999999993,7.0,7.0
450,SANTANA,2024,37,35.60959924167842,17.099999999999994,7.0,7.0
450,SANTANA,2024,38,6.513633241738725,5.199999999999993,7.0,7.0
450,SANTANA,2024,39,12.398056238795107,6.199999999999993,7.0,7.0
450,SANTANA,2024,40,5.127459181792688,3.899999999999993,7.0,7.0
450,SANTANA,2024,41,0.0,2.299999999999993,2.0,7.0
450,SANTANA,2025,14,21.790041652236912,18.39999999999999,2.0,7.0
450,SANTANA,2025,36,4.33995015041389,31.69999999999999,1.0,7.0
450,SANTANA,2025,37,0.0,11.299999999999986,2.0,7.0
450,SANTANA,2025,38,0.0,8.199999999999985,3.0,7.0
94,PAISSANDU,2024,34,0.2,9.699999999999992,5.0,7.0
94,PAISSANDU,2024,35,2.2,12.999999999999993,7.0,7.0
94,PAISSANDU,2024,36,0.0,3.099999999999993,7.0,7.0
94,PAISSANDU,2024,37,19.599999999999998,17.099999999999994,7.0,7.0
94,PAISSANDU,2024,38,0.2,5.199999999999993,7.0,7.0
94,PAISSANDU,2024,39,0.0,6.199999999999993,7.0,7.0
94,PAISSANDU,2024,40,5.4,3.899999999999993,7.0,7.0
94,PAISSANDU,2024,41,0.0,2.299999999999993,7.0,7.0
94,PAISSANDU,2024,42,2.4000000000000004,1.9999999999999927,7.0,7.0
94,PAISSANDU,2024,43,2.2,3.999999999999993,7.0,7.0
94,PAISSANDU,2024,44,2.8000000000000003,5.399999999999992,7.0,7.0
94,PAISSANDU,2024,45,3.0000000000000004,10.199999999999994,6.0,7.0
94,PAISSANDU,2024,49,0.0,9.999999999999993,4.0,7.0
94,PAISSANDU,2024,50,2.6,5.5999999999999925,7.0,7.0
94,PAISSANDU,2024,51,0.0,9.299999999999994,7.0,7.0
94,PAISSANDU,2024,52,0.0,6.899999999999993,7.0,7.0
94,PAISSANDU,2025,1,0.0,7.799999999999993,6.0,7.0
94,PAISSANDU,2025,2,0.0,12.499999999999993,7.0,7.0
94,PAISSANDU,2025,3,0.0,33.89999999999999,5.0,7.0
94,PAISSANDU,2025,4,0.0,9.999999999999993,4.0,7.0
94,PAISSANDU,2025,5,0.6000000000000001,26.199999999999992,4.0,7.0
94,PAISSANDU,2025,6,3.4,35.89999999999999,4.0,7.0
94,PAISSANDU,2025,7,0.4,6.49999999999999,7.0,7.0
94,PAISSANDU,2025,8,3.6000000000000005,12.09999999999999,4.0,7.0
94,PAISSANDU,2025,9,2.0,21.89999999999999,7.0,7.0
94,PAISSANDU,2025,10,0.6000000000000001,21.69999999999999,6.0,7.0
94,PAISSANDU,2025,11,4.800000000000001,31.39999999999999,6.0,7.0
94,PAISSANDU,2025,12,0.2,19.599999999999987,6.0,7.0
94,PAISSANDU,2025,13,0.0,9.399999999999988,4.0,7.0
94,PAISSANDU,2025,14,14.600000000000001,18.39999999999999,4.0,7.0
94,PAISSANDU,2025,15,0.2,16.99999999999999,5.0,7.0
94,PAISSANDU,2025,16,0.4,8.29999999999999,6.0,7.0
94,PAISSANDU,2025,17,1.4,12.099999999999989,7.0,7.0
94,PAISSANDU,2025,18,0.0,2.699999999999989,5.0,7.0
94,PAISSANDU,2025,19,0.0,12.399999999999988,7.0,7.0
94,PAISSANDU,2025,20,4.6000000000000005,42.199999999999996,4.0,7.0
94,PAISSANDU,2025,21,0.2,55.8,5.0,7.0
94,PAISSANDU,2025,22,0.4,21.39999999999999,5.0,7.0
94,PAISSANDU,2025,23,2.8000000000000003,25.69999999999999,5.0,7.0
94,PAISSANDU,2025,24,2.4000000000000004,20.89999999999999,5.0,7.0
94,PAISSANDU,2025,25,0.40000000000000024,41.39999999999999,5.0,7.0
94,PAISSANDU,2025,26,47.800000000000004,37.79999999999999,7.0,7.0
94,PAISSANDU,2025,27,38.0,38.099999999999994,7.0,7.0
94,PAISSANDU,2025,28,42.20000000000001,23.999999999999993,7.0,7.0
94,PAISSANDU,2025,29,11.800000000000004,19.699999999999992,7.0,7.0
94,PAISSANDU,2025,30,7.400000000000004,13.199999999999992,7.0,7.0
94,PAISSANDU,2025,31,13.600000000000005,26.699999999999992,7.0,7.0
94,PAISSANDU,2025,32,5.600000000000004,25.199999999999992,7.0,7.0
94,PAISSANDU,2025,33,0.20000000000000356,67.99999999999999,5.0,7.0
94,PAISSANDU,2025,34,3.0000000000000036,18.899999999999984,7.0,7.0
94,PAISSANDU,2025,35,6.200000000000004,18.099999999999987,7.0,7.0
94,PAISSANDU,2025,36,2.2000000000000037,31.69999999999999,7.0,7.0
94,PAISSANDU,2025,37,0.20000000000000356,11.299999999999986,7.0,7.0
94,PAISSANDU,2025,38,0.4000000000000036,8.199999999999985,7.0,7.0
94,PAISSANDU,2025,39,1.2000000000000033,10.499999999999986,7.0,7.0
94,PAISSANDU,2025,40,6.0000000000000036,15.999999999999986,6.0,7.0
94,PAISSANDU,2025,41,0.0,6.899999999999986,7.0,7.0
94,PAISSANDU,2025,42,0.0,5.7999999999999865,7.0,7.0
94,PAISSANDU,2025,43,0.0,10.099999999999985,7.0,7.0
94,PAISSANDU,2025,44,1.0000000000000036,10.399999999999984,7.0,7.0
94,PAISSANDU,2025,45,0.20000000000000356,1.1999999999999857,7.0,7.0
94,PAISSANDU,2025,46,0.20000000000000356,8.199999999999985,7.0,7.0
94,PAISSANDU,2025,47,0.0,2.999999999999986,7.0,7.0
94,PAISSANDU,2025,48,0.0,6.499999999999986,7.0,7.0
94,PAISSANDU,2025,49,0.0,6.499999999999986,6.0,7.0
94,PAISSANDU,2025,50,0.0,3.9999999999999862,7.0,7.0
94,PAISSANDU,2025,51,0.0,4.599999999999985,7.0,7.0
94,PAISSANDU,2025,52,0.0,8.899999999999986,7.0,7.0
94,PAISSANDU,2025,53,0.0,5.699999999999986,7.0,7.0
167,GRACAS,2024,34,0.2,9.699999999999992,5.0,7.0
167,GRACAS,2024,35,4.966517933094385,12.999999999999993,7.0,7.0
167,GRACAS,2024,36,0.6000000000000001,3.099999999999993,7.0,7.0
167,GRACAS,2024,37,24.564408239500782,17.099999999999994,7.0,7.0
167,GRACAS,2024,38,2.1789365432098764,5.199999999999993,7.0,7.0
167,GRACAS,2024,39,15.407345146745321,6.199999999999993,7.0,7.0
167,GRACAS,2024,40,9.362435641732187,3.899999999999993,7.0,7.0
167,GRACAS,2024,41,0.0,2.299999999999993,7.0,7.0
167,GRACAS,2024,42,9.101137113223281,1.9999999999999927,7.0,7.0
167,GRACAS,2024,43,2.0012999999999996,3.999999999999993,7.0,7.0
167,GRACAS,2024,44,7.502444911691088,5.399999999999992,7.0,7.0
167,GRACAS,2024,45,7.702061536024379,10.199999999999994,7.0,7.0
167,GRACAS,2024,46,0.0,4.5999999999999925,7.0,7.0
167,GRACAS,2024,47,0.4,4.899999999999993,7.0,7.0
167,GRACAS,2024,48,0.9869004839783073,1.7999999999999927,7.0,7.0
167,GRACAS,2024,49,3.946959026027332,9.999999999999993,7.0,7.0
167,GRACAS,2024,50,1.1937179255396202,5.5999999999999925,7.0,7.0
167,GRACAS,2024,51,3.982579893949832,9.299999999999994,7.0,7.0
167,GRACAS,2024,52,1.780559416863672,6.899999999999993,7.0,7.0
167,GRACAS,2025,1,0.0,7.799999999999993,7.0,7.0
167,GRACAS,2025,2,0.7999999999999996,12.499999999999993,7.0,7.0
167,GRACAS,2025,3,137.69294661357216,33.89999999999999,7.0,7.0
167,GRACAS,2025,4,7.884399016170483,9.999999999999993,7.0,7.0
167,GRACAS,2025,5,128.69707237370918,26.199999999999992,7.0,7.0
167,GRACAS,2025,6,236.96221846491898,35.89999999999999,7.0,7.0
167,GRACAS,2025,7,18.08171195123691,6.49999999999999,7.0,7.0
167,GRACAS,2025,8,11.690587086880099,12.09999999999999,7.0,7.0
167,GRACAS,2025,9,14.191828718802263,21.89999999999999,7.0,7.0
167,GRACAS,2025,10,43.8573761248703,21.69999999999999,7.0,7.0
167,GRACAS,2025,11,36.16597301030836,31.39999999999999,7.0,7.0
167,GRACAS,2025,12,28.099771237328053,19.599999999999987,7.0,7.0
167,GRACAS,2025,13,45.359250081412306,9.399999999999988,7.0,7.0
167,GRACAS,2025,14,26.493752025493897,18.39999999999999,7.0,7.0
167,GRACAS,2025,15,29.38246359421136,16.99999999999999,7.0,7.0
167,GRACAS,2025,16,0.0,8.29999999999999,7.0,7.0
167,GRACAS,2025,17,26.229716670486493,12.099999999999989,7.0,7.0
167,GRACAS,2025,18,0.0,2.699999999999989,7.0,7.0
167,GRACAS,2025,19,11.832901251814825,12.399999999999988,7.0,7.0
167,GRACAS,2025,20,274.9822178345309,42.199999999999996,7.0,7.0
167,GRACAS,2025,21,102.7850248104794,55.8,7.0,7.0
167,GRACAS,2025,22,64.08204561435683,21.39999999999999,7.0,7.0
167,GRACAS,2025,23,71.95559910536045,25.69999999999999,7.0,7.0
167,GRACAS,2025,24,95.77705803994225,20.89999999999999,7.0,7.0
167,GRACAS,2025,25,77.21790808290373,41.39999999999999,7.0,7.0
167,GRACAS,2025,26,126.0178496720452,37.79999999999999,7.0,7.0
167,GRACAS,2025,27,95.8916612855212,38.099999999999994,7.0,7.0
167,GRACAS,2025,28,86.37908623618436,23.999999999999993,7.0,7.0
167,GRACAS,2025,29,20.373600963238026,19.699999999999992,7.0,7.0
167,GRACAS,2025,30,21.120098593100487,13.199999999999992,7.0,7.0
167,GRACAS,2025,31,117.98895332147755,26.699999999999992,7.0,7.0
167,GRACAS,2025,32,46.945811852335325,25.199999999999992,7.0,7.0
167,GRACAS,2025,33,83.73836838909665,67.99999999999999,7.0,7.0
167,GRACAS,2025,34,17.575841225416227,18.899999999999984,7.0,7.0
167,GRACAS,2025,35,23.08069047507499,18.099999999999987,7.0,7.0
167,GRACAS,2025,36,62.802874320389286,31.69999999999999,7.0,7.0
167,GRACAS,2025,37,1.0196,11.299999999999986,7.0,7.0
167,GRACAS,2025,38,0.79268,8.199999999999985,7.0,7.0
167,GRACAS,2025,39,3.760976456835935,10.499999999999986,7.0,7.0
167,GRACAS,2025,40,79.6411701916271,15.999999999999986,7.0,7.0
167,GRACAS,2025,41,3.3641410420963034,6.899999999999986,7.0,7.0
167,GRACAS,2025,42,1.1821830262834614,5.7999999999999865,7.0,7.0
167,GRACAS,2025,43,3.1540399762555826,10.099999999999985,7.0,7.0
167,GRACAS,2025,44,13.60157982470941,10.399999999999984,7.0,7.0
167,GRACAS,2025,45,0.0,1.1999999999999857,7.0,7.0
167,GRACAS,2025,46,7.895951956437659,8.199999999999985,7.0,7.0
167,GRACAS,2025,47,4.148146045257542,2.999999999999986,7.0,7.0
167,GRACAS,2025,48,1.585615298750207,6.499999999999986,7.0,7.0
167,GRACAS,2025,49,0.0,6.499999999999986,7.0,7.0
167,GRACAS,2025,50,0.0,3.9999999999999862,7.0,7.0
167,GRACAS,2025,51,0.1999999999999929,4.599999999999985,7.0,7.0
167,GRACAS,2025,52,10.260359344815587,8.899999999999986,7.0,7.0
167,GRACAS,2025,53,1.4029065526647542,5.699999999999986,7.0,7.0
655,TORRE,2024,34,0.0,9.699999999999992,4.0,7.0
655,TORRE,2024,35,0.0,12.999999999999993,7.0,7.0
655,TORRE,2024,36,0.0,3.099999999999993,6.0,7.0
655,TORRE,2024,37,0.0,17.099999999999994,6.0,7.0
655,TORRE,2024,38,0.0,5.199999999999993,6.0,7.0
655,TORRE,2024,39,0.0,6.199999999999993,7.0,7.0
655,TORRE,2024,40,0.0,3.899999999999993,6.0,7.0
655,TORRE,2024,41,0.0,2.299999999999993,7.0,7.0
655,TORRE,2024,42,0.0,1.9999999999999927,7.0,7.0
655,TORRE,2024,43,0.0,3.999999999999993,6.0,7.0
655,TORRE,2024,44,0.0,5.399999999999992,6.0,7.0
655,TORRE,2024,45,0.0,10.199999999999994,7.0,7.0
655,TORRE,2024,46,0.0,4.5999999999999925,7.0,7.0
655,TORRE,2024,47,0.0,4.899999999999993,7.0,7.0
655,TORRE,2024,48,0.0,1.7999999999999927,6.0,7.0
655,TORRE,2024,49,0.0,9.999999999999993,5.0,7.0
655,TORRE,2024,50,0.0,5.5999999999999925,3.0,7.0
655,TORRE,2024,51,0.0,9.299999999999994,7.0,7.0
655,TORRE,2024,52,0.0,6.899999999999993,6.0,7.0
655,TORRE,2025,1,0.0,7.799999999999993,5.0,7.0
655,TORRE,2025,2,0.0,12.499999999999993,6.0,7.0
655,TORRE,2025,3,0.0,33.89999999999999,3.0,7.0
655,TORRE,2025,4,0.0,9.999999999999993,7.0,7.0
655,TORRE,2025,5,0.0,26.199999999999992,7.0,7.0
655,TORRE,2025,6,0.0,35.89999999999999,5.0,7.0
655,TORRE,2025,7,0.0,6.49999999999999,4.0,7.0
655,TORRE,2025,8,0.0,12.09999999999999,5.0,7.0
655,TORRE,2025,9,0.0,21.89999999999999,5.0,7.0
655,TORRE,2025,10,0.0,21.69999999999999,7.0,7.0
655,TORRE,2025,11,0.0,31.39999999999999,6.0,7.0
655,TORRE,2025,12,0.0,19.599999999999987,5.0,7.0
655,TORRE,2025,13,0.0,9.399999999999988,4.0,7.0
655,TORRE,2025,14,0.0,18.39999999999999,4.0,7.0
655,TORRE,2025,36,2.9537614825854934,31.69999999999999,3.0,7.0
655,TORRE,2025,37,0.0,11.299999999999986,6.0,7.0
655,TORRE,2025,38,0.0,8.199999999999985,6.0,7.0
655,TORRE,2025,39,0.0,10.499999999999986,5.0,7.0
655,TORRE,2025,40,0.0,15.999999999999986,5.0,7.0
655,TORRE,2025,41,0.0,6.899999999999986,7.0,7.0
655,TORRE,2025,42,0.0,5.7999999999999865,6.0,7.0
655,TORRE,2025,43,0.0,10.099999999999985,6.0,7.0
655,TORRE,2025,44,0.0,10.399999999999984,6.0,7.0
655,TORRE,2025,45,0.0,1.1999999999999857,6.0,7.0
655,TORRE,2025,46,0.0,8.199999999999985,7.0,7.0
655,TORRE,2025,47,0.0,2.999999999999986,7.0,7.0
655,TORRE,2025,48,0.0,6.499999999999986,7.0,7.0
655,TORRE,2025,49,0.0,6.499999999999986,7.0,7.0
655,TORRE,2025,50,0.0,3.9999999999999862,7.0,7.0
655,TORRE,2025,51,0.0,4.599999999999985,6.0,7.0
655,TORRE,2025,52,0.0,8.899999999999986,7.0,7.0
655,TORRE,2025,53,0.0,5.699999999999986,7.0,7.0
329,ARRUDA,2024,34,0.2,9.699999999999992,5.0,7.0
329,ARRUDA,2024,35,4.966517933094385,12.999999999999993,7.0,7.0
329,ARRUDA,2024,36,0.6000000000000001,3.099999999999993,7.0,7.0
329,ARRUDA,2024,37,24.564408239500782,17.099999999999994,7.0,7.0
329,ARRUDA,2024,38,2.1789365432098764,5.199999999999993,7.0,7.0
329,ARRUDA,2024,39,15.407345146745321,6.199999999999993,7.0,7.0
329,ARRUDA,2024,40,9.362435641732187,3.899999999999993,7.0,7.0
329,ARRUDA,2024,41,0.0,2.299999999999993,7.0,7.0
329,ARRUDA,2024,42,9.101137113223281,1.9999999999999927,7.0,7.0
329,ARRUDA,2024,43,2.0012999999999996,3.999999999999993,7.0,7.0
329,ARRUDA,2024,44,7.502444911691088,5.399999999999992,7.0,7.0
329,ARRUDA,2024,45,7.702061536024379,10.199999999999994,7.0,7.0
329,ARRUDA,2024,46,0.0,4.5999999999999925,7.0,7.0
329,ARRUDA,2024,47,0.4,4.899999999999993,7.0,7.0
329,ARRUDA,2024,48,0.9869004839783073,1.7999999999999927,7.0,7.0
329,ARRUDA,2024,49,3.946959026027332,9.999999999999993,7.0,7.0
329,ARRUDA,2024,50,1.1937179255396202,5.5999999999999925,7.0,7.0
329,ARRUDA,2024,51,3.982579893949832,9.299999999999994,7.0,7.0
329,ARRUDA,2024,52,1.780559416863672,6.899999999999993,7.0,7.0
329,ARRUDA,2025,1,0.0,7.799999999999993,7.0,7.0
329,ARRUDA,2025,2,0.7999999999999996,12.499999999999993,7.0,7.0
329,ARRUDA,2025,3,137.69294661357216,33.89999999999999,7.0,7.0
329,ARRUDA,2025,4,7.884399016170483,9.999999999999993,7.0,7.0
329,ARRUDA,2025,5,128.69707237370918,26.199999999999992,7.0,7.0
329,ARRUDA,2025,6,236.96221846491898,35.89999999999999,7.0,7.0
329,ARRUDA,2025,7,18.08171195123691,6.49999999999999,7.0,7.0
329,ARRUDA,2025,8,11.690587086880099,12.09999999999999,7.0,7.0
329,ARRUDA,2025,9,14.191828718802263,21.89999999999999,7.0,7.0
329,ARRUDA,2025,10,43.8573761248703,21.69999999999999,7.0,7.0
329,ARRUDA,2025,11,36.16597301030836,31.39999999999999,7.0,7.0
329,ARRUDA,2025,12,28.099771237328053,19.599999999999987,7.0,7.0
329,ARRUDA,2025,13,45.359250081412306,9.399999999999988,7.0,7.0
329,ARRUDA,2025,14,26.493752025493897,18.39999999999999,7.0,7.0
329,ARRUDA,2025,15,29.38246359421136,16.99999999999999,7.0,7.0
329,ARRUDA,2025,16,0.0,8.29999999999999,7.0,7.0
329,ARRUDA,2025,17,26.229716670486493,12.099999999999989,7.0,7.0
329,ARRUDA,2025,18,0.0,2.699999999999989,7.0,7.0
329,ARRUDA,2025,19,11.832901251814825,12.399999999999988,7.0,7.0
329,ARRUDA,2025,20,274.9822178345309,42.199999999999996,7.0,7.0
329,ARRUDA,2025,21,102.7850248104794,55.8,7.0,7.0
329,ARRUDA,2025,22,64.08204561435683,21.39999999999999,7.0,7.0
329,ARRUDA,2025,23,71.95559910536045,25.69999999999999,7.0,7.0
329,ARRUDA,2025,24,95.77705803994225,20.89999999999999,7.0,7.0
329,ARRUDA,2025,25,77.21790808290373,41.39999999999999,7.0,7.0
329,ARRUDA,2025,26,126.0178496720452,37.79999999999999,7.0,7.0
329,ARRUDA,2025,27,95.8916612855212,38.099999999999994,7.0,7.0
329,ARRUDA,2025,28,86.37908623618436,23.999999999999993,7.0,7.0
329,ARRUDA,2025,29,20.373600963238026,19.699999999999992,7.0,7.0
329,ARRUDA,2025,30,21.120098593100487,13.199999999999992,7.0,7.0
329,ARRUDA,2025,31,117.98895332147755,26.699999999999992,7.0,7.0
329,ARRUDA,2025,32,46.945811852335325,25.199999999999992,7.0,7.0
329,ARRUDA,2025,33,83.73836838909665,67.99999999999999,7.0,7.0
329,ARRUDA,2025,34,17.575841225416227,18.899999999999984,7.0,7.0
329,ARRUDA,2025,35,23.08069047507499,18.099999999999987,7.0,7.0
329,ARRUDA,2025,36,62.802874320389286,31.69999999999999,7.0,7.0
329,ARRUDA,2025,37,1.0196,11.299999999999986,7.0,7.0
329,ARRUDA,2025,38,0.79268,8.199999999999985,7.0,7.0
329,ARRUDA,2025,39,3.760976456835935,10.499999999999986,7.0,7.0
329,ARRUDA,2025,40,79.6411701916271,15.999999999999986,7.0,7.0
329,ARRUDA,2025,41,3.3641410420963034,6.899999999999986,7.0,7.0
329,ARRUDA,2025,42,1.1821830262834614,5.7999999999999865,7.0,7.0
329,ARRUDA,2025,43,3.1540399762555826,10.099999999999985,7.0,7.0
329,ARRUDA,2025,44,13.60157982470941,10.399999999999984,7.0,7.0
329,ARRUDA,2025,45,0.0,1.1999999999999857,7.0,7.0
329,ARRUDA,2025,46,7.895951956437659,8.199999999999985,7.0,7.0
329,ARRUDA,2025,47,4.148146045257542,2.999999999999986,7.0,7.0
329,ARRUDA,2025,48,1.585615298750207,6.499999999999986,7.0,7.0
329,ARRUDA,2025,49,0.0,6.499999999999986,7.0,7.0
329,ARRUDA,2025,50,0.0,3.9999999999999862,7.0,7.0
329,ARRUDA,2025,51,0.1999999999999929,4.599999999999985,7.0,7.0
329,ARRUDA,2025,52,10.260359344815587,8.899999999999986,7.0,7.0
329,ARRUDA,2025,53,1.4029065526647542,5.699999999999986,7.0,7.0
710,ENGENHO DO MEIO,2024,34,3.146336706706707,9.699999999999992,5.0,7.0
710,ENGENHO DO MEIO,2024,35,16.5812223445951,12.999999999999993,7.0,7.0
710,ENGENHO DO MEIO,2024,36,4.3299195120401475,3.099999999999993,7.0,7.0
710,ENGENHO DO MEIO,2024,37,13.856090740064904,17.099999999999994,2.0,7.0
353,CAJUEIRO,2024,34,0.2,9.699999999999992,5.0,7.0
353,CAJUEIRO,2024,35,3.567578081056552,12.999999999999993,7.0,7.0
353,CAJUEIRO,2024,36,1.7770247199033082,3.099999999999993,7.0,7.0
353,CAJUEIRO,2024,37,36.44396379101257,17.099999999999994,7.0,7.0
353,CAJUEIRO,2024,38,3.975807649375107,5.199999999999993,7.0,7.0
353,CAJUEIRO,2024,39,8.705087457835566,6.199999999999993,7.0,7.0
353,CAJUEIRO,2024,40,3.743679288174964,3.899999999999993,7.0,7.0
353,CAJUEIRO,2024,41,0.5999999999999996,2.299999999999993,7.0,7.0
353,CAJUEIRO,2024,42,12.602647607207691,1.9999999999999927,7.0,7.0
353,CAJUEIRO,2024,43,1.1780400000000002,3.999999999999993,7.0,7.0
353,CAJUEIRO,2024,44,0.7871452310202469,5.399999999999992,7.0,7.0
353,CAJUEIRO,2024,45,1.7878641975308642,10.199999999999994,7.0,7.0
353,CAJUEIRO,2024,46,0.0,4.5999999999999925,7.0,7.0
353,CAJUEIRO,2024,47,0.0,4.899999999999993,7.0,7.0
353,CAJUEIRO,2024,48,0.0,1.7999999999999927,7.0,7.0
353,CAJUEIRO,2024,49,5.157625614444147,9.999999999999993,7.0,7.0
353,CAJUEIRO,2024,50,0.0,5.5999999999999925,7.0,7.0
353,CAJUEIRO,2024,51,4.346234005911206,9.299999999999994,7.0,7.0
353,CAJUEIRO,2024,52,1.2000000000000002,6.899999999999993,7.0,7.0
353,CAJUEIRO,2025,1,0.2,7.799999999999993,7.0,7.0
353,CAJUEIRO,2025,2,0.0,12.499999999999993,7.0,7.0
353,CAJUEIRO,2025,3,164.46607163700492,33.89999999999999,7.0,7.0
353,CAJUEIRO,2025,4,13.402057860953304,9.999999999999993,7.0,7.0
353,CAJUEIRO,2025,5,102.37904081691963,26.199999999999992,7.0,7.0
353,CAJUEIRO,2025,6,191.16823447726497,35.89999999999999,7.0,7.0
353,CAJUEIRO,2025,7,4.766665344636531,6.49999999999999,7.0,7.0
353,CAJUEIRO,2025,8,4.153385897420713,12.09999999999999,7.0,7.0
353,CAJUEIRO,2025,9,13.471488204085095,21.89999999999999,7.0,7.0
353,CAJUEIRO,2025,10,29.828767852915647,21.69999999999999,7.0,7.0
353,CAJUEIRO,2025,11,47.498351286895655,31.39999999999999,7.0,7.0
353,CAJUEIRO,2025,12,14.830558744548542,19.599999999999987,7.0,7.0
353,CAJUEIRO,2025,13,56.37899153379832,9.399999999999988,7.0,7.0
353,CAJUEIRO,2025,14,22.603886148592693,18.39999999999999,7.0,7.0
353,CAJUEIRO,2025,15,8.52299082596863,16.99999999999999,7.0,7.0
353,CAJUEIRO,2025,16,0.2,8.29999999999999,7.0,7.0
353,CAJUEIRO,2025,17,52.46532924750729,12.099999999999989,7.0,7.0
353,CAJUEIRO,2025,18,0.0,2.699999999999989,7.0,7.0
353,CAJUEIRO,2025,19,5.9407567289584176,12.399999999999988,7.0,7.0
353,CAJUEIRO,2025,20,271.1755776190935,42.199999999999996,7.0,7.0
353,CAJUEIRO,2025,21,95.45979014395475,55.8,7.0,7.0
353,CAJUEIRO,2025,22,71.12012190249638,21.39999999999999,7.0,7.0
353,CAJUEIRO,2025,23,72.87951593291216,25.69999999999999,7.0,7.0
353,CAJUEIRO,2025,24,71.53611878608423,20.89999999999999,7.0,7.0
353,CAJUEIRO,2025,25,83.98080121221199,41.39999999999999,7.0,7.0
353,CAJUEIRO,2025,26,129.2185400712142,37.79999999999999,7.0,7.0
353,CAJUEIRO,2025,27,95.78049042039443,38.099999999999994,7.0,7.0
353,CAJUEIRO,2025,28,83.45618078407333,23.999999999999993,7.0,7.0
353,CAJUEIRO,2025,29,16.36622126288067,19.699999999999992,7.0,7.0
353,CAJUEIRO,2025,30,28.453328835508444,13.199999999999992,7.0,7.0
353,CAJUEIRO,2025,31,85.19967456802307,26.699999999999992,7.0,7.0
353,CAJUEIRO,2025,32,46.32241830308418,25.199999999999992,7.0,7.0
353,CAJUEIRO,2025,33,95.66701581429524,67.99999999999999,7.0,7.0
353,CAJUEIRO,2025,34,20.35656941348664,18.899999999999984,7.0,7.0
353,CAJUEIRO,2025,35,33.693508918963566,18.099999999999987,7.0,7.0
353,CAJUEIRO,2025,36,64.6768785485504,31.69999999999999,7.0,7.0
353,CAJUEIRO,2025,37,3.351955170026757,11.299999999999986,7.0,7.0
353,CAJUEIRO,2025,38,3.35777951916827,8.199999999999985,7.0,7.0
353,CAJUEIRO,2025,39,4.729108539615247,10.499999999999986,7.0,7.0
353,CAJUEIRO,2025,40,77.92431941885427,15.999999999999986,7.0,7.0
353,CAJUEIRO,2025,41,0.0,6.899999999999986,7.0,7.0
353,CAJUEIRO,2025,42,1.1938305114638235,5.7999999999999865,7.0,7.0
353,CAJUEIRO,2025,43,1.7883219578409848,10.099999999999985,7.0,7.0
353,CAJUEIRO,2025,44,10.47707381151325,10.399999999999984,7.0,7.0
353,CAJUEIRO,2025,45,0.0,1.1999999999999857,1.0,7.0
353,CAJUEIRO,2025,46,9.832355508091032,8.199999999999985,3.0,7.0
353,CAJUEIRO,2025,47,1.4391999999999787,2.999999999999986,6.0,7.0
353,CAJUEIRO,2025,48,3.3547844461973444,6.499999999999986,7.0,7.0
353,CAJUEIRO,2025,49,10.5068729885327,6.499999999999986,6.0,7.0
353,CAJUEIRO,2025,50,0.19999999999998047,3.9999999999999862,7.0,7.0
353,CAJUEIRO,2025,51,0.0,4.599999999999985,2.0,7.0
353,CAJUEIRO,2025,52,20.100274456585726,8.899999999999986,4.0,7.0
353,CAJUEIRO,2025,53,6.91359999999998,5.699999999999986,2.0,7.0
671,ZUMBI,2024,34,3.146336706706707,9.699999999999992,5.0,7.0
671,ZUMBI,2024,35,16.5812223445951,12.999999999999993,7.0,7.0
671,ZUMBI,2024,36,4.3299195120401475,3.099999999999993,7.0,7.0
671,ZUMBI,2024,37,13.856090740064904,17.099999999999994,2.0,7.0
191,TAMARINEIRA,2024,34,0.0,9.699999999999992,4.0,7.0
191,TAMARINEIRA,2024,35,0.0,12.999999999999993,7.0,7.0
191,TAMARINEIRA,2024,36,0.0,3.099999999999993,6.0,7.0
191,TAMARINEIRA,2024,37,0.0,17.099999999999994,6.0,7.0
191,TAMARINEIRA,2024,38,0.0,5.199999999999993,6.0,7.0
191,TAMARINEIRA,2024,39,0.0,6.199999999999993,7.0,7.0
191,TAMARINEIRA,2024,40,0.0,3.899999999999993,6.0,7.0
191,TAMARINEIRA,2024,41,0.0,2.299999999999993,7.0,7.0
191,TAMARINEIRA,2024,42,0.0,1.9999999999999927,7.0,7.0
191,TAMARINEIRA,2024,43,0.0,3.999999999999993,6.0,7.0
191,TAMARINEIRA,2024,44,0.0,5.399999999999992,6.0,7.0
191,TAMARINEIRA,2024,45,0.0,10.199999999999994,7.0,7.0
191,TAMARINEIRA,2024,46,0.0,4.5999999999999925,7.0,7.0
191,TAMARINEIRA,2024,47,0.0,4.899999999999993,7.0,7.0
191,TAMARINEIRA,2024,48,0.0,1.7999999999999927,6.0,7.0
191,TAMARINEIRA,2024,49,0.0,9.999999999999993,5.0,7.0
191,TAMARINEIRA,2024,50,0.0,5.5999999999999925,3.0,7.0
191,TAMARINEIRA,2024,51,0.0,9.299999999999994,7.0,7.0
191,TAMARINEIRA,2024,52,0.0,6.899999999999993,6.0,7.0
191,TAMARINEIRA,2025,1,0.0,7.799999999999993,5.0,7.0
191,TAMARINEIRA,2025,2,0.0,12.499999999999993,6.0,7.0
191,TAMARINEIRA,2025,3,0.0,33.89999999999999,3.0,7.0
191,TAMARINEIRA,2025,4,0.0,9.999999999999993,7.0,7.0
191,TAMARINEIRA,2025,5,0.0,26.199999999999992,7.0,7.0
191,TAMARINEIRA,2025,6,0.0,35.89999999999999,5.0,7.0
191,TAMARINEIRA,2025,7,0.0,6.49999999999999,4.0,7.0
191,TAMARINEIRA,2025,8,0.0,12.09999999999999,5.0,7.0
191,TAMARINEIRA,2025,9,0.0,21.89999999999999,5.0,7.0
191,TAMARINEIRA,2025,10,0.0,21.69999999999999,7.0,7.0
191,TAMARINEIRA,2025,11,0.0,31.39999999999999,6.0,7.0
191,TAMARINEIRA,2025,12,0.0,19.599999999999987,5.0,7.0
191,TAMARINEIRA,2025,13,0.0,9.399999999999988,4.0,7.0
191,TAMARINEIRA,2025,14,0.0,18.39999999999999,4.0,7.0
191,TAMARINEIRA,2025,36,2.9537614825854934,31.69999999999999,3.0,7.0
191,TAMARINEIRA,2025,37,0.0,11.299999999999986,6.0,7.0
191,TAMARINEIRA,2025,38,0.0,8.199999999999985,6.0,7.0
191,TAMARINEIRA,2025,39,0.0,10.499999999999986,5.0,7.0
191,TAMARINEIRA,2025,40,0.0,15.999999999999986,5.0,7.0
191,TAMARINEIRA,2025,41,0.0,6.899999999999986,7.0,7.0
191,TAMARINEIRA,2025,42,0.0,5.7999999999999865,6.0,7.0
191,TAMARINEIRA,2025,43,0.0,10.099999999999985,6.0,7.0
191,TAMARINEIRA,2025,44,0.0,10.399999999999984,6.0,7.0
191,TAMARINEIRA,2025,45,0.0,1.1999999999999857,6.0,7.0
191,TAMARINEIRA,2025,46,0.0,8.199999999999985,7.0,7.0
191,TAMARINEIRA,2025,47,0.0,2.999999999999986,7.0,7.0
191,TAMARINEIRA,2025,48,0.0,6.499999999999986,7.0,7.0
191,TAMARINEIRA,2025,49,0.0,6.499999999999986,7.0,7.0
191,TAMARINEIRA,2025,50,0.0,3.9999999999999862,7.0,7.0
191,TAMARINEIRA,2025,51,0.0,4.599999999999985,6.0,7.0
191,TAMARINEIRA,2025,52,0.0,8.899999999999986,7.0,7.0
191,TAMARINEIRA,2025,53,0.0,5.699999999999986,7.0,7.0
809,BONGI,2024,34,3.146336706706707,9.699999999999992,5.0,7.0
809,BONGI,2024,35,16.5812223445951,12.999999999999993,7.0,7.0
809,BONGI,2024,36,4.3299195120401475,3.099999999999993,7.0,7.0
809,BONGI,2024,37,13.856090740064904,17.099999999999994,2.0,7.0
728,CIDADE UNIVERSITARIA,2024,34,3.146336706706707,9.699999999999992,5.0,7.0
728,CIDADE UNIVERSITARIA,2024,35,16.5812223445951,12.999999999999993,7.0,7.0
728,CIDADE UNIVERSITARIA,2024,36,4.3299195120401475,3.099999999999993,7.0,7.0
728,CIDADE UNIVERSITARIA,2024,37,13.856090740064904,17.099999999999994,2.0,7.0
272,TORREAO,2024,34,0.2,9.699999999999992,5.0,7.0
272,TORREAO,2024,35,4.966517933094385,12.999999999999993,7.0,7.0
272,TORREAO,2024,36,0.6000000000000001,3.099999999999993,7.0,7.0
272,TORREAO,2024,37,24.564408239500782,17.099999999999994,7.0,7.0
272,TORREAO,2024,38,2.1789365432098764,5.199999999999993,7.0,7.0
272,TORREAO,2024,39,15.407345146745321,6.199999999999993,7.0,7.0
272,TORREAO,2024,40,9.362435641732187,3.899999999999993,7.0,7.0
272,TORREAO,2024,41,0.0,2.299999999999993,7.0,7.0
272,TORREAO,2024,42,9.101137113223281,1.9999999999999927,7.0,7.0
272,TORREAO,2024,43,2.0012999999999996,3.999999999999993,7.0,7.0
272,TORREAO,2024,44,7.502444911691088,5.399999999999992,7.0,7.0
272,TORREAO,2024,45,7.702061536024379,10.199999999999994,7.0,7.0
272,TORREAO,2024,46,0.0,4.5999999999999925,7.0,7.0
272,TORREAO,2024,47,0.4,4.899999999999993,7.0,7.0
272,TORREAO,2024,48,0.9869004839783073,1.7999999999999927,7.0,7.0
272,TORREAO,2024,49,3.946959026027332,9.999999999999993,7.0,7.0
272,TORREAO,2024,50,1.1937179255396202,5.5999999999999925,7.0,7.0
272,TORREAO,2024,51,3.982579893949832,9.299999999999994,7.0,7.0
272,TORREAO,2024,52,1.780559416863672,6.899999999999993,7.0,7.0
272,TORREAO,2025,1,0.0,7.799999999999993,7.0,7.0
272,TORREAO,2025,2,0.7999999999999996,12.499999999999993,7.0,7.0
272,TORREAO,2025,3,137.69294661357216,33.89999999999999,7.0,7.0
272,TORREAO,2025,4,7.884399016170483,9.999999999999993,7.0,7.0
272,TORREAO,2025,5,128.69707237370918,26.199999999999992,7.0,7.0
272,TORREAO,2025,6,236.96221846491898,35.89999999999999,7.0,7.0
272,TORREAO,2025,7,18.08171195123691,6.49999999999999,7.0,7.0
272,TORREAO,2025,8,11.690587086880099,12.09999999999999,7.0,7.0
272,TORREAO,2025,9,14.191828718802263,21.89999999999999,7.0,7.0
272,TORREAO,2025,10,43.8573761248703,21.69999999999999,7.0,7.0
272,TORREAO,2025,11,36.16597301030836,31.39999999999999,7.0,7.0
272,TORREAO,2025,12,28.099771237328053,19.599999999999987,7.0,7.0
272,TORREAO,2025,13,45.359250081412306,9.399999999999988,7.0,7.0
272,TORREAO,2025,14,26.493752025493897,18.39999999999999,7.0,7.0
272,TORREAO,2025,15,29.38246359421136,16.99999999999999,7.0,7.0
272,TORREAO,2025,16,0.0,8.29999999999999,7.0,7.0
272,TORREAO,2025,17,26.229716670486493,12.099999999999989,7.0,7.0
272,TORREAO,2025,18,0.0,2.699999999999989,7.0,7.0
272,TORREAO,2025,19,11.832901251814825,12.399999999999988,7.0,7.0
272,TORREAO,2025,20,274.9822178345309,42.199999999999996,7.0,7.0
272,TORREAO,2025,21,102.7850248104794,55.8,7.0,7.0
272,TORREAO,2025,22,64.08204561435683,21.39999999999999,7.0,7.0
272,TORREAO,2025,23,71.95559910536045,25.69999999999999,7.0,7.0
272,TORREAO,2025,24,95.77705803994225,20.89999999999999,7.0,7.0
272,TORREAO,2025,25,77.21790808290373,41.39999999999999,7.0,7.0
272,TORREAO,2025,26,126.0178496720452,37.79999999999999,7.0,7.0
272,TORREAO,2025,27,95.8916612855212,38.099999999999994,7.0,7.0
272,TORREAO,2025,28,86.37908623618436,23.999999999999993,7.0,7.0
272,TORREAO,2025,29,20.373600963238026,19.699999999999992,7.0,7.0
272,TORREAO,2025,30,21.120098593100487,13.199999999999992,7.0,7.0
272,TORREAO,2025,31,117.98895332147755,26.699999999999992,7.0,7.0
272,TORREAO,2025,32,46.945811852335325,25.199999999999992,7.0,7.0
272,TORREAO,2025,33,83.73836838909665,67.99999999999999,7.0,7.0
272,TORREAO,2025,34,17.575841225416227,18.899999999999984,7.0,7.0
272,TORREAO,2025,35,23.08069047507499,18.099999999999987,7.0,7.0
272,TORREAO,2025,36,62.802874320389286,31.69999999999999,7.0,7.0
272,TORREAO,2025,37,1.0196,11.299999999999986,7.0,7.0
272,TORREAO,2025,38,0.79268,8.199999999999985,7.0,7.0
272,TORREAO,2025,39,3.760976456835935,10.499999999999986,7.0,7.0
272,TORREAO,2025,40,79.6411701916271,15.999999999999986,7.0,7.0
272,TORREAO,2025,41,3.3641410420963034,6.899999999999986,7.0,7.0
272,TORREAO,2025,42,1.1821830262834614,5.7999999999999865,7.0,7.0
272,TORREAO,2025,43,3.1540399762555826,10.099999999999985,7.0,7.0
272,TORREAO,2025,44,13.60157982470941,10.399999999999984,7.0,7.0
272,TORREAO,2025,45,0.0,1.1999999999999857,7.0,7.0
272,TORREAO,2025,46,7.895951956437659,8.199999999999985,7.0,7.0
272,TORREAO,2025,47,4.148146045257542,2.999999999999986,7.0,7.0
272,TORREAO,2025,48,1.585615298750207,6.499999999999986,7.0,7.0
272,TORREAO,2025,49,0.0,6.499999999999986,7.0,7.0
272,TORREAO,2025,50,0.0,3.9999999999999862,7.0,7.0
272,TORREAO,2025,51,0.1999999999999929,4.599999999999985,7.0,7.0
272,TORREAO,2025,52,10.260359344815587,8.899999999999986,7.0,7.0
272,TORREAO,2025,53,1.4029065526647542,5.699999999999986,7.0,7.0
159,JAQUEIRA,2024,34,0.0,9.699999999999992,4.0,7.0
159,JAQUEIRA,2024,35,0.0,12.999999999999993,7.0,7.0
159,JAQUEIRA,2024,36,0.0,3.099999999999993,6.0,7.0
159,JAQUEIRA,2024,37,0.0,17.099999999999994,6.0,7.0
159,JAQUEIRA,2024,38,0.0,5.199999999999993,6.0,7.0
159,JAQUEIRA,2024,39,0.0,6.199999999999993,7.0,7.0
159,JAQUEIRA,2024,40,0.0,3.899999999999993,6.0,7.0
159,JAQUEIRA,2024,41,0.0,2.299999999999993,7.0,7.0
159,JAQUEIRA,2024,42,0.0,1.9999999999999927,7.0,7.0
159,JAQUEIRA,2024,43,0.0,3.999999999999993,6.0,7.0
159,JAQUEIRA,2024,44,0.0,5.399999999999992,6.0,7.0
159,JAQUEIRA,2024,45,0.0,10.199999999999994,7.0,7.0
159,JAQUEIRA,2024,46,0.0,4.5999999999999925,7.0,7.0
159,JAQUEIRA,2024,47,0.0,4.899999999999993,7.0,7.0
159,JAQUEIRA,2024,48,0.0,1.7999999999999927,6.0,7.0
159,JAQUEIRA,2024,49,0.0,9.999999999999993,5.0,7.0
159,JAQUEIRA,2024,50,0.0,5.5999999999999925,3.0,7.0
159,JAQUEIRA,2024,51,0.0,9.299999999999994,7.0,7.0
159,JAQUEIRA,2024,52,0.0,6.899999999999993,6.0,7.0
159,JAQUEIRA,2025,1,0.0,7.799999999999993,5.0,7.0
159,JAQUEIRA,2025,2,0.0,12.499999999999993,6.0,7.0
159,JAQUEIRA,2025,3,0.0,33.89999999999999,3.0,7.0
159,JAQUEIRA,2025,4,0.0,9.999999999999993,7.0,7.0
159,JAQUEIRA,2025,5,0.0,26.199999999999992,7.0,7.0
159,JAQUEIRA,2025,6,0.0,35.89999999999999,5.0,7.0
159,JAQUEIRA,2025,7,0.0,6.49999999999999,4.0,7.0
159,JAQUEIRA,2025,8,0.0,12.09999999999999,5.0,7.0
159,JAQUEIRA,2025,9,0.0,21.89999999999999,5.0,7.0
159,JAQUEIRA,2025,10,0.0,21.69999999999999,7.0,7.0
159,JAQUEIRA,2025,11,0.0,31.39999999999999,6.0,7.0
159,JAQUEIRA,2025,12,0.0,19.599999999999987,5.0,7.0
159,JAQUEIRA,2025,13,0.0,9.399999999999988,4.0,7.0
159,JAQUEIRA,2025,14,0.0,18.39999999999999,4.0,7.0
159,JAQUEIRA,2025,36,2.9537614825854934,31.69999999999999,3.0,7.0
159,JAQUEIRA,2025,37,0.0,11.299999999999986,6.0,7.0
159,JAQUEIRA,2025,38,0.0,8.199999999999985,6.0,7.0
159,JAQUEIRA,2025,39,0.0,10.499999999999986,5.0,7.0
159,JAQUEIRA,2025,40,0.0,15.999999999999986,5.0,7.0
159,JAQUEIRA,2025,41,0.0,6.899999999999986,7.0,7.0
159,JAQUEIRA,2025,42,0.0,5.7999999999999865,6.0,7.0
159,JAQUEIRA,2025,43,0.0,10.099999999999985,6.0,7.0
159,JAQUEIRA,2025,44,0.0,10.399999999999984,6.0,7.0
159,JAQUEIRA,2025,45,0.0,1.1999999999999857,6.0,7.0
159,JAQUEIRA,2025,46,0.0,8.199999999999985,7.0,7.0
159,JAQUEIRA,2025,47,0.0,2.999999999999986,7.0,7.0
159,JAQUEIRA,2025,48,0.0,6.499999999999986,7.0,7.0
159,JAQUEIRA,2025,49,0.0,6.499999999999986,7.0,7.0
159,JAQUEIRA,2025,50,0.0,3.9999999999999862,7.0,7.0
159,JAQUEIRA,2025,51,0.0,4.599999999999985,6.0,7.0
159,JAQUEIRA,2025,52,0.0,8.899999999999986,7.0,7.0
159,JAQUEIRA,2025,53,0.0,5.699999999999986,7.0,7.0
841,CACOTE,2024,34,1.6,9.699999999999992,5.0,7.0
841,CACOTE,2024,35,13.200000000000001,12.999999999999993,7.0,7.0
841,CACOTE,2024,36,2.0,3.099999999999993,7.0,7.0
841,CACOTE,2024,37,29.6,17.099999999999994,7.0,7.0
841,CACOTE,2024,38,5.2,5.199999999999993,7.0,7.0
841,CACOTE,2024,39,12.4,6.199999999999993,7.0,7.0
841,CACOTE,2024,40,4.199999999999999,3.899999999999993,7.0,7.0
841,CACOTE,2024,41,0.0,2.299999999999993,7.0,7.0
841,CACOTE,2024,42,8.600000000000001,1.9999999999999927,7.0,7.0
841,CACOTE,2024,43,0.0,3.999999999999993,7.0,7.0
841,CACOTE,2024,44,7.800000000000001,5.399999999999992,7.0,7.0
841,CACOTE,2024,45,5.0,10.199999999999994,7.0,7.0
841,CACOTE,2024,46,0.0,4.5999999999999925,7.0,7.0
841,CACOTE,2024,47,0.0,4.899999999999993,7.0,7.0
841,CACOTE,2024,48,0.2,1.7999999999999927,7.0,7.0
841,CACOTE,2024,49,6.6000000000000005,9.999999999999993,7.0,7.0
841,CACOTE,2024,50,0.4,5.5999999999999925,7.0,7.0
841,CACOTE,2024,51,5.6,9.299999999999994,7.0,7.0
213,IPSEP,2024,34,1.6,9.699999999999992,5.0,7.0
213,IPSEP,2024,35,13.200000000000001,12.999999999999993,7.0,7.0
213,IPSEP,2024,36,2.0,3.099999999999993,7.0,7.0
213,IPSEP,2024,37,29.6,17.099999999999994,7.0,7.0
213,IPSEP,2024,38,5.2,5.199999999999993,7.0,7.0
213,IPSEP,2024,39,12.4,6.199999999999993,7.0,7.0
213,IPSEP,2024,40,4.199999999999999,3.899999999999993,7.0,7.0
213,IPSEP,2024,41,0.0,2.299999999999993,7.0,7.0
213,IPSEP,2024,42,8.600000000000001,1.9999999999999927,7.0,7.0
213,IPSEP,2024,43,0.0,3.999999999999993,7.0,7.0
213,IPSEP,2024,44,7.800000000000001,5.399999999999992,7.0,7.0
213,IPSEP,2024,45,5.0,10.199999999999994,7.0,7.0
213,IPSEP,2024,46,0.0,4.5999999999999925,7.0,7.0
213,IPSEP,2024,47,0.0,4.899999999999993,7.0,7.0
213,IPSEP,2024,48,0.2,1.7999999999999927,7.0,7.0
213,IPSEP,2024,49,6.6000000000000005,9.999999999999993,7.0,7.0
213,IPSEP,2024,50,0.4,5.5999999999999925,7.0,7.0
213,IPSEP,2024,51,5.6,9.299999999999994,7.0,7.0
361,PORTO DA MADEIRA,2024,34,0.2,9.699999999999992,5.0,7.0
361,PORTO DA MADEIRA,2024,35,3.567578081056552,12.999999999999993,7.0,7.0
361,PORTO DA MADEIRA,2024,36,1.7770247199033082,3.099999999999993,7.0,7.0
361,PORTO DA MADEIRA,2024,37,36.44396379101257,17.099999999999994,7.0,7.0
361,PORTO DA MADEIRA,2024,38,3.975807649375107,5.199999999999993,7.0,7.0
361,PORTO DA MADEIRA,2024,39,8.705087457835566,6.199999999999993,7.0,7.0
361,PORTO DA MADEIRA,2024,40,3.743679288174964,3.899999999999993,7.0,7.0
361,PORTO DA MADEIRA,2024,41,0.5999999999999996,2.299999999999993,7.0,7.0
361,PORTO DA MADEIRA,2024,42,12.602647607207691,1.9999999999999927,7.0,7.0
361,PORTO DA MADEIRA,2024,43,1.1780400000000002,3.999999999999993,7.0,7.0
361,PORTO DA MADEIRA,2024,44,0.7871452310202469,5.399999999999992,7.0,7.0
361,PORTO DA MADEIRA,2024,45,1.7878641975308642,10.199999999999994,7.0,7.0
361,PORTO DA MADEIRA,2024,46,0.0,4.5999999999999925,7.0,7.0
361,PORTO DA MADEIRA,2024,47,0.0,4.899999999999993,7.0,7.0
361,PORTO DA MADEIRA,2024,48,0.0,1.7999999999999927,7.0,7.0
361,PORTO DA MADEIRA,2024,49,5.157625614444147,9.999999999999993,7.0,7.0
361,PORTO DA MADEIRA,2024,50,0.0,5.5999999999999925,7.0,7.0
361,PORTO DA MADEIRA,2024,51,4.346234005911206,9.299999999999994,7.0,7.0
361,PORTO DA MADEIRA,2024,52,1.2000000000000002,6.899999999999993,7.0,7.0
361,PORTO DA MADEIRA,2025,1,0.2,7.799999999999993,7.0,7.0
361,PORTO DA MADEIRA,2025,2,0.0,12.499999999999993,7.0,7.0
361,PORTO DA MADEIRA,2025,3,164.46607163700492,33.89999999999999,7.0,7.0
361,PORTO DA MADEIRA,2025,4,13.402057860953304,9.999999999999993,7.0,7.0
361,PORTO DA MADEIRA,2025,5,102.37904081691963,26.199999999999992,7.0,7.0
361,PORTO DA MADEIRA,2025,6,191.16823447726497,35.89999999999999,7.0,7.0
361,PORTO DA MADEIRA,2025,7,4.766665344636531,6.49999999999999,7.0,7.0
361,PORTO DA MADEIRA,2025,8,4.153385897420713,12.09999999999999,7.0,7.0
361,PORTO DA MADEIRA,2025,9,13.471488204085095,21.89999999999999,7.0,7.0
361,PORTO DA MADEIRA,2025,10,29.828767852915647,21.69999999999999,7.0,7.0
361,PORTO DA MADEIRA,2025,11,47.498351286895655,31.39999999999999,7.0,7.0
361,PORTO DA MADEIRA,2025,12,14.830558744548542,19.599999999999987,7.0,7.0
361,PORTO DA MADEIRA,2025,13,56.37899153379832,9.399999999999988,7.0,7.0
361,PORTO DA MADEIRA,2025,14,22.603886148592693,18.39999999999999,7.0,7.0
361,PORTO DA MADEIRA,2025,15,8.52299082596863,16.99999999999999,7.0,7.0
361,PORTO DA MADEIRA,2025,16,0.2,8.29999999999999,7.0,7.0
361,PORTO DA MADEIRA,2025,17,52.46532924750729,12.099999999999989,7.0,7.0
361,PORTO DA MADEIRA,2025,18,0.0,2.699999999999989,7.0,7.0
361,PORTO DA MADEIRA,2025,19,5.9407567289584176,12.399999999999988,7.0,7.0
361,PORTO DA MADEIRA,2025,20,271.1755776190935,42.199999999999996,7.0,7.0
361,PORTO DA MADEIRA,2025,21,95.45979014395475,55.8,7.0,7.0
361,PORTO DA MADEIRA,2025,22,71.12012190249638,21.39999999999999,7.0,7.0
361,PORTO DA MADEIRA,2025,23,72.87951593291216,25.69999999999999,7.0,7.0
361,PORTO DA MADEIRA,2025,24,71.53611878608423,20.89999999999999,7.0,7.0
361,PORTO DA MADEIRA,2025,25,83.98080121221199,41.39999999999999,7.0,7.0
361,PORTO DA MADEIRA,2025,26,129.2185400712142,37.79999999999999,7.0,7.0
361,PORTO DA MADEIRA,2025,27,95.78049042039443,38.099999999999994,7.0,7.0
361,PORTO DA MADEIRA,2025,28,83.45618078407333,23.999999999999993,7.0,7.0
361,PORTO DA MADEIRA,2025,29,16.36622126288067,19.699999999999992,7.0,7.0
361,PORTO DA MADEIRA,2025,30,28.453328835508444,13.199999999999992,7.0,7.0
361,PORTO DA MADEIRA,2025,31,85.19967456802307,26.699999999999992,7.0,7.0
361,PORTO DA MADEIRA,2025,32,46.32241830308418,25.199999999999992,7.0,7.0
361,PORTO DA MADEIRA,2025,33,95.66701581429524,67.99999999999999,7.0,7.0
361,PORTO DA MADEIRA,2025,34,20.35656941348664,18.899999999999984,7.0,7.0
361,PORTO DA MADEIRA,2025,35,33.693508918963566,18.099999999999987,7.0,7.0
361,PORTO DA MADEIRA,2025,36,64.6768785485504,31.69999999999999,7.0,7.0
361,PORTO DA MADEIRA,2025,37,3.351955170026757,11.299999999999986,7.0,7.0
361,PORTO DA MADEIRA,2025,38,3.35777951916827,8.199999999999985,7.0,7.0
361,PORTO DA MADEIRA,2025,39,4.729108539615247,10.499999999999986,7.0,7.0
361,PORTO DA MADEIRA,2025,40,77.92431941885427,15.999999999999986,7.0,7.0
361,PORTO DA MADEIRA,2025,41,0.0,6.899999999999986,7.0,7.0
361,PORTO DA MADEIRA,2025,42,1.1938305114638235,5.7999999999999865,7.0,7.0
361,PORTO DA MADEIRA,2025,43,1.7883219578409848,10.099999999999985,7.0,7.0
361,PORTO DA MADEIRA,2025,44,10.47707381151325,10.399999999999984,7.0,7.0
361,PORTO DA MADEIRA,2025,45,0.0,1.1999999999999857,1.0,7.0
361,PORTO DA MADEIRA,2025,46,9.832355508091032,8.199999999999985,3.0,7.0
361,PORTO DA MADEIRA,2025,47,1.4391999999999787,2.999999999999986,6.0,7.0
361,PORTO DA MADEIRA,2025,48,3.3547844461973444,6.499999999999986,7.0,7.0
361,PORTO DA MADEIRA,2025,49,10.5068729885327,6.499999999999986,6.0,7.0
361,PORTO DA MADEIRA,2025,50,0.19999999999998047,3.9999999999999862,7.0,7.0
361,PORTO DA MADEIRA,2025,51,0.0,4.599999999999985,2.0,7.0
361,PORTO DA MADEIRA,2025,52,20.100274456585726,8.899999999999986,4.0,7.0
361,PORTO DA MADEIRA,2025,53,6.91359999999998,5.699999999999986,2.0,7.0
663,PRADO,2024,34,3.146336706706707,9.699999999999992,5.0,7.0
663,PRADO,2024,35,16.5812223445951,12.999999999999993,7.0,7.0
663,PRADO,2024,36,4.3299195120401475,3.099999999999993,7.0,7.0
663,PRADO,2024,37,13.856090740064904,17.099999999999994,2.0,7.0
701,TORROES,2024,34,3.146336706706707,9.699999999999992,5.0,7.0
701,TORROES,2024,35,16.5812223445951,12.999999999999993,7.0,7.0
701,TORROES,2024,36,4.3299195120401475,3.099999999999993,7.0,7.0
701,TORROES,2024,37,13.856090740064904,17.099999999999994,2.0,7.0
590,DOIS IRMAOS,2024,34,0.4,9.699999999999992,5.0,7.0
590,DOIS IRMAOS,2024,35,13.986547411390411,12.999999999999993,7.0,7.0
590,DOIS IRMAOS,2024,36,1.3780400000000004,3.099999999999993,7.0,7.0
590,DOIS IRMAOS,2024,37,39.83209693257885,17.099999999999994,7.0,7.0
590,DOIS IRMAOS,2024,38,4.543117063807998,5.199999999999993,7.0,7.0
590,DOIS IRMAOS,2024,39,22.45910824614734,6.199999999999993,7.0,7.0
590,DOIS IRMAOS,2024,40,6.723359039562954,3.899999999999993,7.0,7.0
590,DOIS IRMAOS,2024,41,0.0,2.299999999999993,7.0,7.0
590,DOIS IRMAOS,2024,42,9.481538126713895,1.9999999999999927,7.0,7.0
590,DOIS IRMAOS,2024,43,2.7597399999999968,3.999999999999993,7.0,7.0
590,DOIS IRMAOS,2024,44,6.118115816532007,5.399999999999992,7.0,7.0
590,DOIS IRMAOS,2024,45,4.341983366594138,10.199999999999994,7.0,7.0
590,DOIS IRMAOS,2024,46,0.0,4.5999999999999925,7.0,7.0
590,DOIS IRMAOS,2024,47,0.5999999999999965,4.899999999999993,7.0,7.0
590,DOIS IRMAOS,2024,48,0.0,1.7999999999999927,7.0,7.0
590,DOIS IRMAOS,2024,49,38.18672840867507,9.999999999999993,7.0,7.0
590,DOIS IRMAOS,2024,50,0.7932638195165036,5.5999999999999925,7.0,7.0
590,DOIS IRMAOS,2024,51,14.007466003956157,9.299999999999994,7.0,7.0
590,DOIS IRMAOS,2024,52,6.705514495489248,6.899999999999993,7.0,7.0
590,DOIS IRMAOS,2025,1,2.559711694957008,7.799999999999993,7.0,7.0
590,DOIS IRMAOS,2025,2,1.9683856536027033,12.499999999999993,7.0,7.0
590,DOIS IRMAOS,2025,3,78.65565292003734,33.89999999999999,7.0,7.0
590,DOIS IRMAOS,2025,4,21.476822887463456,9.999999999999993,7.0,7.0
590,DOIS IRMAOS,2025,5,119.16773354662065,26.199999999999992,7.0,7.0
590,DOIS IRMAOS,2025,6,207.8576142368007,35.89999999999999,7.0,7.0
590,DOIS IRMAOS,2025,7,6.325525501388557,6.49999999999999,7.0,7.0
590,DOIS IRMAOS,2025,8,17.194475430065335,12.09999999999999,7.0,7.0
590,DOIS IRMAOS,2025,9,26.025238775557007,21.89999999999999,7.0,7.0
590,DOIS IRMAOS,2025,10,43.746212834569945,21.69999999999999,5.0,7.0
590,DOIS IRMAOS,2025,11,0.3999999999999857,31.39999999999999,3.0,7.0
647,MADALENA,2024,34,3.146336706706707,9.699999999999992,5.0,7.0
647,MADALENA,2024,35,16.5812223445951,12.999999999999993,7.0,7.0
647,MADALENA,2024,36,4.3299195120401475,3.099999999999993,7.0,7.0
647,MADALENA,2024,37,13.856090740064904,17.099999999999994,2.0,7.0
116,SOLEDADE,2024,34,0.2,9.699999999999992,5.0,7.0
116,SOLEDADE,2024,35,2.2,12.999999999999993,7.0,7.0
116,SOLEDADE,2024,36,0.0,3.099999999999993,7.0,7.0
116,SOLEDADE,2024,37,19.599999999999998,17.099999999999994,7.0,7.0
116,SOLEDADE,2024,38,0.2,5.199999999999993,7.0,7.0
116,SOLEDADE,2024,39,0.0,6.199999999999993,7.0,7.0
116,SOLEDADE,2024,40,5.4,3.899999999999993,7.0,7.0
116,SOLEDADE,2024,41,0.0,2.299999999999993,7.0,7.0
116,SOLEDADE,2024,42,2.4000000000000004,1.9999999999999927,7.0,7.0
116,SOLEDADE,2024,43,2.2,3.999999999999993,7.0,7.0
116,SOLEDADE,2024,44,2.8000000000000003,5.399999999999992,7.0,7.0
116,SOLEDADE,2024,45,3.0000000000000004,10.199999999999994,6.0,7.0
116,SOLEDADE,2024,49,0.0,9.999999999999993,4.0,7.0
116,SOLEDADE,2024,50,2.6,5.5999999999999925,7.0,7.0
116,SOLEDADE,2024,51,0.0,9.299999999999994,7.0,7.0
116,SOLEDADE,2024,52,0.0,6.899999999999993,7.0,7.0
116,SOLEDADE,2025,1,0.0,7.799999999999993,6.0,7.0
116,SOLEDADE,2025,2,0.0,12.499999999999993,7.0,7.0
116,SOLEDADE,2025,3,0.0,33.89999999999999,5.0,7.0
116,SOLEDADE,2025,4,0.0,9.999999999999993,4.0,7.0
116,SOLEDADE,2025,5,0.6000000000000001,26.199999999999992,4.0,7.0
116,SOLEDADE,2025,6,3.4,35.89999999999999,4.0,7.0
116,SOLEDADE,2025,7,0.4,6.49999999999999,7.0,7.0
116,SOLEDADE,2025,8,3.6000000000000005,12.09999999999999,4.0,7.0
116,SOLEDADE,2025,9,2.0,21.89999999999999,7.0,7.0
116,SOLEDADE,2025,10,0.6000000000000001,21.69999999999999,6.0,7.0
116,SOLEDADE,2025,11,4.800000000000001,31.39999999999999,6.0,7.0
116,SOLEDADE,2025,12,0.2,19.599999999999987,6.0,7.0
116,SOLEDADE,2025,13,0.0,9.399999999999988,4.0,7.0
116,SOLEDADE,2025,14,14.600000000000001,18.39999999999999,4.0,7.0
116,SOLEDADE,2025,15,0.2,16.99999999999999,5.0,7.0
116,SOLEDADE,2025,16,0.4,8.29999999999999,6.0,7.0
116,SOLEDADE,2025,17,1.4,12.099999999999989,7.0,7.0
116,SOLEDADE,2025,18,0.0,2.699999999999989,5.0,7.0
116,SOLEDADE,2025,19,0.0,12.399999999999988,7.0,7.0
116,SOLEDADE,2025,20,4.6000000000000005,42.199999999999996,4.0,7.0
116,SOLEDADE,2025,21,0.2,55.8,5.0,7.0
116,SOLEDADE,2025,22,0.4,21.39999999999999,5.0,7.0
116,SOLEDADE,2025,23,2.8000000000000003,25.69999999999999,5.0,7.0
116,SOLEDADE,2025,24,2.4000000000000004,20.89999999999999,5.0,7.0
116,SOLEDADE,2025,25,0.40000000000000024,41.39999999999999,5.0,7.0
116,SOLEDADE,2025,26,47.800000000000004,37.79999999999999,7.0,7.0
116,SOLEDADE,2025,27,38.0,38.099999999999994,7.0,7.0
116,SOLEDADE,2025,28,42.20000000000001,23.999999999999993,7.0,7.0
116,SOLEDADE,2025,29,11.800000000000004,19.699999999999992,7.0,7.0
116,SOLEDADE,2025,30,7.400000000000004,13.199999999999992,7.0,7.0
116,SOLEDADE,2025,31,13.600000000000005,26.699999999999992,7.0,7.0
116,SOLEDADE,2025,32,5.600000000000004,25.199999999999992,7.0,7.0
116,SOLEDADE,2025,33,0.20000000000000356,67.99999999999999,5.0,7.0
116,SOLEDADE,2025,34,3.0000000000000036,18.899999999999984,7.0,7.0
116,SOLEDADE,2025,35,6.200000000000004,18.099999999999987,7.0,7.0
116,SOLEDADE,2025,36,2.2000000000000037,31.69999999999999,7.0,7.0
116,SOLEDADE,2025,37,0.20000000000000356,11.299999999999986,7.0,7.0
116,SOLEDADE,2025,38,0.4000000000000036,8.199999999999985,7.0,7.0
116,SOLEDADE,2025,39,1.2000000000000033,10.499999999999986,7.0,7.0
116,SOLEDADE,2025,40,6.0000000000000036,15.999999999999986,6.0,7.0
116,SOLEDADE,2025,41,0.0,6.899999999999986,7.0,7.0
116,SOLEDADE,2025,42,0.0,5.7999999999999865,7.0,7.0
116,SOLEDADE,2025,43,0.0,10.099999999999985,7.0,7.0
116,SOLEDADE,2025,44,1.0000000000000036,10.399999999999984,7.0,7.0
116,SOLEDADE,2025,45,0.20000000000000356,1.1999999999999857,7.0,7.0
116,SOLEDADE,2025,46,0.20000000000000356,8.199999999999985,7.0,7.0
116,SOLEDADE,2025,47,0.0,2.999999999999986,7.0,7.0
116,SOLEDADE,2025,48,0.0,6.499999999999986,7.0,7.0
116,SOLEDADE,2025,49,0.0,6.499999999999986,6.0,7.0
116,SOLEDADE,2025,50,0.0,3.9999999999999862,7.0,7.0
116,SOLEDADE,2025,51,0.0,4.599999999999985,7.0,7.0
116,SOLEDADE,2025,52,0.0,8.899999999999986,7.0,7.0
116,SOLEDADE,2025,53,0.0,5.699999999999986,7.0,7.0
698,IPUTINGA,2024,34,0.4,9.699999999999992,5.0,7.0
698,IPUTINGA,2024,35,7.499708658761813,12.999999999999993,7.0,7.0
698,IPUTINGA,2024,36,2.3627101548502463,3.099999999999993,7.0,7.0
698,IPUTINGA,2024,37,35.60959924167842,17.099999999999994,7.0,7.0
698,IPUTINGA,2024,38,6.513633241738725,5.199999999999993,7.0,7.0
698,IPUTINGA,2024,39,12.398056238795107,6.199999999999993,7.0,7.0
698,IPUTINGA,2024,40,5.127459181792688,3.899999999999993,7.0,7.0
698,IPUTINGA,2024,41,0.0,2.299999999999993,2.0,7.0
698,IPUTINGA,2025,14,21.790041652236912,18.39999999999999,2.0,7.0
698,IPUTINGA,2025,36,4.33995015041389,31.69999999999999,1.0,7.0
698,IPUTINGA,2025,37,0.0,11.299999999999986,2.0,7.0
698,IPUTINGA,2025,38,0.0,8.199999999999985,3.0,7.0
817,SAN MARTIN,2024,34,3.146336706706707,9.699999999999992,5.0,7.0
817,SAN MARTIN,2024,35,16.5812223445951,12.999999999999993,7.0,7.0
817,SAN MARTIN,2024,36,4.3299195120401475,3.099999999999993,7.0,7.0
817,SAN MARTIN,2024,37,13.856090740064904,17.099999999999994,2.0,7.0
868,JARDIM SAO PAULO,2024,34,3.146336706706707,9.699999999999992,5.0,7.0
868,JARDIM SAO PAULO,2024,35,16.5812223445951,12.999999999999993,7.0,7.0
868,JARDIM SAO PAULO,2024,36,4.3299195120401475,3.099999999999993,7.0,7.0
868,JARDIM SAO PAULO,2024,37,13.856090740064904,17.099999999999994,2.0,7.0
850,AREIAS,2024,34,1.6,9.699999999999992,5.0,7.0
850,AREIAS,2024,35,13.200000000000001,12.999999999999993,7.0,7.0
850,AREIAS,2024,36,2.0,3.099999999999993,7.0,7.0
850,AREIAS,2024,37,29.6,17.099999999999994,7.0,7.0
850,AREIAS,2024,38,5.2,5.199999999999993,7.0,7.0
850,AREIAS,2024,39,12.4,6.199999999999993,7.0,7.0
850,AREIAS,2024,40,4.199999999999999,3.899999999999993,7.0,7.0
850,AREIAS,2024,41,0.0,2.299999999999993,7.0,7.0
850,AREIAS,2024,42,8.600000000000001,1.9999999999999927,7.0,7.0
850,AREIAS,2024,43,0.0,3.999999999999993,7.0,7.0
850,AREIAS,2024,44,7.800000000000001,5.399999999999992,7.0,7.0
850,AREIAS,2024,45,5.0,10.199999999999994,7.0,7.0
850,AREIAS,2024,46,0.0,4.5999999999999925,7.0,7.0
850,AREIAS,2024,47,0.0,4.899999999999993,7.0,7.0
850,AREIAS,2024,48,0.2,1.7999999999999927,7.0,7.0
850,AREIAS,2024,49,6.6000000000000005,9.999999999999993,7.0,7.0
850,AREIAS,2024,50,0.4,5.5999999999999925,7.0,7.0
850,AREIAS,2024,51,5.6,9.299999999999994,7.0,7.0
515,MANGABEIRA,2024,34,0.0,9.699999999999992,4.0,7.0
515,MANGABEIRA,2024,35,0.0,12.999999999999993,7.0,7.0
515,MANGABEIRA,2024,36,0.0,3.099999999999993,6.0,7.0
515,MANGABEIRA,2024,37,0.0,17.099999999999994,6.0,7.0
515,MANGABEIRA,2024,38,0.0,5.199999999999993,6.0,7.0
515,MANGABEIRA,2024,39,0.0,6.199999999999993,7.0,7.0
515,MANGABEIRA,2024,40,0.0,3.899999999999993,6.0,7.0
515,MANGABEIRA,2024,41,0.0,2.299999999999993,7.0,7.0
515,MANGABEIRA,2024,42,0.0,1.9999999999999927,7.0,7.0
515,MANGABEIRA,2024,43,0.0,3.999999999999993,6.0,7.0
515,MANGABEIRA,2024,44,0.0,5.399999999999992,6.0,7.0
515,MANGABEIRA,2024,45,0.0,10.199999999999994,7.0,7.0
515,MANGABEIRA,2024,46,0.0,4.5999999999999925,7.0,7.0
515,MANGABEIRA,2024,47,0.0,4.899999999999993,7.0,7.0
515,MANGABEIRA,2024,48,0.0,1.7999999999999927,6.0,7.0
515,MANGABEIRA,2024,49,0.0,9.999999999999993,5.0,7.0
515,MANGABEIRA,2024,50,0.0,5.5999999999999925,3.0,7.0
515,MANGABEIRA,2024,51,0.0,9.299999999999994,7.0,7.0
515,MANGABEIRA,2024,52,0.0,6.899999999999993,6.0,7.0
515,MANGABEIRA,2025,1,0.0,7.799999999999993,5.0,7.0
515,MANGABEIRA,2025,2,0.0,12.499999999999993,6.0,7.0
515,MANGABEIRA,2025,3,0.0,33.89999999999999,3.0,7.0
515,MANGABEIRA,2025,4,0.0,9.999999999999993,7.0,7.0
515,MANGABEIRA,2025,5,0.0,26.199999999999992,7.0,7.0
515,MANGABEIRA,2025,6,0.0,35.89999999999999,5.0,7.0
515,MANGABEIRA,2025,7,0.0,6.49999999999999,4.0,7.0
515,MANGABEIRA,2025,8,0.0,12.09999999999999,5.0,7.0
515,MANGABEIRA,2025,9,0.0,21.89999999999999,5.0,7.0
515,MANGABEIRA,2025,10,0.0,21.69999999999999,7.0,7.0
515,MANGABEIRA,2025,11,0.0,31.39999999999999,6.0,7.0
515,MANGABEIRA,2025,12,0.0,19.599999999999987,5.0,7.0
515,MANGABEIRA,2025,13,0.0,9.399999999999988,4.0,7.0
515,MANGABEIRA,2025,14,0.0,18.39999999999999,4.0,7.0
515,MANGABEIRA,2025,36,2.9537614825854934,31.69999999999999,3.0,7.0
515,MANGABEIRA,2025,37,0.0,11.299999999999986,6.0,7.0
515,MANGABEIRA,2025,38,0.0,8.199999999999985,6.0,7.0
515,MANGABEIRA,2025,39,0.0,10.499999999999986,5.0,7.0
515,MANGABEIRA,2025,40,0.0,15.999999999999986,5.0,7.0
515,MANGABEIRA,2025,41,0.0,6.899999999999986,7.0,7.0
515,MANGABEIRA,2025,42,0.0,5.7999999999999865,6.0,7.0
515,MANGABEIRA,2025,43,0.0,10.099999999999985,6.0,7.0
515,MANGABEIRA,2025,44,0.0,10.399999999999984,6.0,7.0
515,MANGABEIRA,2025,45,0.0,1.1999999999999857,6.0,7.0
515,MANGABEIRA,2025,46,0.0,8.199999999999985,7.0,7.0
515,MANGABEIRA,2025,47,0.0,2.999999999999986,7.0,7.0
515,MANGABEIRA,2025,48,0.0,6.499999999999986,7.0,7.0
515,MANGABEIRA,2025,49,0.0,6.499999999999986,7.0,7.0
515,MANGABEIRA,2025,50,0.0,3.9999999999999862,7.0,7.0
515,MANGABEIRA,2025,51,0.0,4.599999999999985,6.0,7.0
515,MANGABEIRA,2025,52,0.0,8.899999999999986,7.0,7.0
515,MANGABEIRA,2025,53,0.0,5.699999999999986,7.0,7.0
400,PASSARINHO,2024,34,0.2,9.699999999999992,1.0,7.0
400,PASSARINHO,2024,35,2.37072,12.999999999999993,1.0,7.0
400,PASSARINHO,2024,43,0.4,3.999999999999993,1.0,7.0
400,PASSARINHO,2024,46,0.0,4.5999999999999925,5.0,7.0
892,TEJIPIO,2024,34,1.6,9.699999999999992,5.0,7.0
892,TEJIPIO,2024,35,13.200000000000001,12.999999999999993,7.0,7.0
892,TEJIPIO,2024,36,2.0,3.099999999999993,7.0,7.0
892,TEJIPIO,2024,37,29.6,17.099999999999994,7.0,7.0
892,TEJIPIO,2024,38,5.2,5.199999999999993,7.0,7.0
892,TEJIPIO,2024,39,12.4,6.199999999999993,7.0,7.0
892,TEJIPIO,2024,40,4.199999999999999,3.899999999999993,7.0,7.0
892,TEJIPIO,2024,41,0.0,2.299999999999993,7.0,7.0
892,TEJIPIO,2024,42,8.600000000000001,1.9999999999999927,7.0,7.0
892,TEJIPIO,2024,43,0.0,3.999999999999993,7.0,7.0
892,TEJIPIO,2024,44,7.800000000000001,5.399999999999992,7.0,7.0
892,TEJIPIO,2024,45,5.0,10.199999999999994,7.0,7.0
892,TEJIPIO,2024,46,0.0,4.5999999999999925,7.0,7.0
892,TEJIPIO,2024,47,0.0,4.899999999999993,7.0,7.0
892,TEJIPIO,2024,48,0.2,1.7999999999999927,7.0,7.0
892,TEJIPIO,2024,49,6.6000000000000005,9.999999999999993,7.0,7.0
892,TEJIPIO,2024,50,0.4,5.5999999999999925,7.0,7.0
892,TEJIPIO,2024,51,5.6,9.299999999999994,7.0,7.0
680,CORDEIRO,2024,34,3.146336706706707,9.699999999999992,5.0,7.0
680,CORDEIRO,2024,35,16.5812223445951,12.999999999999993,7.0,7.0
680,CORDEIRO,2024,36,4.3299195120401475,3.099999999999993,7.0,7.0
680,CORDEIRO,2024,37,13.856090740064904,17.099999999999994,2.0,7.0
477,POCO,2024,34,0.4,9.699999999999992,5.0,7.0
477,POCO,2024,35,7.499708658761813,12.999999999999993,7.0,7.0
477,POCO,2024,36,2.3627101548502463,3.099999999999993,7.0,7.0
477,POCO,2024,37,35.60959924167842,17.099999999999994,7.0,7.0
477,POCO,2024,38,6.513633241738725,5.199999999999993,7.0,7.0
477,POCO,2024,39,12.398056238795107,6.199999999999993,7.0,7.0
477,POCO,2024,40,5.127459181792688,3.899999999999993,7.0,7.0
477,POCO,2024,41,0.0,2.299999999999993,2.0,7.0
477,POCO,2025,14,21.790041652236912,18.39999999999999,2.0,7.0
477,POCO,2025,36,4.33995015041389,31.69999999999999,1.0,7.0
477,POCO,2025,37,0.0,11.299999999999986,2.0,7.0
477,POCO,2025,38,0.0,8.199999999999985,3.0,7.0
876,BARRO,2024,34,1.6,9.699999999999992,5.0,7.0
876,BARRO,2024,35,13.200000000000001,12.999999999999993,7.0,7.0
876,BARRO,2024,36,2.0,3.099999999999993,7.0,7.0
876,BARRO,2024,37,29.6,17.099999999999994,7.0,7.0
876,BARRO,2024,38,5.2,5.199999999999993,7.0,7.0
876,BARRO,2024,39,12.4,6.199999999999993,7.0,7.0
876,BARRO,2024,40,4.199999999999999,3.899999999999993,7.0,7.0
876,BARRO,2024,41,0.0,2.299999999999993,7.0,7.0
876,BARRO,2024,42,8.600000000000001,1.9999999999999927,7.0,7.0
876,BARRO,2024,43,0.0,3.999999999999993,7.0,7.0
876,BARRO,2024,44,7.800000000000001,5.399999999999992,7.0,7.0
876,BARRO,2024,45,5.0,10.199999999999994,7.0,7.0
876,BARRO,2024,46,0.0,4.5999999999999925,7.0,7.0
876,BARRO,2024,47,0.0,4.899999999999993,7.0,7.0
876,BARRO,2024,48,0.2,1.7999999999999927,7.0,7.0
876,BARRO,2024,49,6.6000000000000005,9.999999999999993,7.0,7.0
876,BARRO,2024,50,0.4,5.5999999999999925,7.0,7.0
876,BARRO,2024,51,5.6,9.299999999999994,7.0,7.0
833,ESTANCIA,2024,34,3.146336706706707,9.699999999999992,5.0,7.0
833,ESTANCIA,2024,35,16.5812223445951,12.999999999999993,7.0,7.0
833,ESTANCIA,2024,36,4.3299195120401475,3.099999999999993,7.0,7.0
833,ESTANCIA,2024,37,13.856090740064904,17.099999999999994,2.0,7.0
345,FUNDAO,2024,34,0.2,9.699999999999992,5.0,7.0
345,FUNDAO,2024,35,3.567578081056552,12.999999999999993,7.0,7.0
345,FUNDAO,2024,36,1.7770247199033082,3.099999999999993,7.0,7.0
345,FUNDAO,2024,37,36.44396379101257,17.099999999999994,7.0,7.0
345,FUNDAO,2024,38,3.975807649375107,5.199999999999993,7.0,7.0
345,FUNDAO,2024,39,8.705087457835566,6.199999999999993,7.0,7.0
345,FUNDAO,2024,40,3.743679288174964,3.899999999999993,7.0,7.0
345,FUNDAO,2024,41,0.5999999999999996,2.299999999999993,7.0,7.0
345,FUNDAO,2024,42,12.602647607207691,1.9999999999999927,7.0,7.0
345,FUNDAO,2024,43,1.1780400000000002,3.999999999999993,7.0,7.0
345,FUNDAO,2024,44,0.7871452310202469,5.399999999999992,7.0,7.0
345,FUNDAO,2024,45,1.7878641975308642,10.199999999999994,7.0,7.0
345,FUNDAO,2024,46,0.0,4.5999999999999925,7.0,7.0
345,FUNDAO,2024,47,0.0,4.899999999999993,7.0,7.0
345,FUNDAO,2024,48,0.0,1.7999999999999927,7.0,7.0
345,FUNDAO,2024,49,5.157625614444147,9.999999999999993,7.0,7.0
345,FUNDAO,2024,50,0.0,5.5999999999999925,7.0,7.0
345,FUNDAO,2024,51,4.346234005911206,9.299999999999994,7.0,7.0
345,FUNDAO,2024,52,1.2000000000000002,6.899999999999993,7.0,7.0
345,FUNDAO,2025,1,0.2,7.799999999999993,7.0,7.0
345,FUNDAO,2025,2,0.0,12.499999999999993,7.0,7.0
345,FUNDAO,2025,3,164.46607163700492,33.89999999999999,7.0,7.0
345,FUNDAO,2025,4,13.402057860953304,9.999999999999993,7.0,7.0
345,FUNDAO,2025,5,102.37904081691963,26.199999999999992,7.0,7.0
345,FUNDAO,2025,6,191.16823447726497,35.89999999999999,7.0,7.0
345,FUNDAO,2025,7,4.766665344636531,6.49999999999999,7.0,7.0
345,FUNDAO,2025,8,4.153385897420713,12.09999999999999,7.0,7.0
345,FUNDAO,2025,9,13.471488204085095,21.89999999999999,7.0,7.0
345,FUNDAO,2025,10,29.828767852915647,21.69999999999999,7.0,7.0
345,FUNDAO,2025,11,47.498351286895655,31.39999999999999,7.0,7.0
345,FUNDAO,2025,12,14.830558744548542,19.599999999999987,7.0,7.0
345,FUNDAO,2025,13,56.37899153379832,9.399999999999988,7.0,7.0
345,FUNDAO,2025,14,22.603886148592693,18.39999999999999,7.0,7.0
345,FUNDAO,2025,15,8.52299082596863,16.99999999999999,7.0,7.0
345,FUNDAO,2025,16,0.2,8.29999999999999,7.0,7.0
345,FUNDAO,2025,17,52.46532924750729,12.099999999999989,7.0,7.0
345,FUNDAO,2025,18,0.0,2.699999999999989,7.0,7.0
345,FUNDAO,2025,19,5.9407567289584176,12.399999999999988,7.0,7.0
345,FUNDAO,2025,20,271.1755776190935,42.199999999999996,7.0,7.0
345,FUNDAO,2025,21,95.45979014395475,55.8,7.0,7.0
345,FUNDAO,2025,22,71.12012190249638,21.39999999999999,7.0,7.0
345,FUNDAO,2025,23,72.87951593291216,25.69999999999999,7.0,7.0
345,FUNDAO,2025,24,71.53611878608423,20.89999999999999,7.0,7.0
345,FUNDAO,2025,25,83.98080121221199,41.39999999999999,7.0,7.0
345,FUNDAO,2025,26,129.2185400712142,37.79999999999999,7.0,7.0
345,FUNDAO,2025,27,95.78049042039443,38.099999999999994,7.0,7.0
345,FUNDAO,2025,28,83.45618078407333,23.999999999999993,7.0,7.0
345,FUNDAO,2025,29,16.36622126288067,19.699999999999992,7.0,7.0
345,FUNDAO,2025,30,28.453328835508444,13.199999999999992,7.0,7.0
345,FUNDAO,2025,31,85.19967456802307,26.699999999999992,7.0,7.0
345,FUNDAO,2025,32,46.32241830308418,25.199999999999992,7.0,7.0
345,FUNDAO,2025,33,95.66701581429524,67.99999999999999,7.0,7.0
345,FUNDAO,2025,34,20.35656941348664,18.899999999999984,7.0,7.0
345,FUNDAO,2025,35,33.693508918963566,18.099999999999987,7.0,7.0
345,FUNDAO,2025,36,64.6768785485504,31.69999999999999,7.0,7.0
345,FUNDAO,2025,37,3.351955170026757,11.299999999999986,7.0,7.0
345,FUNDAO,2025,38,3.35777951916827,8.199999999999985,7.0,7.0
345,FUNDAO,2025,39,4.729108539615247,10.499999999999986,7.0,7.0
345,FUNDAO,2025,40,77.92431941885427,15.999999999999986,7.0,7.0
345,FUNDAO,2025,41,0.0,6.899999999999986,7.0,7.0
345,FUNDAO,2025,42,1.1938305114638235,5.7999999999999865,7.0,7.0
345,FUNDAO,2025,43,1.7883219578409848,10.099999999999985,7.0,7.0
345,FUNDAO,2025,44,10.47707381151325,10.399999999999984,7.0,7.0
345,FUNDAO,2025,45,0.0,1.1999999999999857,1.0,7.0
345,FUNDAO,2025,46,9.832355508091032,8.199999999999985,3.0,7.0
345,FUNDAO,2025,47,1.4391999999999787,2.999999999999986,6.0,7.0
345,FUNDAO,2025,48,3.3547844461973444,6.499999999999986,7.0,7.0
345,FUNDAO,2025,49,10.5068729885327,6.499999999999986,6.0,7.0
345,FUNDAO,2025,50,0.19999999999998047,3.9999999999999862,7.0,7.0
345,FUNDAO,2025,51,0.0,4.599999999999985,2.0,7.0
345,FUNDAO,2025,52,20.100274456585726,8.899999999999986,4.0,7.0
345,FUNDAO,2025,53,6.91359999999998,5.699999999999986,2.0,7.0
744,CAXANGA,2024,34,0.4,9.699999999999992,5.0,7.0
744,CAXANGA,2024,35,13.986547411390411,12.999999999999993,7.0,7.0
744,CAXANGA,2024,36,1.3780400000000004,3.099999999999993,7.0,7.0
744,CAXANGA,2024,37,39.83209693257885,17.099999999999994,7.0,7.0
744,CAXANGA,2024,38,4.543117063807998,5.199999999999993,7.0,7.0
744,CAXANGA,2024,39,22.45910824614734,6.199999999999993,7.0,7.0
744,CAXANGA,2024,40,6.723359039562954,3.899999999999993,7.0,7.0
744,CAXANGA,2024,41,0.0,2.299999999999993,7.0,7.0
744,CAXANGA,2024,42,9.481538126713895,1.9999999999999927,7.0,7.0
744,CAXANGA,2024,43,2.7597399999999968,3.999999999999993,7.0,7.0
744,CAXANGA,2024,44,6.118115816532007,5.399999999999992,7.0,7.0
744,CAXANGA,2024,45,4.341983366594138,10.199999999999994,7.0,7.0
744,CAXANGA,2024,46,0.0,4.5999999999999925,7.0,7.0
744,CAXANGA,2024,47,0.5999999999999965,4.899999999999993,7.0,7.0
744,CAXANGA,2024,48,0.0,1.7999999999999927,7.0,7.0
744,CAXANGA,2024,49,38.18672840867507,9.999999999999993,7.0,7.0
744,CAXANGA,2024,50,0.7932638195165036,5.5999999999999925,7.0,7.0
744,CAXANGA,2024,51,14.007466003956157,9.299999999999994,7.0,7.0
744,CAXANGA,2024,52,6.705514495489248,6.899999999999993,7.0,7.0
744,CAXANGA,2025,1,2.559711694957008,7.799999999999993,7.0,7.0
744,CAXANGA,2025,2,1.9683856536027033,12.499999999999993,7.0,7.0
744,CAXANGA,2025,3,78.65565292003734,33.89999999999999,7.0,7.0
744,CAXANGA,2025,4,21.476822887463456,9.999999999999993,7.0,7.0
744,CAXANGA,2025,5,119.16773354662065,26.199999999999992,7.0,7.0
744,CAXANGA,2025,6,207.8576142368007,35.89999999999999,7.0,7.0
744,CAXANGA,2025,7,6.325525501388557,6.49999999999999,7.0,7.0
744,CAXANGA,2025,8,17.194475430065335,12.09999999999999,7.0,7.0
744,CAXANGA,2025,9,26.025238775557007,21.89999999999999,7.0,7.0
744,CAXANGA,2025,10,43.746212834569945,21.69999999999999,5.0,7.0
744,CAXANGA,2025,11,0.3999999999999857,31.39999999999999,3.0,7.0
604,SITIO DOS PINTOS,2024,34,0.4,9.699999999999992,5.0,7.0
604,SITIO DOS PINTOS,2024,35,13.986547411390411,12.999999999999993,7.0,7.0
604,SITIO DOS PINTOS,2024,36,1.3780400000000004,3.099999999999993,7.0,7.0
604,SITIO DOS PINTOS,2024,37,39.83209693257885,17.099999999999994,7.0,7.0
604,SITIO DOS PINTOS,2024,38,4.543117063807998,5.199999999999993,7.0,7.0
604,SITIO DOS PINTOS,2024,39,22.45910824614734,6.199999999999993,7.0,7.0
604,SITIO DOS PINTOS,2024,40,6.723359039562954,3.899999999999993,7.0,7.0
604,SITIO DOS PINTOS,2024,41,0.0,2.299999999999993,7.0,7.0
604,SITIO DOS PINTOS,2024,42,9.481538126713895,1.9999999999999927,7.0,7.0
604,SITIO DOS PINTOS,2024,43,2.7597399999999968,3.999999999999993,7.0,7.0
604,SITIO DOS PINTOS,2024,44,6.118115816532007,5.399999999999992,7.0,7.0
604,SITIO DOS PINTOS,2024,45,4.341983366594138,10.199999999999994,7.0,7.0
604,SITIO DOS PINTOS,2024,46,0.0,4.5999999999999925,7.0,7.0
604,SITIO DOS PINTOS,2024,47,0.5999999999999965,4.899999999999993,7.0,7.0
604,SITIO DOS PINTOS,2024,48,0.0,1.7999999999999927,7.0,7.0
604,SITIO DOS PINTOS,2024,49,38.18672840867507,9.999999999999993,7.0,7.0
604,SITIO DOS PINTOS,2024,50,0.7932638195165036,5.5999999999999925,7.0,7.0
604,SITIO DOS PINTOS,2024,51,14.007466003956157,9.299999999999994,7.0,7.0
604,SITIO DOS PINTOS,2024,52,6.705514495489248,6.899999999999993,7.0,7.0
604,SITIO DOS PINTOS,2025,1,2.559711694957008,7.799999999999993,7.0,7.0
604,SITIO DOS PINTOS,2025,2,1.9683856536027033,12.499999999999993,7.0,7.0
604,SITIO DOS PINTOS,2025,3,78.65565292003734,33.89999999999999,7.0,7.0
604,SITIO DOS PINTOS,2025,4,21.476822887463456,9.999999999999993,7.0,7.0
604,SITIO DOS PINTOS,2025,5,119.16773354662065,26.199999999999992,7.0,7.0
604,SITIO DOS PINTOS,2025,6,207.8576142368007,35.89999999999999,7.0,7.0
604,SITIO DOS PINTOS,2025,7,6.325525501388557,6.49999999999999,7.0,7.0
604,SITIO DOS PINTOS,2025,8,17.194475430065335,12.09999999999999,7.0,7.0
604,SITIO DOS PINTOS,2025,9,26.025238775557007,21.89999999999999,7.0,7.0
604,SITIO DOS PINTOS,2025,10,43.746212834569945,21.69999999999999,5.0,7.0
604,SITIO DOS PINTOS,2025,11,0.3999999999999857,31.39999999999999,3.0,7.0
370,BEBERIBE,2024,34,0.2,9.699999999999992,5.0,7.0
370,BEBERIBE,2024,35,3.567578081056552,12.999999999999993,7.0,7.0
370,BEBERIBE,2024,36,1.7770247199033082,3.099999999999993,7.0,7.0
370,BEBERIBE,2024,37,36.44396379101257,17.099999999999994,7.0,7.0
370,BEBERIBE,2024,38,3.975807649375107,5.199999999999993,7.0,7.0
370,BEBERIBE,2024,39,8.705087457835566,6.199999999999993,7.0,7.0
370,BEBERIBE,2024,40,3.743679288174964,3.899999999999993,7.0,7.0
370,BEBERIBE,2024,41,0.5999999999999996,2.299999999999993,7.0,7.0
370,BEBERIBE,2024,42,12.602647607207691,1.9999999999999927,7.0,7.0
370,BEBERIBE,2024,43,1.1780400000000002,3.999999999999993,7.0,7.0
370,BEBERIBE,2024,44,0.7871452310202469,5.399999999999992,7.0,7.0
370,BEBERIBE,2024,45,1.7878641975308642,10.199999999999994,7.0,7.0
370,BEBERIBE,2024,46,0.0,4.5999999999999925,7.0,7.0
370,BEBERIBE,2024,47,0.0,4.899999999999993,7.0,7.0
370,BEBERIBE,2024,48,0.0,1.7999999999999927,7.0,7.0
370,BEBERIBE,2024,49,5.157625614444147,9.999999999999993,7.0,7.0
370,BEBERIBE,2024,50,0.0,5.5999999999999925,7.0,7.0
370,BEBERIBE,2024,51,4.346234005911206,9.299999999999994,7.0,7.0
370,BEBERIBE,2024,52,1.2000000000000002,6.899999999999993,7.0,7.0
370,BEBERIBE,2025,1,0.2,7.799999999999993,7.0,7.0
370,BEBERIBE,2025,2,0.0,12.499999999999993,7.0,7.0
370,BEBERIBE,2025,3,164.46607163700492,33.89999999999999,7.0,7.0
370,BEBERIBE,2025,4,13.402057860953304,9.999999999999993,7.0,7.0
370,BEBERIBE,2025,5,102.37904081691963,26.199999999999992,7.0,7.0
370,BEBERIBE,2025,6,191.16823447726497,35.89999999999999,7.0,7.0
370,BEBERIBE,2025,7,4.766665344636531,6.49999999999999,7.0,7.0
370,BEBERIBE,2025,8,4.153385897420713,12.09999999999999,7.0,7.0
370,BEBERIBE,2025,9,13.471488204085095,21.89999999999999,7.0,7.0
370,BEBERIBE,2025,10,29.828767852915647,21.69999999999999,7.0,7.0
370,BEBERIBE,2025,11,47.498351286895655,31.39999999999999,7.0,7.0
370,BEBERIBE,2025,12,14.830558744548542,19.599999999999987,7.0,7.0
370,BEBERIBE,2025,13,56.37899153379832,9.399999999999988,7.0,7.0
370,BEBERIBE,2025,14,22.603886148592693,18.39999999999999,7.0,7.0
370,BEBERIBE,2025,15,8.52299082596863,16.99999999999999,7.0,7.0
370,BEBERIBE,2025,16,0.2,8.29999999999999,7.0,7.0
370,BEBERIBE,2025,17,52.46532924750729,12.099999999999989,7.0,7.0
370,BEBERIBE,2025,18,0.0,2.699999999999989,7.0,7.0
370,BEBERIBE,2025,19,5.9407567289584176,12.399999999999988,7.0,7.0
370,BEBERIBE,2025,20,271.1755776190935,42.199999999999996,7.0,7.0
370,BEBERIBE,2025,21,95.45979014395475,55.8,7.0,7.0
370,BEBERIBE,2025,22,71.12012190249638,21.39999999999999,7.0,7.0
370,BEBERIBE,2025,23,72.87951593291216,25.69999999999999,7.0,7.0
370,BEBERIBE,2025,24,71.53611878608423,20.89999999999999,7.0,7.0
370,BEBERIBE,2025,25,83.98080121221199,41.39999999999999,7.0,7.0
370,BEBERIBE,2025,26,129.2185400712142,37.79999999999999,7.0,7.0
370,BEBERIBE,2025,27,95.78049042039443,38.099999999999994,7.0,7.0
370,BEBERIBE,2025,28,83.45618078407333,23.999999999999993,7.0,7.0
370,BEBERIBE,2025,29,16.36622126288067,19.699999999999992,7.0,7.0
370,BEBERIBE,2025,30,28.453328835508444,13.199999999999992,7.0,7.0
370,BEBERIBE,2025,31,85.19967456802307,26.699999999999992,7.0,7.0
370,BEBERIBE,2025,32,46.32241830308418,25.199999999999992,7.0,7.0
370,BEBERIBE,2025,33,95.66701581429524,67.99999999999999,7.0,7.0
370,BEBERIBE,2025,34,20.35656941348664,18.899999999999984,7.0,7.0
370,BEBERIBE,2025,35,33.693508918963566,18.099999999999987,7.0,7.0
370,BEBERIBE,2025,36,64.6768785485504,31.69999999999999,7.0,7.0
370,BEBERIBE,2025,37,3.351955170026757,11.299999999999986,7.0,7.0
370,BEBERIBE,2025,38,3.35777951916827,8.199999999999985,7.0,7.0
370,BEBERIBE,2025,39,4.729108539615247,10.499999999999986,7.0,7.0
370,BEBERIBE,2025,40,77.92431941885427,15.999999999999986,7.0,7.0
370,BEBERIBE,2025,41,0.0,6.899999999999986,7.0,7.0
370,BEBERIBE,2025,42,1.1938305114638235,5.7999999999999865,7.0,7.0
370,BEBERIBE,2025,43,1.7883219578409848,10.099999999999985,7.0,7.0
370,BEBERIBE,2025,44,10.47707381151325,10.399999999999984,7.0,7.0
370,BEBERIBE,2025,45,0.0,1.1999999999999857,1.0,7.0
370,BEBERIBE,2025,46,9.832355508091032,8.199999999999985,3.0,7.0
370,BEBERIBE,2025,47,1.4391999999999787,2.999999999999986,6.0,7.0
370,BEBERIBE,2025,48,3.3547844461973444,6.499999999999986,7.0,7.0
370,BEBERIBE,2025,49,10.5068729885327,6.499999999999986,6.0,7.0
370,BEBERIBE,2025,50,0.19999999999998047,3.9999999999999862,7.0,7.0
370,BEBERIBE,2025,51,0.0,4.599999999999985,2.0,7.0
370,BEBERIBE,2025,52,20.100274456585726,8.899999999999986,4.0,7.0
370,BEBERIBE,2025,53,6.91359999999998,5.699999999999986,2.0,7.0
426,BOMBA DO HEMETERIO,2024,34,0.0,9.699999999999992,4.0,7.0
426,BOMBA DO HEMETERIO,2024,35,0.0,12.999999999999993,7.0,7.0
426,BOMBA DO HEMETERIO,2024,36,0.0,3.099999999999993,6.0,7.0
426,BOMBA DO HEMETERIO,2024,37,0.0,17.099999999999994,6.0,7.0
426,BOMBA DO HEMETERIO,2024,38,0.0,5.199999999999993,6.0,7.0
426,BOMBA DO HEMETERIO,2024,39,0.0,6.199999999999993,7.0,7.0
426,BOMBA DO HEMETERIO,2024,40,0.0,3.899999999999993,6.0,7.0
426,BOMBA DO HEMETERIO,2024,41,0.0,2.299999999999993,7.0,7.0
426,BOMBA DO HEMETERIO,2024,42,0.0,1.9999999999999927,7.0,7.0
426,BOMBA DO HEMETERIO,2024,43,0.0,3.999999999999993,6.0,7.0
426,BOMBA DO HEMETERIO,2024,44,0.0,5.399999999999992,6.0,7.0
426,BOMBA DO HEMETERIO,2024,45,0.0,10.199999999999994,7.0,7.0
426,BOMBA DO HEMETERIO,2024,46,0.0,4.5999999999999925,7.0,7.0
426,BOMBA DO HEMETERIO,2024,47,0.0,4.899999999999993,7.0,7.0
426,BOMBA DO HEMETERIO,2024,48,0.0,1.7999999999999927,6.0,7.0
426,BOMBA DO HEMETERIO,2024,49,0.0,9.999999999999993,5.0,7.0
426,BOMBA DO HEMETERIO,2024,50,0.0,5.5999999999999925,3.0,7.0
426,BOMBA DO HEMETERIO,2024,51,0.0,9.299999999999994,7.0,7.0
426,BOMBA DO HEMETERIO,2024,52,0.0,6.899999999999993,6.0,7.0
426,BOMBA DO HEMETERIO,2025,1,0.0,7.799999999999993,5.0,7.0
426,BOMBA DO HEMETERIO,2025,2,0.0,12.499999999999993,6.0,7.0
426,BOMBA DO HEMETERIO,2025,3,0.0,33.89999999999999,3.0,7.0
426,BOMBA DO HEMETERIO,2025,4,0.0,9.999999999999993,7.0,7.0
426,BOMBA DO HEMETERIO,2025,5,0.0,26.199999999999992,7.0,7.0
426,BOMBA DO HEMETERIO,2025,6,0.0,35.89999999999999,5.0,7.0
426,BOMBA DO HEMETERIO,2025,7,0.0,6.49999999999999,4.0,7.0
426,BOMBA DO HEMETERIO,2025,8,0.0,12.09999999999999,5.0,7.0
426,BOMBA DO HEMETERIO,2025,9,0.0,21.89999999999999,5.0,7.0
426,BOMBA DO HEMETERIO,2025,10,0.0,21.69999999999999,7.0,7.0
426,BOMBA DO HEMETERIO,2025,11,0.0,31.39999999999999,6.0,7.0
426,BOMBA DO HEMETERIO,2025,12,0.0,19.599999999999987,5.0,7.0
426,BOMBA DO HEMETERIO,2025,13,0.0,9.399999999999988,4.0,7.0
426,BOMBA DO HEMETERIO,2025,14,0.0,18.39999999999999,4.0,7.0
426,BOMBA DO HEMETERIO,2025,36,2.9537614825854934,31.69999999999999,3.0,7.0
426,BOMBA DO HEMETERIO,2025,37,0.0,11.299999999999986,6.0,7.0
426,BOMBA DO HEMETERIO,2025,38,0.0,8.199999999999985,6.0,7.0
426,BOMBA DO HEMETERIO,2025,39,0.0,10.499999999999986,5.0,7.0
426,BOMBA DO HEMETERIO,2025,40,0.0,15.999999999999986,5.0,7.0
426,BOMBA DO HEMETERIO,2025,41,0.0,6.899999999999986,7.0,7.0
426,BOMBA DO HEMETERIO,2025,42,0.0,5.7999999999999865,6.0,7.0
426,BOMBA DO HEMETERIO,2025,43,0.0,10.099999999999985,6.0,7.0
426,BOMBA DO HEMETERIO,2025,44,0.0,10.399999999999984,6.0,7.0
426,BOMBA DO HEMETERIO,2025,45,0.0,1.1999999999999857,6.0,7.0
426,BOMBA DO HEMETERIO,2025,46,0.0,8.199999999999985,7.0,7.0
426,BOMBA DO HEMETERIO,2025,47,0.0,2.999999999999986,7.0,7.0
426,BOMBA DO HEMETERIO,2025,48,0.0,6.499999999999986,7.0,7.0
426,BOMBA DO HEMETERIO,2025,49,0.0,6.499999999999986,7.0,7.0
426,BOMBA DO HEMETERIO,2025,50,0.0,3.9999999999999862,7.0,7.0
426,BOMBA DO HEMETERIO,2025,51,0.0,4.599999999999985,6.0,7.0
426,BOMBA DO HEMETERIO,2025,52,0.0,8.899999999999986,7.0,7.0
426,BOMBA DO HEMETERIO,2025,53,0.0,5.699999999999986,7.0,7.0
434,CASA AMARELA,2024,34,0.0,9.699999999999992,4.0,7.0
434,CASA AMARELA,2024,35,0.0,12.999999999999993,7.0,7.0
434,CASA AMARELA,2024,36,0.0,3.099999999999993,6.0,7.0
434,CASA AMARELA,2024,37,0.0,17.099999999999994,6.0,7.0
434,CASA AMARELA,2024,38,0.0,5.199999999999993,6.0,7.0
434,CASA AMARELA,2024,39,0.0,6.199999999999993,7.0,7.0
434,CASA AMARELA,2024,40,0.0,3.899999999999993,6.0,7.0
434,CASA AMARELA,2024,41,0.0,2.299999999999993,7.0,7.0
434,CASA AMARELA,2024,42,0.0,1.9999999999999927,7.0,7.0
434,CASA AMARELA,2024,43,0.0,3.999999999999993,6.0,7.0
434,CASA AMARELA,2024,44,0.0,5.399999999999992,6.0,7.0
434,CASA AMARELA,2024,45,0.0,10.199999999999994,7.0,7.0
434,CASA AMARELA,2024,46,0.0,4.5999999999999925,7.0,7.0
434,CASA AMARELA,2024,47,0.0,4.899999999999993,7.0,7.0
434,CASA AMARELA,2024,48,0.0,1.7999999999999927,6.0,7.0
434,CASA AMARELA,2024,49,0.0,9.999999999999993,5.0,7.0
434,CASA AMARELA,2024,50,0.0,5.5999999999999925,3.0,7.0
434,CASA AMARELA,2024,51,0.0,9.299999999999994,7.0,7.0
434,CASA AMARELA,2024,52,0.0,6.899999999999993,6.0,7.0
434,CASA AMARELA,2025,1,0.0,7.799999999999993,5.0,7.0
434,CASA AMARELA,2025,2,0.0,12.499999999999993,6.0,7.0
434,CASA AMARELA,2025,3,0.0,33.89999999999999,3.0,7.0
434,CASA AMARELA,2025,4,0.0,9.999999999999993,7.0,7.0
434,CASA AMARELA,2025,5,0.0,26.199999999999992,7.0,7.0
434,CASA AMARELA,2025,6,0.0,35.89999999999999,5.0,7.0
434,CASA AMARELA,2025,7,0.0,6.49999999999999,4.0,7.0
434,CASA AMARELA,2025,8,0.0,12.09999999999999,5.0,7.0
434,CASA AMARELA,2025,9,0.0,21.89999999999999,5.0,7.0
434,CASA AMARELA,2025,10,0.0,21.69999999999999,7.0,7.0
434,CASA AMARELA,2025,11,0.0,31.39999999999999,6.0,7.0
434,CASA AMARELA,2025,12,0.0,19.599999999999987,5.0,7.0
434,CASA AMARELA,2025,13,0.0,9.399999999999988,4.0,7.0
434,CASA AMARELA,2025,14,0.0,18.39999999999999,4.0,7.0
434,CASA AMARELA,2025,36,2.9537614825854934,31.69999999999999,3.0,7.0
434,CASA AMARELA,2025,37,0.0,11.299999999999986,6.0,7.0
434,CASA AMARELA,2025,38,0.0,8.199999999999985,6.0,7.0
434,CASA AMARELA,2025,39,0.0,10.499999999999986,5.0,7.0
434,CASA AMARELA,2025,40,0.0,15.999999999999986,5.0,7.0
434,CASA AMARELA,2025,41,0.0,6.899999999999986,7.0,7.0
434,CASA AMARELA,2025,42,0.0,5.7999999999999865,6.0,7.0
434,CASA AMARELA,2025,43,0.0,10.099999999999985,6.0,7.0
434,CASA AMARELA,2025,44,0.0,10.399999999999984,6.0,7.0
434,CASA AMARELA,2025,45,0.0,1.1999999999999857,6.0,7.0
434,CASA AMARELA,2025,46,0.0,8.199999999999985,7.0,7.0
434,CASA AMARELA,2025,47,0.0,2.999999999999986,7.0,7.0
434,CASA AMARELA,2025,48,0.0,6.499999999999986,7.0,7.0
434,CASA AMARELA,2025,49,0.0,6.499999999999986,7.0,7.0
434,CASA AMARELA,2025,50,0.0,3.9999999999999862,7.0,7.0
434,CASA AMARELA,2025,51,0.0,4.599999999999985,6.0,7.0
434,CASA AMARELA,2025,52,0.0,8.899999999999986,7.0,7.0
434,CASA AMARELA,2025,53,0.0,5.699999999999986,7.0,7.0
388,LINHA DO TIRO,2024,34,0.0,9.699999999999992,4.0,7.0
388,LINHA DO TIRO,2024,35,0.0,12.999999999999993,7.0,7.0
388,LINHA DO TIRO,2024,36,0.0,3.099999999999993,6.0,7.0
388,LINHA DO TIRO,2024,37,0.0,17.099999999999994,6.0,7.0
388,LINHA DO TIRO,2024,38,0.0,5.199999999999993,6.0,7.0
388,LINHA DO TIRO,2024,39,0.0,6.199999999999993,7.0,7.0
388,LINHA DO TIRO,2024,40,0.0,3.899999999999993,6.0,7.0
388,LINHA DO TIRO,2024,41,0.0,2.299999999999993,7.0,7.0
388,LINHA DO TIRO,2024,42,0.0,1.9999999999999927,7.0,7.0
388,LINHA DO TIRO,2024,43,0.0,3.999999999999993,6.0,7.0
388,LINHA DO TIRO,2024,44,0.0,5.399999999999992,6.0,7.0
388,LINHA DO TIRO,2024,45,0.0,10.199999999999994,7.0,7.0
388,LINHA DO TIRO,2024,46,0.0,4.5999999999999925,7.0,7.0
388,LINHA DO TIRO,2024,47,0.0,4.899999999999993,7.0,7.0
388,LINHA DO TIRO,2024,48,0.0,1.7999999999999927,6.0,7.0
388,LINHA DO TIRO,2024,49,0.0,9.999999999999993,5.0,7.0
388,LINHA DO TIRO,2024,50,0.0,5.5999999999999925,3.0,7.0
388,LINHA DO TIRO,2024,51,0.0,9.299999999999994,7.0,7.0
388,LINHA DO TIRO,2024,52,0.0,6.899999999999993,6.0,7.0
388,LINHA DO TIRO,2025,1,0.0,7.799999999999993,5.0,7.0
388,LINHA DO TIRO,2025,2,0.0,12.499999999999993,6.0,7.0
388,LINHA DO TIRO,2025,3,0.0,33.89999999999999,3.0,7.0
388,LINHA DO TIRO,2025,4,0.0,9.999999999999993,7.0,7.0
388,LINHA DO TIRO,2025,5,0.0,26.199999999999992,7.0,7.0
388,LINHA DO TIRO,2025,6,0.0,35.89999999999999,5.0,7.0
388,LINHA DO TIRO,2025,7,0.0,6.49999999999999,4.0,7.0
388,LINHA DO TIRO,2025,8,0.0,12.09999999999999,5.0,7.0
388,LINHA DO TIRO,2025,9,0.0,21.89999999999999,5.0,7.0
388,LINHA DO TIRO,2025,10,0.0,21.69999999999999,7.0,7.0
388,LINHA DO TIRO,2025,11,0.0,31.39999999999999,6.0,7.0
388,LINHA DO TIRO,2025,12,0.0,19.599999999999987,5.0,7.0
388,LINHA DO TIRO,2025,13,0.0,9.399999999999988,4.0,7.0
388,LINHA DO TIRO,2025,14,0.0,18.39999999999999,4.0,7.0
388,LINHA DO TIRO,2025,36,2.9537614825854934,31.69999999999999,3.0,7.0
388,LINHA DO TIRO,2025,37,0.0,11.299999999999986,6.0,7.0
388,LINHA DO TIRO,2025,38,0.0,8.199999999999985,6.0,7.0
388,LINHA DO TIRO,2025,39,0.0,10.499999999999986,5.0,7.0
388,LINHA DO TIRO,2025,40,0.0,15.999999999999986,5.0,7.0
388,LINHA DO TIRO,2025,41,0.0,6.899999999999986,7.0,7.0
388,LINHA DO TIRO,2025,42,0.0,5.7999999999999865,6.0,7.0
388,LINHA DO TIRO,2025,43,0.0,10.099999999999985,6.0,7.0
388,LINHA DO TIRO,2025,44,0.0,10.399999999999984,6.0,7.0
388,LINHA DO TIRO,2025,45,0.0,1.1999999999999857,6.0,7.0
388,LINHA DO TIRO,2025,46,0.0,8.199999999999985,7.0,7.0
388,LINHA DO TIRO,2025,47,0.0,2.999999999999986,7.0,7.0
388,LINHA DO TIRO,2025,48,0.0,6.499999999999986,7.0,7.0
388,LINHA DO TIRO,2025,49,0.0,6.499999999999986,7.0,7.0
388,LINHA DO TIRO,2025,50,0.0,3.9999999999999862,7.0,7.0
388,LINHA DO TIRO,2025,51,0.0,4.599999999999985,6.0,7.0
388,LINHA DO TIRO,2025,52,0.0,8.899999999999986,7.0,7.0
388,LINHA DO TIRO,2025,53,0.0,5.699999999999986,7.0,7.0
175,ENCRUZILHADA,2024,34,0.2,9.699999999999992,5.0,7.0
175,ENCRUZILHADA,2024,35,4.966517933094385,12.999999999999993,7.0,7.0
175,ENCRUZILHADA,2024,36,0.6000000000000001,3.099999999999993,7.0,7.0
175,ENCRUZILHADA,2024,37,24.564408239500782,17.099999999999994,7.0,7.0
175,ENCRUZILHADA,2024,38,2.1789365432098764,5.199999999999993,7.0,7.0
175,ENCRUZILHADA,2024,39,15.407345146745321,6.199999999999993,7.0,7.0
175,ENCRUZILHADA,2024,40,9.362435641732187,3.899999999999993,7.0,7.0
175,ENCRUZILHADA,2024,41,0.0,2.299999999999993,7.0,7.0
175,ENCRUZILHADA,2024,42,9.101137113223281,1.9999999999999927,7.0,7.0
175,ENCRUZILHADA,2024,43,2.0012999999999996,3.999999999999993,7.0,7.0
175,ENCRUZILHADA,2024,44,7.502444911691088,5.399999999999992,7.0,7.0
175,ENCRUZILHADA,2024,45,7.702061536024379,10.199999999999994,7.0,7.0
175,ENCRUZILHADA,2024,46,0.0,4.5999999999999925,7.0,7.0
175,ENCRUZILHADA,2024,47,0.4,4.899999999999993,7.0,7.0
175,ENCRUZILHADA,2024,48,0.9869004839783073,1.7999999999999927,7.0,7.0
175,ENCRUZILHADA,2024,49,3.946959026027332,9.999999999999993,7.0,7.0
175,ENCRUZILHADA,2024,50,1.1937179255396202,5.5999999999999925,7.0,7.0
175,ENCRUZILHADA,2024,51,3.982579893949832,9.299999999999994,7.0,7.0
175,ENCRUZILHADA,2024,52,1.780559416863672,6.899999999999993,7.0,7.0
175,ENCRUZILHADA,2025,1,0.0,7.799999999999993,7.0,7.0
175,ENCRUZILHADA,2025,2,0.7999999999999996,12.499999999999993,7.0,7.0
175,ENCRUZILHADA,2025,3,137.69294661357216,33.89999999999999,7.0,7.0
175,ENCRUZILHADA,2025,4,7.884399016170483,9.999999999999993,7.0,7.0
175,ENCRUZILHADA,2025,5,128.69707237370918,26.199999999999992,7.0,7.0
175,ENCRUZILHADA,2025,6,236.96221846491898,35.89999999999999,7.0,7.0
175,ENCRUZILHADA,2025,7,18.08171195123691,6.49999999999999,7.0,7.0
175,ENCRUZILHADA,2025,8,11.690587086880099,12.09999999999999,7.0,7.0
175,ENCRUZILHADA,2025,9,14.191828718802263,21.89999999999999,7.0,7.0
175,ENCRUZILHADA,2025,10,43.8573761248703,21.69999999999999,7.0,7.0
175,ENCRUZILHADA,2025,11,36.16597301030836,31.39999999999999,7.0,7.0
175,ENCRUZILHADA,2025,12,28.099771237328053,19.599999999999987,7.0,7.0
175,ENCRUZILHADA,2025,13,45.359250081412306,9.399999999999988,7.0,7.0
175,ENCRUZILHADA,2025,14,26.493752025493897,18.39999999999999,7.0,7.0
175,ENCRUZILHADA,2025,15,29.38246359421136,16.99999999999999,7.0,7.0
175,ENCRUZILHADA,2025,16,0.0,8.29999999999999,7.0,7.0
175,ENCRUZILHADA,2025,17,26.229716670486493,12.099999999999989,7.0,7.0
175,ENCRUZILHADA,2025,18,0.0,2.699999999999989,7.0,7.0
175,ENCRUZILHADA,2025,19,11.832901251814825,12.399999999999988,7.0,7.0
175,ENCRUZILHADA,2025,20,274.9822178345309,42.199999999999996,7.0,7.0
175,ENCRUZILHADA,2025,21,102.7850248104794,55.8,7.0,7.0
175,ENCRUZILHADA,2025,22,64.08204561435683,21.39999999999999,7.0,7.0
175,ENCRUZILHADA,2025,23,71.95559910536045,25.69999999999999,7.0,7.0
175,ENCRUZILHADA,2025,24,95.77705803994225,20.89999999999999,7.0,7.0
175,ENCRUZILHADA,2025,25,77.21790808290373,41.39999999999999,7.0,7.0
175,ENCRUZILHADA,2025,26,126.0178496720452,37.79999999999999,7.0,7.0
175,ENCRUZILHADA,2025,27,95.8916612855212,38.099999999999994,7.0,7.0
175,ENCRUZILHADA,2025,28,86.37908623618436,23.999999999999993,7.0,7.0
175,ENCRUZILHADA,2025,29,20.373600963238026,19.699999999999992,7.0,7.0
175,ENCRUZILHADA,2025,30,21.120098593100487,13.199999999999992,7.0,7.0
175,ENCRUZILHADA,2025,31,117.98895332147755,26.699999999999992,7.0,7.0
175,ENCRUZILHADA,2025,32,46.945811852335325,25.199999999999992,7.0,7.0
175,ENCRUZILHADA,2025,33,83.73836838909665,67.99999999999999,7.0,7.0
175,ENCRUZILHADA,2025,34,17.575841225416227,18.899999999999984,7.0,7.0
175,ENCRUZILHADA,2025,35,23.08069047507499,18.099999999999987,7.0,7.0
175,ENCRUZILHADA,2025,36,62.802874320389286,31.69999999999999,7.0,7.0
175,ENCRUZILHADA,2025,37,1.0196,11.299999999999986,7.0,7.0
175,ENCRUZILHADA,2025,38,0.79268,8.199999999999985,7.0,7.0
175,ENCRUZILHADA,2025,39,3.760976456835935,10.499999999999986,7.0,7.0
175,ENCRUZILHADA,2025,40,79.6411701916271,15.999999999999986,7.0,7.0
175,ENCRUZILHADA,2025,41,3.3641410420963034,6.899999999999986,7.0,7.0
175,ENCRUZILHADA,2025,42,1.1821830262834614,5.7999999999999865,7.0,7.0
175,ENCRUZILHADA,2025,43,3.1540399762555826,10.099999999999985,7.0,7.0
175,ENCRUZILHADA,2025,44,13.60157982470941,10.399999999999984,7.0,7.0
175,ENCRUZILHADA,2025,45,0.0,1.1999999999999857,7.0,7.0
175,ENCRUZILHADA,2025,46,7.895951956437659,8.199999999999985,7.0,7.0
175,ENCRUZILHADA,2025,47,4.148146045257542,2.999999999999986,7.0,7.0
175,ENCRUZILHADA,2025,48,1.585615298750207,6.499999999999986,7.0,7.0
175,ENCRUZILHADA,2025,49,0.0,6.499999999999986,7.0,7.0
175,ENCRUZILHADA,2025,50,0.0,3.9999999999999862,7.0,7.0
175,ENCRUZILHADA,2025,51,0.1999999999999929,4.599999999999985,7.0,7.0
175,ENCRUZILHADA,2025,52,10.260359344815587,8.899999999999986,7.0,7.0
175,ENCRUZILHADA,2025,53,1.4029065526647542,5.699999999999986,7.0,7.0
256,BRASILIA TEIMOSA,2024,34,1.9737498884906413,9.699999999999992,5.0,7.0
256,BRASILIA TEIMOSA,2024,35,7.685290643473013,12.999999999999993,7.0,7.0
256,BRASILIA TEIMOSA,2024,36,2.757741471271443,3.099999999999993,7.0,7.0
256,BRASILIA TEIMOSA,2024,37,20.889054924185736,17.099999999999994,7.0,7.0
256,BRASILIA TEIMOSA,2024,38,5.126817619133457,5.199999999999993,7.0,7.0
256,BRASILIA TEIMOSA,2024,39,7.881557942732446,6.199999999999993,7.0,7.0
256,BRASILIA TEIMOSA,2024,40,5.9157206421990685,3.899999999999993,7.0,7.0
256,BRASILIA TEIMOSA,2024,41,0.0,2.299999999999993,7.0,7.0
256,BRASILIA TEIMOSA,2024,42,2.56706,1.9999999999999927,7.0,7.0
256,BRASILIA TEIMOSA,2024,43,0.0,3.999999999999993,7.0,7.0
256,BRASILIA TEIMOSA,2024,44,4.15758436420208,5.399999999999992,7.0,7.0
256,BRASILIA TEIMOSA,2024,45,1.1890200000000002,10.199999999999994,7.0,7.0
256,BRASILIA TEIMOSA,2024,46,0.0,4.5999999999999925,7.0,7.0
256,BRASILIA TEIMOSA,2024,47,0.5926800000000001,4.899999999999993,7.0,7.0
256,BRASILIA TEIMOSA,2024,48,0.0,1.7999999999999927,7.0,7.0
256,BRASILIA TEIMOSA,2024,49,5.905722485537299,9.999999999999993,7.0,7.0
256,BRASILIA TEIMOSA,2024,50,0.0,5.5999999999999925,7.0,7.0
256,BRASILIA TEIMOSA,2024,51,4.92869494672755,9.299999999999994,7.0,7.0
256,BRASILIA TEIMOSA,2024,52,1.5818762056824696,6.899999999999993,7.0,7.0
256,BRASILIA TEIMOSA,2025,1,0.4196,7.799999999999993,7.0,7.0
256,BRASILIA TEIMOSA,2025,2,0.4,12.499999999999993,7.0,7.0
256,BRASILIA TEIMOSA,2025,3,33.705076735224644,33.89999999999999,7.0,7.0
256,BRASILIA TEIMOSA,2025,4,16.374887521254642,9.999999999999993,7.0,7.0
256,BRASILIA TEIMOSA,2025,5,124.78189575907001,26.199999999999992,7.0,7.0
256,BRASILIA TEIMOSA,2025,6,106.74291252873235,35.89999999999999,7.0,7.0
256,BRASILIA TEIMOSA,2025,7,14.802803064483314,6.49999999999999,7.0,7.0
256,BRASILIA TEIMOSA,2025,8,5.523727176760673,12.09999999999999,7.0,7.0
256,BRASILIA TEIMOSA,2025,9,13.233676879554848,21.89999999999999,7.0,7.0
256,BRASILIA TEIMOSA,2025,10,28.559297216514892,21.69999999999999,7.0,7.0
256,BRASILIA TEIMOSA,2025,11,14.199606758089097,31.39999999999999,7.0,7.0
256,BRASILIA TEIMOSA,2025,12,33.47472088800603,19.599999999999987,7.0,7.0
256,BRASILIA TEIMOSA,2025,13,65.32119394492032,9.399999999999988,7.0,7.0
256,BRASILIA TEIMOSA,2025,14,12.39966579108443,18.39999999999999,7.0,7.0
256,BRASILIA TEIMOSA,2025,15,15.593958087135562,16.99999999999999,7.0,7.0
256,BRASILIA TEIMOSA,2025,16,0.0,8.29999999999999,7.0,7.0
256,BRASILIA TEIMOSA,2025,17,41.5413625464124,12.099999999999989,7.0,7.0
256,BRASILIA TEIMOSA,2025,18,0.0,2.699999999999989,7.0,7.0
256,BRASILIA TEIMOSA,2025,19,14.223027086042238,12.399999999999988,7.0,7.0
256,BRASILIA TEIMOSA,2025,20,108.60544198509069,42.199999999999996,7.0,7.0
256,BRASILIA TEIMOSA,2025,21,58.15144100339313,55.8,7.0,7.0
256,BRASILIA TEIMOSA,2025,22,0.0,21.39999999999999,7.0,7.0
256,BRASILIA TEIMOSA,2025,23,0.5954491096196939,25.69999999999999,7.0,7.0
256,BRASILIA TEIMOSA,2025,24,1.4588000000000072,20.89999999999999,7.0,7.0
256,BRASILIA TEIMOSA,2025,25,0.0,41.39999999999999,7.0,7.0
256,BRASILIA TEIMOSA,2025,26,2.7633436254394446,37.79999999999999,7.0,7.0
256,BRASILIA TEIMOSA,2025,27,0.0,38.099999999999994,7.0,7.0
256,BRASILIA TEIMOSA,2025,28,0.0,23.999999999999993,7.0,7.0
256,BRASILIA TEIMOSA,2025,29,0.0,19.699999999999992,7.0,7.0
256,BRASILIA TEIMOSA,2025,30,0.0,13.199999999999992,7.0,7.0
256,BRASILIA TEIMOSA,2025,31,0.0,26.699999999999992,7.0,7.0
256,BRASILIA TEIMOSA,2025,32,0.0,25.199999999999992,7.0,7.0
256,BRASILIA TEIMOSA,2025,33,0.0,67.99999999999999,7.0,7.0
256,BRASILIA TEIMOSA,2025,34,0.0,18.899999999999984,7.0,7.0
256,BRASILIA TEIMOSA,2025,35,0.0,18.099999999999987,7.0,7.0
256,BRASILIA TEIMOSA,2025,36,0.0,31.69999999999999,7.0,7.0
256,BRASILIA TEIMOSA,2025,37,0.0,11.299999999999986,7.0,7.0
256,BRASILIA TEIMOSA,2025,38,0.0,8.199999999999985,7.0,7.0
256,BRASILIA TEIMOSA,2025,39,0.0,10.499999999999986,7.0,7.0
256,BRASILIA TEIMOSA,2025,40,0.0,15.999999999999986,7.0,7.0
256,BRASILIA TEIMOSA,2025,41,0.0,6.899999999999986,7.0,7.0
256,BRASILIA TEIMOSA,2025,42,0.0,5.7999999999999865,7.0,7.0
256,BRASILIA TEIMOSA,2025,43,0.0,10.099999999999985,7.0,7.0
256,BRASILIA TEIMOSA,2025,44,0.0,10.399999999999984,7.0,7.0
256,BRASILIA TEIMOSA,2025,45,0.0,1.1999999999999857,7.0,7.0
256,BRASILIA TEIMOSA,2025,46,0.0,8.199999999999985,7.0,7.0
256,BRASILIA TEIMOSA,2025,47,0.0,2.999999999999986,7.0,7.0
256,BRASILIA TEIMOSA,2025,48,0.0,6.499999999999986,7.0,7.0
256,BRASILIA TEIMOSA,2025,49,0.0,6.499999999999986,7.0,7.0
256,BRASILIA TEIMOSA,2025,50,0.0,3.9999999999999862,7.0,7.0
256,BRASILIA TEIMOSA,2025,51,0.0,4.599999999999985,7.0,7.0
256,BRASILIA TEIMOSA,2025,52,0.0,8.899999999999986,7.0,7.0
256,BRASILIA TEIMOSA,2025,53,0.0,5.699999999999986,7.0,7.0
523,ALTO JOSE DO PINHO,2024,34,0.0,9.699999999999992,4.0,7.0
523,ALTO JOSE DO PINHO,2024,35,0.0,12.999999999999993,7.0,7.0
523,ALTO JOSE DO PINHO,2024,36,0.0,3.099999999999993,6.0,7.0
523,ALTO JOSE DO PINHO,2024,37,0.0,17.099999999999994,6.0,7.0
523,ALTO JOSE DO PINHO,2024,38,0.0,5.199999999999993,6.0,7.0
523,ALTO JOSE DO PINHO,2024,39,0.0,6.199999999999993,7.0,7.0
523,ALTO JOSE DO PINHO,2024,40,0.0,3.899999999999993,6.0,7.0
523,ALTO JOSE DO PINHO,2024,41,0.0,2.299999999999993,7.0,7.0
523,ALTO JOSE DO PINHO,2024,42,0.0,1.9999999999999927,7.0,7.0
523,ALTO JOSE DO PINHO,2024,43,0.0,3.999999999999993,6.0,7.0
523,ALTO JOSE DO PINHO,2024,44,0.0,5.399999999999992,6.0,7.0
523,ALTO JOSE DO PINHO,2024,45,0.0,10.199999999999994,7.0,7.0
523,ALTO JOSE DO PINHO,2024,46,0.0,4.5999999999999925,7.0,7.0
523,ALTO JOSE DO PINHO,2024,47,0.0,4.899999999999993,7.0,7.0
523,ALTO JOSE DO PINHO,2024,48,0.0,1.7999999999999927,6.0,7.0
523,ALTO JOSE DO PINHO,2024,49,0.0,9.999999999999993,5.0,7.0
523,ALTO JOSE DO PINHO,2024,50,0.0,5.5999999999999925,3.0,7.0
523,ALTO JOSE DO PINHO,2024,51,0.0,9.299999999999994,7.0,7.0
523,ALTO JOSE DO PINHO,2024,52,0.0,6.899999999999993,6.0,7.0
523,ALTO JOSE DO PINHO,2025,1,0.0,7.799999999999993,5.0,7.0
523,ALTO JOSE DO PINHO,2025,2,0.0,12.499999999999993,6.0,7.0
523,ALTO JOSE DO PINHO,2025,3,0.0,33.89999999999999,3.0,7.0
523,ALTO JOSE DO PINHO,2025,4,0.0,9.999999999999993,7.0,7.0
523,ALTO JOSE DO PINHO,2025,5,0.0,26.199999999999992,7.0,7.0
523,ALTO JOSE DO PINHO,2025,6,0.0,35.89999999999999,5.0,7.0
523,ALTO JOSE DO PINHO,2025,7,0.0,6.49999999999999,4.0,7.0
523,ALTO JOSE DO PINHO,2025,8,0.0,12.09999999999999,5.0,7.0
523,ALTO JOSE DO PINHO,2025,9,0.0,21.89999999999999,5.0,7.0
523,ALTO JOSE DO PINHO,2025,10,0.0,21.69999999999999,7.0,7.0
523,ALTO JOSE DO PINHO,2025,11,0.0,31.39999999999999,6.0,7.0
523,ALTO JOSE DO PINHO,2025,12,0.0,19.599999999999987,5.0,7.0
523,ALTO JOSE DO PINHO,2025,13,0.0,9.399999999999988,4.0,7.0
523,ALTO JOSE DO PINHO,2025,14,0.0,18.39999999999999,4.0,7.0
523,ALTO JOSE DO PINHO,2025,36,2.9537614825854934,31.69999999999999,3.0,7.0
523,ALTO JOSE DO PINHO,2025,37,0.0,11.299999999999986,6.0,7.0
523,ALTO JOSE DO PINHO,2025,38,0.0,8.199999999999985,6.0,7.0
523,ALTO JOSE DO PINHO,2025,39,0.0,10.499999999999986,5.0,7.0
523,ALTO JOSE DO PINHO,2025,40,0.0,15.999999999999986,5.0,7.0
523,ALTO JOSE DO PINHO,2025,41,0.0,6.899999999999986,7.0,7.0
523,ALTO JOSE DO PINHO,2025,42,0.0,5.7999999999999865,6.0,7.0
523,ALTO JOSE DO PINHO,2025,43,0.0,10.099999999999985,6.0,7.0
523,ALTO JOSE DO PINHO,2025,44,0.0,10.399999999999984,6.0,7.0
523,ALTO JOSE DO PINHO,2025,45,0.0,1.1999999999999857,6.0,7.0
523,ALTO JOSE DO PINHO,2025,46,0.0,8.199999999999985,7.0,7.0
523,ALTO JOSE DO PINHO,2025,47,0.0,2.999999999999986,7.0,7.0
523,ALTO JOSE DO PINHO,2025,48,0.0,6.499999999999986,7.0,7.0
523,ALTO JOSE DO PINHO,2025,49,0.0,6.499999999999986,7.0,7.0
523,ALTO JOSE DO PINHO,2025,50,0.0,3.9999999999999862,7.0,7.0
523,ALTO JOSE DO PINHO,2025,51,0.0,4.599999999999985,6.0,7.0
523,ALTO JOSE DO PINHO,2025,52,0.0,8.899999999999986,7.0,7.0
523,ALTO JOSE DO PINHO,2025,53,0.0,5.699999999999986,7.0,7.0
248,PINA,2024,34,1.9737498884906413,9.699999999999992,5.0,7.0
248,PINA,2024,35,7.685290643473013,12.999999999999993,7.0,7.0
248,PINA,2024,36,2.757741471271443,3.099999999999993,7.0,7.0
248,PINA,2024,37,20.889054924185736,17.099999999999994,7.0,7.0
248,PINA,2024,38,5.126817619133457,5.199999999999993,7.0,7.0
248,PINA,2024,39,7.881557942732446,6.199999999999993,7.0,7.0
248,PINA,2024,40,5.9157206421990685,3.899999999999993,7.0,7.0
248,PINA,2024,41,0.0,2.299999999999993,7.0,7.0
248,PINA,2024,42,2.56706,1.9999999999999927,7.0,7.0
248,PINA,2024,43,0.0,3.999999999999993,7.0,7.0
248,PINA,2024,44,4.15758436420208,5.399999999999992,7.0,7.0
248,PINA,2024,45,1.1890200000000002,10.199999999999994,7.0,7.0
248,PINA,2024,46,0.0,4.5999999999999925,7.0,7.0
248,PINA,2024,47,0.5926800000000001,4.899999999999993,7.0,7.0
248,PINA,2024,48,0.0,1.7999999999999927,7.0,7.0
248,PINA,2024,49,5.905722485537299,9.999999999999993,7.0,7.0
248,PINA,2024,50,0.0,5.5999999999999925,7.0,7.0
248,PINA,2024,51,4.92869494672755,9.299999999999994,7.0,7.0
248,PINA,2024,52,1.5818762056824696,6.899999999999993,7.0,7.0
248,PINA,2025,1,0.4196,7.799999999999993,7.0,7.0
248,PINA,2025,2,0.4,12.499999999999993,7.0,7.0
248,PINA,2025,3,33.705076735224644,33.89999999999999,7.0,7.0
248,PINA,2025,4,16.374887521254642,9.999999999999993,7.0,7.0
248,PINA,2025,5,124.78189575907001,26.199999999999992,7.0,7.0
248,PINA,2025,6,106.74291252873235,35.89999999999999,7.0,7.0
248,PINA,2025,7,14.802803064483314,6.49999999999999,7.0,7.0
248,PINA,2025,8,5.523727176760673,12.09999999999999,7.0,7.0
248,PINA,2025,9,13.233676879554848,21.89999999999999,7.0,7.0
248,PINA,2025,10,28.559297216514892,21.69999999999999,7.0,7.0
248,PINA,2025,11,14.199606758089097,31.39999999999999,7.0,7.0
248,PINA,2025,12,33.47472088800603,19.599999999999987,7.0,7.0
248,PINA,2025,13,65.32119394492032,9.399999999999988,7.0,7.0
248,PINA,2025,14,12.39966579108443,18.39999999999999,7.0,7.0
248,PINA,2025,15,15.593958087135562,16.99999999999999,7.0,7.0
248,PINA,2025,16,0.0,8.29999999999999,7.0,7.0
248,PINA,2025,17,41.5413625464124,12.099999999999989,7.0,7.0
248,PINA,2025,18,0.0,2.699999999999989,7.0,7.0
248,PINA,2025,19,14.223027086042238,12.399999999999988,7.0,7.0
248,PINA,2025,20,108.60544198509069,42.199999999999996,7.0,7.0
248,PINA,2025,21,58.15144100339313,55.8,7.0,7.0
248,PINA,2025,22,0.0,21.39999999999999,7.0,7.0
248,PINA,2025,23,0.5954491096196939,25.69999999999999,7.0,7.0
248,PINA,2025,24,1.4588000000000072,20.89999999999999,7.0,7.0
248,PINA,2025,25,0.0,41.39999999999999,7.0,7.0
248,PINA,2025,26,2.7633436254394446,37.79999999999999,7.0,7.0
248,PINA,2025,27,0.0,38.099999999999994,7.0,7.0
248,PINA,2025,28,0.0,23.999999999999993,7.0,7.0
248,PINA,2025,29,0.0,19.699999999999992,7.0,7.0
248,PINA,2025,30,0.0,13.199999999999992,7.0,7.0
248,PINA,2025,31,0.0,26.699999999999992,7.0,7.0
248,PINA,2025,32,0.0,25.199999999999992,7.0,7.0
248,PINA,2025,33,0.0,67.99999999999999,7.0,7.0
248,PINA,2025,34,0.0,18.899999999999984,7.0,7.0
248,PINA,2025,35,0.0,18.099999999999987,7.0,7.0
248,PINA,2025,36,0.0,31.69999999999999,7.0,7.0
248,PINA,2025,37,0.0,11.299999999999986,7.0,7.0
248,PINA,2025,38,0.0,8.199999999999985,7.0,7.0
248,PINA,2025,39,0.0,10.499999999999986,7.0,7.0
248,PINA,2025,40,0.0,15.999999999999986,7.0,7.0
248,PINA,2025,41,0.0,6.899999999999986,7.0,7.0
248,PINA,2025,42,0.0,5.7999999999999865,7.0,7.0
248,PINA,2025,43,0.0,10.099999999999985,7.0,7.0
248,PINA,2025,44,0.0,10.399999999999984,7.0,7.0
248,PINA,2025,45,0.0,1.1999999999999857,7.0,7.0
248,PINA,2025,46,0.0,8.199999999999985,7.0,7.0
248,PINA,2025,47,0.0,2.999999999999986,7.0,7.0
248,PINA,2025,48,0.0,6.499999999999986,7.0,7.0
248,PINA,2025,49,0.0,6.499999999999986,7.0,7.0
248,PINA,2025,50,0.0,3.9999999999999862,7.0,7.0
248,PINA,2025,51,0.0,4.599999999999985,7.0,7.0
248,PINA,2025,52,0.0,8.899999999999986,7.0,7.0
248,PINA,2025,53,0.0,5.699999999999986,7.0,7.0
612,BREJO DA GUABIRABA,2024,34,1.0,9.699999999999992,5.0,7.0
612,BREJO DA GUABIRABA,2024,35,11.067828134749766,12.999999999999993,7.0,7.0
612,BREJO DA GUABIRABA,2024,36,2.7566446052832494,3.099999999999993,7.0,7.0
612,BREJO DA GUABIRABA,2024,37,32.81462725059813,17.099999999999994,7.0,7.0
612,BREJO DA GUABIRABA,2024,38,4.1532189001122335,5.199999999999993,7.0,7.0
612,BREJO DA GUABIRABA,2024,39,17.98445114653809,6.199999999999993,7.0,7.0
612,BREJO DA GUABIRABA,2024,40,6.92878436743834,3.899999999999993,7.0,7.0
612,BREJO DA GUABIRABA,2024,41,0.0,2.299999999999993,7.0,7.0
612,BREJO DA GUABIRABA,2024,42,10.668989729765528,1.9999999999999927,7.0,7.0
612,BREJO DA GUABIRABA,2024,43,1.5780540430898944,3.999999999999993,7.0,7.0
612,BREJO DA GUABIRABA,2024,44,4.134594435076096,5.399999999999992,7.0,7.0
612,BREJO DA GUABIRABA,2024,45,7.101240260958644,10.199999999999994,7.0,7.0
612,BREJO DA GUABIRABA,2024,46,0.0,4.5999999999999925,7.0,7.0
612,BREJO DA GUABIRABA,2024,47,0.0,4.899999999999993,7.0,7.0
612,BREJO DA GUABIRABA,2024,48,0.0,1.7999999999999927,7.0,7.0
612,BREJO DA GUABIRABA,2024,49,26.798177705329884,9.999999999999993,7.0,7.0
612,BREJO DA GUABIRABA,2024,50,2.6209702800361336,5.5999999999999925,7.0,7.0
612,BREJO DA GUABIRABA,2024,51,12.493799054965944,9.299999999999994,7.0,7.0
612,BREJO DA GUABIRABA,2024,52,4.532885228695249,6.899999999999993,7.0,7.0
612,BREJO DA GUABIRABA,2025,1,1.1814778310684788,7.799999999999993,7.0,7.0
612,BREJO DA GUABIRABA,2025,2,3.155606279884132,12.499999999999993,7.0,7.0
612,BREJO DA GUABIRABA,2025,3,109.20998759402947,33.89999999999999,7.0,7.0
612,BREJO DA GUABIRABA,2025,4,32.0881797788921,9.999999999999993,7.0,7.0
612,BREJO DA GUABIRABA,2025,5,97.68023843230867,26.199999999999992,7.0,7.0
612,BREJO DA GUABIRABA,2025,6,242.81246461026475,35.89999999999999,7.0,7.0
612,BREJO DA GUABIRABA,2025,7,19.104474105077678,6.49999999999999,7.0,7.0
612,BREJO DA GUABIRABA,2025,8,6.918489030480778,12.09999999999999,7.0,7.0
612,BREJO DA GUABIRABA,2025,9,44.651261959272766,21.89999999999999,7.0,7.0
612,BREJO DA GUABIRABA,2025,10,60.86305360447736,21.69999999999999,7.0,7.0
612,BREJO DA GUABIRABA,2025,11,91.67102592830551,31.39999999999999,7.0,7.0
612,BREJO DA GUABIRABA,2025,12,38.485103655505974,19.599999999999987,7.0,7.0
612,BREJO DA GUABIRABA,2025,13,88.75520327119851,9.399999999999988,7.0,7.0
612,BREJO DA GUABIRABA,2025,14,35.49410651223762,18.39999999999999,7.0,7.0
612,BREJO DA GUABIRABA,2025,15,24.695179192443888,16.99999999999999,7.0,7.0
612,BREJO DA GUABIRABA,2025,16,1.0196,8.29999999999999,7.0,7.0
612,BREJO DA GUABIRABA,2025,17,61.49808472226481,12.099999999999989,7.0,7.0
612,BREJO DA GUABIRABA,2025,18,1.38281186440678,2.699999999999989,7.0,7.0
612,BREJO DA GUABIRABA,2025,19,9.728939557276938,12.399999999999988,7.0,7.0
612,BREJO DA GUABIRABA,2025,20,258.607566823019,42.199999999999996,7.0,7.0
612,BREJO DA GUABIRABA,2025,21,116.41987887666264,55.8,7.0,7.0
612,BREJO DA GUABIRABA,2025,22,85.52894081125422,21.39999999999999,7.0,7.0
612,BREJO DA GUABIRABA,2025,23,89.13198152225551,25.69999999999999,7.0,7.0
612,BREJO DA GUABIRABA,2025,24,90.55468990062998,20.89999999999999,7.0,7.0
612,BREJO DA GUABIRABA,2025,25,77.54302841947701,41.39999999999999,7.0,7.0
612,BREJO DA GUABIRABA,2025,26,152.90303221337385,37.79999999999999,7.0,7.0
612,BREJO DA GUABIRABA,2025,27,111.95563803406232,38.099999999999994,7.0,7.0
612,BREJO DA GUABIRABA,2025,28,80.64007946594714,23.999999999999993,7.0,7.0
612,BREJO DA GUABIRABA,2025,29,15.476189449724803,19.699999999999992,7.0,7.0
612,BREJO DA GUABIRABA,2025,30,24.327894661208138,13.199999999999992,7.0,7.0
612,BREJO DA GUABIRABA,2025,31,98.11583650089958,26.699999999999992,7.0,7.0
612,BREJO DA GUABIRABA,2025,32,55.968132830581865,25.199999999999992,7.0,7.0
612,BREJO DA GUABIRABA,2025,33,102.5783140588305,67.99999999999999,7.0,7.0
612,BREJO DA GUABIRABA,2025,34,36.350904370058004,18.899999999999984,7.0,7.0
612,BREJO DA GUABIRABA,2025,35,35.11041223434371,18.099999999999987,7.0,7.0
612,BREJO DA GUABIRABA,2025,36,91.0040920435325,31.69999999999999,7.0,7.0
612,BREJO DA GUABIRABA,2025,37,1.9753648247372577,11.299999999999986,7.0,7.0
612,BREJO DA GUABIRABA,2025,38,0.8,8.199999999999985,6.0,7.0
612,BREJO DA GUABIRABA,2025,40,0.5926800000000001,15.999999999999986,2.0,7.0
612,BREJO DA GUABIRABA,2025,41,2.5725238312082572,6.899999999999986,7.0,7.0
612,BREJO DA GUABIRABA,2025,42,0.99268,5.7999999999999865,7.0,7.0
612,BREJO DA GUABIRABA,2025,43,5.150500057709401,10.099999999999985,7.0,7.0
612,BREJO DA GUABIRABA,2025,44,18.563999368484374,10.399999999999984,7.0,7.0
612,BREJO DA GUABIRABA,2025,45,0.0,1.1999999999999857,7.0,7.0
612,BREJO DA GUABIRABA,2025,46,11.27742762907514,8.199999999999985,7.0,7.0
612,BREJO DA GUABIRABA,2025,47,4.3363936705339725,2.999999999999986,7.0,7.0
612,BREJO DA GUABIRABA,2025,48,4.7396538880900305,6.499999999999986,7.0,7.0
612,BREJO DA GUABIRABA,2025,49,5.732900977578345,6.499999999999986,7.0,7.0
612,BREJO DA GUABIRABA,2025,50,1.1926800000000002,3.9999999999999862,7.0,7.0
612,BREJO DA GUABIRABA,2025,51,0.0,4.599999999999985,7.0,7.0
612,BREJO DA GUABIRABA,2025,52,25.289040645824983,8.899999999999986,7.0,7.0
612,BREJO DA GUABIRABA,2025,53,0.0,5.699999999999986,7.0,7.0
760,ILHA DO RETIRO,2024,34,3.146336706706707,9.699999999999992,5.0,7.0
760,ILHA DO RETIRO,2024,35,16.5812223445951,12.999999999999993,7.0,7.0
760,ILHA DO RETIRO,2024,36,4.3299195120401475,3.099999999999993,7.0,7.0
760,ILHA DO RETIRO,2024,37,13.856090740064904,17.099999999999994,2.0,7.0
787,MUSTARDINHA,2024,34,3.146336706706707,9.699999999999992,5.0,7.0
787,MUSTARDINHA,2024,35,16.5812223445951,12.999999999999993,7.0,7.0
787,MUSTARDINHA,2024,36,4.3299195120401475,3.099999999999993,7.0,7.0
787,MUSTARDINHA,2024,37,13.856090740064904,17.099999999999994,2.0,7.0
485,MONTEIRO,2024,34,0.4,9.699999999999992,5.0,7.0
485,MONTEIRO,2024,35,7.499708658761813,12.999999999999993,7.0,7.0
485,MONTEIRO,2024,36,2.3627101548502463,3.099999999999993,7.0,7.0
485,MONTEIRO,2024,37,35.60959924167842,17.099999999999994,7.0,7.0
485,MONTEIRO,2024,38,6.513633241738725,5.199999999999993,7.0,7.0
485,MONTEIRO,2024,39,12.398056238795107,6.199999999999993,7.0,7.0
485,MONTEIRO,2024,40,5.127459181792688,3.899999999999993,7.0,7.0
485,MONTEIRO,2024,41,0.0,2.299999999999993,2.0,7.0
485,MONTEIRO,2025,14,21.790041652236912,18.39999999999999,2.0,7.0
485,MONTEIRO,2025,36,4.33995015041389,31.69999999999999,1.0,7.0
485,MONTEIRO,2025,37,0.0,11.299999999999986,2.0,7.0
485,MONTEIRO,2025,38,0.0,8.199999999999985,3.0,7.0
230,IBURA,2024,34,1.6,9.699999999999992,5.0,7.0
230,IBURA,2024,35,15.95974,12.999999999999993,7.0,7.0
230,IBURA,2024,36,1.2,3.099999999999993,7.0,7.0
230,IBURA,2024,37,25.99268,17.099999999999994,7.0,7.0
230,IBURA,2024,38,2.0,5.199999999999993,7.0,7.0
230,IBURA,2024,39,8.5268,6.199999999999993,7.0,7.0
230,IBURA,2024,40,5.19268,3.899999999999993,7.0,7.0
230,IBURA,2024,41,0.8,2.299999999999993,7.0,7.0
230,IBURA,2024,42,7.778040000000001,1.9999999999999927,7.0,7.0
230,IBURA,2024,43,0.0,3.999999999999993,7.0,7.0
230,IBURA,2024,44,7.75242,5.399999999999992,7.0,7.0
230,IBURA,2024,45,2.19268,10.199999999999994,7.0,7.0
230,IBURA,2024,46,0.2,4.5999999999999925,7.0,7.0
230,IBURA,2024,47,0.4,4.899999999999993,7.0,7.0
230,IBURA,2024,48,0.0,1.7999999999999927,7.0,7.0
230,IBURA,2024,49,6.35608,9.999999999999993,7.0,7.0
230,IBURA,2024,50,0.0,5.5999999999999925,7.0,7.0
230,IBURA,2024,51,5.38536,9.299999999999994,7.0,7.0
230,IBURA,2024,52,5.800000000000001,6.899999999999993,7.0,7.0
230,IBURA,2025,1,1.6,7.799999999999993,7.0,7.0
230,IBURA,2025,2,0.0,12.499999999999993,7.0,7.0
230,IBURA,2025,3,14.57804,33.89999999999999,7.0,7.0
230,IBURA,2025,4,0.2,9.999999999999993,7.0,7.0
230,IBURA,2025,5,107.35194,26.199999999999992,7.0,7.0
230,IBURA,2025,6,200.22914,35.89999999999999,7.0,7.0
230,IBURA,2025,7,5.559740000000001,6.49999999999999,7.0,7.0
230,IBURA,2025,8,1.8,12.09999999999999,7.0,7.0
230,IBURA,2025,9,14.14876,21.89999999999999,7.0,7.0
230,IBURA,2025,10,13.0,21.69999999999999,7.0,7.0
230,IBURA,2025,11,3.2,31.39999999999999,7.0,7.0
230,IBURA,2025,12,2.0,19.599999999999987,7.0,7.0
230,IBURA,2025,13,1.6,9.399999999999988,7.0,7.0
230,IBURA,2025,14,4.168044824737258,18.39999999999999,7.0,7.0
230,IBURA,2025,15,20.2834450064027,16.99999999999999,7.0,7.0
230,IBURA,2025,16,1.7714612429378533,8.29999999999999,7.0,7.0
230,IBURA,2025,17,37.24289852370783,12.099999999999989,7.0,7.0
230,IBURA,2025,18,0.4,2.699999999999989,7.0,7.0
230,IBURA,2025,19,36.86457612623898,12.399999999999988,7.0,7.0
230,IBURA,2025,20,128.5212412677691,42.199999999999996,7.0,7.0
230,IBURA,2025,21,88.49126000000001,55.8,7.0,7.0
230,IBURA,2025,22,127.41745446291822,21.39999999999999,7.0,7.0
230,IBURA,2025,23,44.90823586656606,25.69999999999999,7.0,7.0
230,IBURA,2025,24,107.43352,20.89999999999999,7.0,7.0
230,IBURA,2025,25,82.81291664325914,41.39999999999999,7.0,7.0
230,IBURA,2025,26,149.56874713784632,37.79999999999999,7.0,7.0
230,IBURA,2025,27,77.1997573406911,38.099999999999994,7.0,7.0
230,IBURA,2025,28,67.7370361302194,23.999999999999993,7.0,7.0
230,IBURA,2025,29,23.300702450193562,19.699999999999992,7.0,7.0
230,IBURA,2025,30,16.956936055434916,13.199999999999992,7.0,7.0
230,IBURA,2025,31,112.49070604593155,26.699999999999992,7.0,7.0
230,IBURA,2025,32,54.89689817717479,25.199999999999992,7.0,7.0
230,IBURA,2025,33,52.025920126148,67.99999999999999,7.0,7.0
230,IBURA,2025,34,28.615929001883234,18.899999999999984,7.0,7.0
230,IBURA,2025,35,26.446862799135122,18.099999999999987,7.0,7.0
230,IBURA,2025,36,70.73311248492217,31.69999999999999,7.0,7.0
230,IBURA,2025,37,3.17887967357187,11.299999999999986,7.0,7.0
230,IBURA,2025,38,2.578039999999993,8.199999999999985,7.0,7.0
230,IBURA,2025,39,3.1589557344003003,10.499999999999986,7.0,7.0
230,IBURA,2025,40,45.18950083466539,15.999999999999986,7.0,7.0
230,IBURA,2025,41,2.9606541854869977,6.899999999999986,7.0,7.0
230,IBURA,2025,42,2.363399999999993,5.7999999999999865,7.0,7.0
230,IBURA,2025,43,2.774399394634126,10.099999999999985,7.0,7.0
230,IBURA,2025,44,3.964833260173747,10.399999999999984,7.0,7.0
230,IBURA,2025,45,0.599999999999993,1.1999999999999857,7.0,7.0
230,IBURA,2025,46,5.341665487414402,8.199999999999985,7.0,7.0
230,IBURA,2025,47,1.775370751102694,2.999999999999986,7.0,7.0
230,IBURA,2025,48,1.9708148644702526,6.499999999999986,7.0,7.0
230,IBURA,2025,49,0.599999999999993,6.499999999999986,7.0,7.0
230,IBURA,2025,50,0.1999999999999929,3.9999999999999862,7.0,7.0
230,IBURA,2025,51,0.3999999999999929,4.599999999999985,7.0,7.0
230,IBURA,2025,52,4.541455010752125,8.899999999999986,7.0,7.0
230,IBURA,2025,53,0.0,5.699999999999986,7.0,7.0
540,ALTO JOSE BONIFACIO,2024,34,0.0,9.699999999999992,4.0,7.0
540,ALTO JOSE BONIFACIO,2024,35,0.0,12.999999999999993,7.0,7.0
540,ALTO JOSE BONIFACIO,2024,36,0.0,3.099999999999993,6.0,7.0
540,ALTO JOSE BONIFACIO,2024,37,0.0,17.099999999999994,6.0,7.0
540,ALTO JOSE BONIFACIO,2024,38,0.0,5.199999999999993,6.0,7.0
540,ALTO JOSE BONIFACIO,2024,39,0.0,6.199999999999993,7.0,7.0
540,ALTO JOSE BONIFACIO,2024,40,0.0,3.899999999999993,6.0,7.0
540,ALTO JOSE BONIFACIO,2024,41,0.0,2.299999999999993,7.0,7.0
540,ALTO JOSE BONIFACIO,2024,42,0.0,1.9999999999999927,7.0,7.0
540,ALTO JOSE BONIFACIO,2024,43,0.0,3.999999999999993,6.0,7.0
540,ALTO JOSE BONIFACIO,2024,44,0.0,5.399999999999992,6.0,7.0
540,ALTO JOSE BONIFACIO,2024,45,0.0,10.199999999999994,7.0,7.0
540,ALTO JOSE BONIFACIO,2024,46,0.0,4.5999999999999925,7.0,7.0
540,ALTO JOSE BONIFACIO,2024,47,0.0,4.899999999999993,7.0,7.0
540,ALTO JOSE BONIFACIO,2024,48,0.0,1.7999999999999927,6.0,7.0
540,ALTO JOSE BONIFACIO,2024,49,0.0,9.999999999999993,5.0,7.0
540,ALTO JOSE BONIFACIO,2024,50,0.0,5.5999999999999925,3.0,7.0
540,ALTO JOSE BONIFACIO,2024,51,0.0,9.299999999999994,7.0,7.0
540,ALTO JOSE BONIFACIO,2024,52,0.0,6.899999999999993,6.0,7.0
540,ALTO JOSE BONIFACIO,2025,1,0.0,7.799999999999993,5.0,7.0
540,ALTO JOSE BONIFACIO,2025,2,0.0,12.499999999999993,6.0,7.0
540,ALTO JOSE BONIFACIO,2025,3,0.0,33.89999999999999,3.0,7.0
540,ALTO JOSE BONIFACIO,2025,4,0.0,9.999999999999993,7.0,7.0
540,ALTO JOSE BONIFACIO,2025,5,0.0,26.199999999999992,7.0,7.0
540,ALTO JOSE BONIFACIO,2025,6,0.0,35.89999999999999,5.0,7.0
540,ALTO JOSE BONIFACIO,2025,7,0.0,6.49999999999999,4.0,7.0
540,ALTO JOSE BONIFACIO,2025,8,0.0,12.09999999999999,5.0,7.0
540,ALTO JOSE BONIFACIO,2025,9,0.0,21.89999999999999,5.0,7.0
540,ALTO JOSE BONIFACIO,2025,10,0.0,21.69999999999999,7.0,7.0
540,ALTO JOSE BONIFACIO,2025,11,0.0,31.39999999999999,6.0,7.0
540,ALTO JOSE BONIFACIO,2025,12,0.0,19.599999999999987,5.0,7.0
540,ALTO JOSE BONIFACIO,2025,13,0.0,9.399999999999988,4.0,7.0
540,ALTO JOSE BONIFACIO,2025,14,0.0,18.39999999999999,4.0,7.0
540,ALTO JOSE BONIFACIO,2025,36,2.9537614825854934,31.69999999999999,3.0,7.0
540,ALTO JOSE BONIFACIO,2025,37,0.0,11.299999999999986,6.0,7.0
540,ALTO JOSE BONIFACIO,2025,38,0.0,8.199999999999985,6.0,7.0
540,ALTO JOSE BONIFACIO,2025,39,0.0,10.499999999999986,5.0,7.0
540,ALTO JOSE BONIFACIO,2025,40,0.0,15.999999999999986,5.0,7.0
540,ALTO JOSE BONIFACIO,2025,41,0.0,6.899999999999986,7.0,7.0
540,ALTO JOSE BONIFACIO,2025,42,0.0,5.7999999999999865,6.0,7.0
540,ALTO JOSE BONIFACIO,2025,43,0.0,10.099999999999985,6.0,7.0
540,ALTO JOSE BONIFACIO,2025,44,0.0,10.399999999999984,6.0,7.0
540,ALTO JOSE BONIFACIO,2025,45,0.0,1.1999999999999857,6.0,7.0
540,ALTO JOSE BONIFACIO,2025,46,0.0,8.199999999999985,7.0,7.0
540,ALTO JOSE BONIFACIO,2025,47,0.0,2.999999999999986,7.0,7.0
540,ALTO JOSE BONIFACIO,2025,48,0.0,6.499999999999986,7.0,7.0
540,ALTO JOSE BONIFACIO,2025,49,0.0,6.499999999999986,7.0,7.0
540,ALTO JOSE BONIFACIO,2025,50,0.0,3.9999999999999862,7.0,7.0
540,ALTO JOSE BONIFACIO,2025,51,0.0,4.599999999999985,6.0,7.0
540,ALTO JOSE BONIFACIO,2025,52,0.0,8.899999999999986,7.0,7.0
540,ALTO JOSE BONIFACIO,2025,53,0.0,5.699999999999986,7.0,7.0
493,ALTO DO MANDU,2024,34,0.4,9.699999999999992,5.0,7.0
493,ALTO DO MANDU,2024,35,7.499708658761813,12.999999999999993,7.0,7.0
493,ALTO DO MANDU,2024,36,2.3627101548502463,3.099999999999993,7.0,7.0
493,ALTO DO MANDU,2024,37,35.60959924167842,17.099999999999994,7.0,7.0
493,ALTO DO MANDU,2024,38,6.513633241738725,5.199999999999993,7.0,7.0
493,ALTO DO MANDU,2024,39,12.398056238795107,6.199999999999993,7.0,7.0
493,ALTO DO MANDU,2024,40,5.127459181792688,3.899999999999993,7.0,7.0
493,ALTO DO MANDU,2024,41,0.0,2.299999999999993,2.0,7.0
493,ALTO DO MANDU,2025,14,21.790041652236912,18.39999999999999,2.0,7.0
493,ALTO DO MANDU,2025,36,4.33995015041389,31.69999999999999,1.0,7.0
493,ALTO DO MANDU,2025,37,0.0,11.299999999999986,2.0,7.0
493,ALTO DO MANDU,2025,38,0.0,8.199999999999985,3.0,7.0
531,MORRO DA CONCEICAO,2024,34,0.0,9.699999999999992,4.0,7.0
531,MORRO DA CONCEICAO,2024,35,0.0,12.999999999999993,7.0,7.0
531,MORRO DA CONCEICAO,2024,36,0.0,3.099999999999993,6.0,7.0
531,MORRO DA CONCEICAO,2024,37,0.0,17.099999999999994,6.0,7.0
531,MORRO DA CONCEICAO,2024,38,0.0,5.199999999999993,6.0,7.0
531,MORRO DA CONCEICAO,2024,39,0.0,6.199999999999993,7.0,7.0
531,MORRO DA CONCEICAO,2024,40,0.0,3.899999999999993,6.0,7.0
531,MORRO DA CONCEICAO,2024,41,0.0,2.299999999999993,7.0,7.0
531,MORRO DA CONCEICAO,2024,42,0.0,1.9999999999999927,7.0,7.0
531,MORRO DA CONCEICAO,2024,43,0.0,3.999999999999993,6.0,7.0
531,MORRO DA CONCEICAO,2024,44,0.0,5.399999999999992,6.0,7.0
531,MORRO DA CONCEICAO,2024,45,0.0,10.199999999999994,7.0,7.0
531,MORRO DA CONCEICAO,2024,46,0.0,4.5999999999999925,7.0,7.0
531,MORRO DA CONCEICAO,2024,47,0.0,4.899999999999993,7.0,7.0
531,MORRO DA CONCEICAO,2024,48,0.0,1.7999999999999927,6.0,7.0
531,MORRO DA CONCEICAO,2024,49,0.0,9.999999999999993,5.0,7.0
531,MORRO DA CONCEICAO,2024,50,0.0,5.5999999999999925,3.0,7.0
531,MORRO DA CONCEICAO,2024,51,0.0,9.299999999999994,7.0,7.0
531,MORRO DA CONCEICAO,2024,52,0.0,6.899999999999993,6.0,7.0
531,MORRO DA CONCEICAO,2025,1,0.0,7.799999999999993,5.0,7.0
531,MORRO DA CONCEICAO,2025,2,0.0,12.499999999999993,6.0,7.0
531,MORRO DA CONCEICAO,2025,3,0.0,33.89999999999999,3.0,7.0
531,MORRO DA CONCEICAO,2025,4,0.0,9.999999999999993,7.0,7.0
531,MORRO DA CONCEICAO,2025,5,0.0,26.199999999999992,7.0,7.0
531,MORRO DA CONCEICAO,2025,6,0.0,35.89999999999999,5.0,7.0
531,MORRO DA CONCEICAO,2025,7,0.0,6.49999999999999,4.0,7.0
531,MORRO DA CONCEICAO,2025,8,0.0,12.09999999999999,5.0,7.0
531,MORRO DA CONCEICAO,2025,9,0.0,21.89999999999999,5.0,7.0
531,MORRO DA CONCEICAO,2025,10,0.0,21.69999999999999,7.0,7.0
531,MORRO DA CONCEICAO,2025,11,0.0,31.39999999999999,6.0,7.0
531,MORRO DA CONCEICAO,2025,12,0.0,19.599999999999987,5.0,7.0
531,MORRO DA CONCEICAO,2025,13,0.0,9.399999999999988,4.0,7.0
531,MORRO DA CONCEICAO,2025,14,0.0,18.39999999999999,4.0,7.0
531,MORRO DA CONCEICAO,2025,36,2.9537614825854934,31.69999999999999,3.0,7.0
531,MORRO DA CONCEICAO,2025,37,0.0,11.299999999999986,6.0,7.0
531,MORRO DA CONCEICAO,2025,38,0.0,8.199999999999985,6.0,7.0
531,MORRO DA CONCEICAO,2025,39,0.0,10.499999999999986,5.0,7.0
531,MORRO DA CONCEICAO,2025,40,0.0,15.999999999999986,5.0,7.0
531,MORRO DA CONCEICAO,2025,41,0.0,6.899999999999986,7.0,7.0
531,MORRO DA CONCEICAO,2025,42,0.0,5.7999999999999865,6.0,7.0
531,MORRO DA CONCEICAO,2025,43,0.0,10.099999999999985,6.0,7.0
531,MORRO DA CONCEICAO,2025,44,0.0,10.399999999999984,6.0,7.0
531,MORRO DA CONCEICAO,2025,45,0.0,1.1999999999999857,6.0,7.0
531,MORRO DA CONCEICAO,2025,46,0.0,8.199999999999985,7.0,7.0
531,MORRO DA CONCEICAO,2025,47,0.0,2.999999999999986,7.0,7.0
531,MORRO DA CONCEICAO,2025,48,0.0,6.499999999999986,7.0,7.0
531,MORRO DA CONCEICAO,2025,49,0.0,6.499999999999986,7.0,7.0
531,MORRO DA CONCEICAO,2025,50,0.0,3.9999999999999862,7.0,7.0
531,MORRO DA CONCEICAO,2025,51,0.0,4.599999999999985,6.0,7.0
531,MORRO DA CONCEICAO,2025,52,0.0,8.899999999999986,7.0,7.0
531,MORRO DA CONCEICAO,2025,53,0.0,5.699999999999986,7.0,7.0
558,VASCO DA GAMA,2024,34,0.0,9.699999999999992,4.0,7.0
558,VASCO DA GAMA,2024,35,0.0,12.999999999999993,7.0,7.0
558,VASCO DA GAMA,2024,36,0.0,3.099999999999993,6.0,7.0
558,VASCO DA GAMA,2024,37,0.0,17.099999999999994,6.0,7.0
558,VASCO DA GAMA,2024,38,0.0,5.199999999999993,6.0,7.0
558,VASCO DA GAMA,2024,39,0.0,6.199999999999993,7.0,7.0
558,VASCO DA GAMA,2024,40,0.0,3.899999999999993,6.0,7.0
558,VASCO DA GAMA,2024,41,0.0,2.299999999999993,7.0,7.0
558,VASCO DA GAMA,2024,42,0.0,1.9999999999999927,7.0,7.0
558,VASCO DA GAMA,2024,43,0.0,3.999999999999993,6.0,7.0
558,VASCO DA GAMA,2024,44,0.0,5.399999999999992,6.0,7.0
558,VASCO DA GAMA,2024,45,0.0,10.199999999999994,7.0,7.0
558,VASCO DA GAMA,2024,46,0.0,4.5999999999999925,7.0,7.0
558,VASCO DA GAMA,2024,47,0.0,4.899999999999993,7.0,7.0
558,VASCO DA GAMA,2024,48,0.0,1.7999999999999927,6.0,7.0
558,VASCO DA GAMA,2024,49,0.0,9.999999999999993,5.0,7.0
558,VASCO DA GAMA,2024,50,0.0,5.5999999999999925,3.0,7.0
558,VASCO DA GAMA,2024,51,0.0,9.299999999999994,7.0,7.0
558,VASCO DA GAMA,2024,52,0.0,6.899999999999993,6.0,7.0
558,VASCO DA GAMA,2025,1,0.0,7.799999999999993,5.0,7.0
558,VASCO DA GAMA,2025,2,0.0,12.499999999999993,6.0,7.0
558,VASCO DA GAMA,2025,3,0.0,33.89999999999999,3.0,7.0
558,VASCO DA GAMA,2025,4,0.0,9.999999999999993,7.0,7.0
558,VASCO DA GAMA,2025,5,0.0,26.199999999999992,7.0,7.0
558,VASCO DA GAMA,2025,6,0.0,35.89999999999999,5.0,7.0
558,VASCO DA GAMA,2025,7,0.0,6.49999999999999,4.0,7.0
558,VASCO DA GAMA,2025,8,0.0,12.09999999999999,5.0,7.0
558,VASCO DA GAMA,2025,9,0.0,21.89999999999999,5.0,7.0
558,VASCO DA GAMA,2025,10,0.0,21.69999999999999,7.0,7.0
558,VASCO DA GAMA,2025,11,0.0,31.39999999999999,6.0,7.0
558,VASCO DA GAMA,2025,12,0.0,19.599999999999987,5.0,7.0
558,VASCO DA GAMA,2025,13,0.0,9.399999999999988,4.0,7.0
558,VASCO DA GAMA,2025,14,0.0,18.39999999999999,4.0,7.0
558,VASCO DA GAMA,2025,36,2.9537614825854934,31.69999999999999,3.0,7.0
558,VASCO DA GAMA,2025,37,0.0,11.299999999999986,6.0,7.0
558,VASCO DA GAMA,2025,38,0.0,8.199999999999985,6.0,7.0
558,VASCO DA GAMA,2025,39,0.0,10.499999999999986,5.0,7.0
558,VASCO DA GAMA,2025,40,0.0,15.999999999999986,5.0,7.0
558,VASCO DA GAMA,2025,41,0.0,6.899999999999986,7.0,7.0
558,VASCO DA GAMA,2025,42,0.0,5.7999999999999865,6.0,7.0
558,VASCO DA GAMA,2025,43,0.0,10.099999999999985,6.0,7.0
558,VASCO DA GAMA,2025,44,0.0,10.399999999999984,6.0,7.0
558,VASCO DA GAMA,2025,45,0.0,1.1999999999999857,6.0,7.0
558,VASCO DA GAMA,2025,46,0.0,8.199999999999985,7.0,7.0
558,VASCO DA GAMA,2025,47,0.0,2.999999999999986,7.0,7.0
558,VASCO DA GAMA,2025,48,0.0,6.499999999999986,7.0,7.0
558,VASCO DA GAMA,2025,49,0.0,6.499999999999986,7.0,7.0
558,VASCO DA GAMA,2025,50,0.0,3.9999999999999862,7.0,7.0
558,VASCO DA GAMA,2025,51,0.0,4.599999999999985,6.0,7.0
558,VASCO DA GAMA,2025,52,0.0,8.899999999999986,7.0,7.0
558,VASCO DA GAMA,2025,53,0.0,5.699999999999986,7.0,7.0
205,BOA VIAGEM,2024,34,1.6,20.70000000000002,5.0,7.0
205,BOA VIAGEM,2024,35,15.95974,16.70000000000002,7.0,7.0
205,BOA VIAGEM,2024,36,1.2,4.600000000000021,7.0,7.0
205,BOA VIAGEM,2024,37,25.99268,25.800000000000022,7.0,7.0
205,BOA VIAGEM,2024,38,2.0,10.600000000000023,7.0,7.0
205,BOA VIAGEM,2024,39,8.5268,11.70000000000002,7.0,7.0
205,BOA VIAGEM,2024,40,5.19268,8.300000000000022,7.0,7.0
205,BOA VIAGEM,2024,41,0.8,3.0000000000000213,7.0,7.0
205,BOA VIAGEM,2024,42,7.778040000000001,8.40000000000002,7.0,7.0
205,BOA VIAGEM,2024,43,0.0,4.900000000000022,7.0,7.0
205,BOA VIAGEM,2024,44,7.75242,7.500000000000021,7.0,7.0
205,BOA VIAGEM,2024,45,2.19268,14.000000000000021,7.0,7.0
205,BOA VIAGEM,2024,46,0.2,8.400000000000022,7.0,7.0
205,BOA VIAGEM,2024,47,0.4,7.500000000000021,7.0,7.0
205,BOA VIAGEM,2024,48,0.0,2.0000000000000213,7.0,7.0
205,BOA VIAGEM,2024,49,6.35608,12.400000000000022,7.0,7.0
205,BOA VIAGEM,2024,50,0.0,9.200000000000022,7.0,7.0
205,BOA VIAGEM,2024,51,5.38536,13.900000000000022,7.0,7.0
205,BOA VIAGEM,2024,52,5.800000000000001,7.900000000000022,7.0,7.0
205,BOA VIAGEM,2025,1,1.6,10.20000000000002,7.0,7.0
205,BOA VIAGEM,2025,2,0.0,14.000000000000021,7.0,7.0
205,BOA VIAGEM,2025,3,14.57804,32.200000000000024,7.0,7.0
205,BOA VIAGEM,2025,4,0.2,11.600000000000023,7.0,7.0
205,BOA VIAGEM,2025,5,107.35194,29.70000000000002,7.0,7.0
205,BOA VIAGEM,2025,6,200.22914,44.20000000000002,7.0,7.0
205,BOA VIAGEM,2025,7,5.559740000000001,11.500000000000018,7.0,7.0
205,BOA VIAGEM,2025,8,1.8,14.400000000000018,7.0,7.0
205,BOA VIAGEM,2025,9,14.14876,28.400000000000016,7.0,7.0
205,BOA VIAGEM,2025,10,13.0,31.700000000000017,7.0,7.0
205,BOA VIAGEM,2025,11,3.2,31.400000000000016,7.0,7.0
205,BOA VIAGEM,2025,12,2.0,21.500000000000018,7.0,7.0
205,BOA VIAGEM,2025,13,1.6,14.900000000000016,7.0,7.0
205,BOA VIAGEM,2025,14,4.168044824737258,19.60000000000002,7.0,7.0
205,BOA VIAGEM,2025,15,20.2834450064027,18.60000000000002,7.0,7.0
205,BOA VIAGEM,2025,16,1.7714612429378533,9.300000000000017,7.0,7.0
205,BOA VIAGEM,2025,17,37.24289852370783,16.600000000000016,7.0,7.0
205,BOA VIAGEM,2025,18,0.4,2.200000000000018,7.0,7.0
205,BOA VIAGEM,2025,19,36.86457612623898,14.600000000000017,7.0,7.0
205,BOA VIAGEM,2025,20,128.5212412677691,58.50000000000002,7.0,7.0
205,BOA VIAGEM,2025,21,88.49126000000001,101.9,7.0,7.0
205,BOA VIAGEM,2025,22,127.41745446291822,30.20000000000002,7.0,7.0
205,BOA VIAGEM,2025,23,44.90823586656606,29.100000000000023,7.0,7.0
205,BOA VIAGEM,2025,24,107.43352,29.800000000000022,7.0,7.0
205,BOA VIAGEM,2025,25,82.81291664325914,69.40000000000002,7.0,7.0
205,BOA VIAGEM,2025,26,149.56874713784632,57.30000000000002,7.0,7.0
205,BOA VIAGEM,2025,27,77.1997573406911,58.40000000000002,7.0,7.0
205,BOA VIAGEM,2025,28,67.7370361302194,41.100000000000016,7.0,7.0
205,BOA VIAGEM,2025,29,23.300702450193562,28.20000000000002,7.0,7.0
205,BOA VIAGEM,2025,30,16.956936055434916,21.00000000000002,7.0,7.0
205,BOA VIAGEM,2025,31,112.49070604593155,38.90000000000002,7.0,7.0
205,BOA VIAGEM,2025,32,54.89689817717479,48.50000000000003,7.0,7.0
205,BOA VIAGEM,2025,33,52.025920126148,72.30000000000003,7.0,7.0
205,BOA VIAGEM,2025,34,28.615929001883234,24.40000000000002,7.0,7.0
205,BOA VIAGEM,2025,35,26.446862799135122,23.100000000000023,7.0,7.0
205,BOA VIAGEM,2025,36,70.73311248492217,43.80000000000002,7.0,7.0
205,BOA VIAGEM,2025,37,3.17887967357187,17.300000000000022,7.0,7.0
205,BOA VIAGEM,2025,38,2.578039999999993,12.000000000000021,7.0,7.0
205,BOA VIAGEM,2025,39,3.1589557344003003,14.500000000000021,7.0,7.0
205,BOA VIAGEM,2025,40,45.18950083466539,21.90000000000002,7.0,7.0
205,BOA VIAGEM,2025,41,2.9606541854869977,12.20000000000002,7.0,7.0
205,BOA VIAGEM,2025,42,2.363399999999993,12.000000000000021,7.0,7.0
205,BOA VIAGEM,2025,43,2.774399394634126,14.70000000000002,7.0,7.0
205,BOA VIAGEM,2025,44,3.964833260173747,12.600000000000021,7.0,7.0
205,BOA VIAGEM,2025,45,0.599999999999993,2.800000000000021,7.0,7.0
205,BOA VIAGEM,2025,46,5.341665487414402,8.600000000000021,7.0,7.0
205,BOA VIAGEM,2025,47,1.775370751102694,5.600000000000021,7.0,7.0
205,BOA VIAGEM,2025,48,1.9708148644702526,8.000000000000021,7.0,7.0
205,BOA VIAGEM,2025,49,0.599999999999993,10.600000000000021,7.0,7.0
205,BOA VIAGEM,2025,50,0.1999999999999929,9.500000000000021,7.0,7.0
205,BOA VIAGEM,2025,51,0.3999999999999929,5.100000000000021,7.0,7.0
205,BOA VIAGEM,2025,52,4.541455010752125,18.90000000000002,7.0,7.0
205,BOA VIAGEM,2025,53,0.0,9.70000000000002,7.0,7.0
949,ALTO SANTA TEREZINHA,2024,34,0.0,9.699999999999992,4.0,7.0
949,ALTO SANTA TEREZINHA,2024,35,0.0,12.999999999999993,7.0,7.0
949,ALTO SANTA TEREZINHA,2024,36,0.0,3.099999999999993,6.0,7.0
949,ALTO SANTA TEREZINHA,2024,37,0.0,17.099999999999994,6.0,7.0
949,ALTO SANTA TEREZINHA,2024,38,0.0,5.199999999999993,6.0,7.0
949,ALTO SANTA TEREZINHA,2024,39,0.0,6.199999999999993,7.0,7.0
949,ALTO SANTA TEREZINHA,2024,40,0.0,3.899999999999993,6.0,7.0
949,ALTO SANTA TEREZINHA,2024,41,0.0,2.299999999999993,7.0,7.0
949,ALTO SANTA TEREZINHA,2024,42,0.0,1.9999999999999927,7.0,7.0
949,ALTO SANTA TEREZINHA,2024,43,0.0,3.999999999999993,6.0,7.0
949,ALTO SANTA TEREZINHA,2024,44,0.0,5.399999999999992,6.0,7.0
949,ALTO SANTA TEREZINHA,2024,45,0.0,10.199999999999994,7.0,7.0
949,ALTO SANTA TEREZINHA,2024,46,0.0,4.5999999999999925,7.0,7.0
949,ALTO SANTA TEREZINHA,2024,47,0.0,4.899999999999993,7.0,7.0
949,ALTO SANTA TEREZINHA,2024,48,0.0,1.7999999999999927,6.0,7.0
949,ALTO SANTA TEREZINHA,2024,49,0.0,9.999999999999993,5.0,7.0
949,ALTO SANTA TEREZINHA,2024,50,0.0,5.5999999999999925,3.0,7.0
949,ALTO SANTA TEREZINHA,2024,51,0.0,9.299999999999994,7.0,7.0
949,ALTO SANTA TEREZINHA,2024,52,0.0,6.899999999999993,6.0,7.0
949,ALTO SANTA TEREZINHA,2025,1,0.0,7.799999999999993,5.0,7.0
949,ALTO SANTA TEREZINHA,2025,2,0.0,12.499999999999993,6.0,7.0
949,ALTO SANTA TEREZINHA,2025,3,0.0,33.89999999999999,3.0,7.0
949,ALTO SANTA TEREZINHA,2025,4,0.0,9.999999999999993,7.0,7.0
949,ALTO SANTA TEREZINHA,2025,5,0.0,26.199999999999992,7.0,7.0
949,ALTO SANTA TEREZINHA,2025,6,0.0,35.89999999999999,5.0,7.0
949,ALTO SANTA TEREZINHA,2025,7,0.0,6.49999999999999,4.0,7.0
949,ALTO SANTA TEREZINHA,2025,8,0.0,12.09999999999999,5.0,7.0
949,ALTO SANTA TEREZINHA,2025,9,0.0,21.89999999999999,5.0,7.0
949,ALTO SANTA TEREZINHA,2025,10,0.0,21.69999999999999,7.0,7.0
949,ALTO SANTA TEREZINHA,2025,11,0.0,31.39999999999999,6.0,7.0
949,ALTO SANTA TEREZINHA,2025,12,0.0,19.599999999999987,5.0,7.0
949,ALTO SANTA TEREZINHA,2025,13,0.0,9.399999999999988,4.0,7.0
949,ALTO SANTA TEREZINHA,2025,14,0.0,18.39999999999999,4.0,7.0
949,ALTO SANTA TEREZINHA,2025,36,2.9537614825854934,31.69999999999999,3.0,7.0
949,ALTO SANTA TEREZINHA,2025,37,0.0,11.299999999999986,6.0,7.0
949,ALTO SANTA TEREZINHA,2025,38,0.0,8.199999999999985,6.0,7.0
949,ALTO SANTA TEREZINHA,2025,39,0.0,10.499999999999986,5.0,7.0
949,ALTO SANTA TEREZINHA,2025,40,0.0,15.999999999999986,5.0,7.0
949,ALTO SANTA TEREZINHA,2025,41,0.0,6.899999999999986,7.0,7.0
949,ALTO SANTA TEREZINHA,2025,42,0.0,5.7999999999999865,6.0,7.0
949,ALTO SANTA TEREZINHA,2025,43,0.0,10.099999999999985,6.0,7.0
949,ALTO SANTA TEREZINHA,2025,44,0.0,10.399999999999984,6.0,7.0
949,ALTO SANTA TEREZINHA,2025,45,0.0,1.1999999999999857,6.0,7.0
949,ALTO SANTA TEREZINHA,2025,46,0.0,8.199999999999985,7.0,7.0
949,ALTO SANTA TEREZINHA,2025,47,0.0,2.999999999999986,7.0,7.0
949,ALTO SANTA TEREZINHA,2025,48,0.0,6.499999999999986,7.0,7.0
949,ALTO SANTA TEREZINHA,2025,49,0.0,6.499999999999986,7.0,7.0
949,ALTO SANTA TEREZINHA,2025,50,0.0,3.9999999999999862,7.0,7.0
949,ALTO SANTA TEREZINHA,2025,51,0.0,4.599999999999985,6.0,7.0
949,ALTO SANTA TEREZINHA,2025,52,0.0,8.899999999999986,7.0,7.0
949,ALTO SANTA TEREZINHA,2025,53,0.0,5.699999999999986,7.0,7.0
280,CAMPO GRANDE,2024,34,0.2,9.699999999999992,5.0,7.0
280,CAMPO GRANDE,2024,35,4.966517933094385,12.999999999999993,7.0,7.0
280,CAMPO GRANDE,2024,36,0.6000000000000001,3.099999999999993,7.0,7.0
280,CAMPO GRANDE,2024,37,24.564408239500782,17.099999999999994,7.0,7.0
280,CAMPO GRANDE,2024,38,2.1789365432098764,5.199999999999993,7.0,7.0
280,CAMPO GRANDE,2024,39,15.407345146745321,6.199999999999993,7.0,7.0
280,CAMPO GRANDE,2024,40,9.362435641732187,3.899999999999993,7.0,7.0
280,CAMPO GRANDE,2024,41,0.0,2.299999999999993,7.0,7.0
280,CAMPO GRANDE,2024,42,9.101137113223281,1.9999999999999927,7.0,7.0
280,CAMPO GRANDE,2024,43,2.0012999999999996,3.999999999999993,7.0,7.0
280,CAMPO GRANDE,2024,44,7.502444911691088,5.399999999999992,7.0,7.0
280,CAMPO GRANDE,2024,45,7.702061536024379,10.199999999999994,7.0,7.0
280,CAMPO GRANDE,2024,46,0.0,4.5999999999999925,7.0,7.0
280,CAMPO GRANDE,2024,47,0.4,4.899999999999993,7.0,7.0
280,CAMPO GRANDE,2024,48,0.9869004839783073,1.7999999999999927,7.0,7.0
280,CAMPO GRANDE,2024,49,3.946959026027332,9.999999999999993,7.0,7.0
280,CAMPO GRANDE,2024,50,1.1937179255396202,5.5999999999999925,7.0,7.0
280,CAMPO GRANDE,2024,51,3.982579893949832,9.299999999999994,7.0,7.0
280,CAMPO GRANDE,2024,52,1.780559416863672,6.899999999999993,7.0,7.0
280,CAMPO GRANDE,2025,1,0.0,7.799999999999993,7.0,7.0
280,CAMPO GRANDE,2025,2,0.7999999999999996,12.499999999999993,7.0,7.0
280,CAMPO GRANDE,2025,3,137.69294661357216,33.89999999999999,7.0,7.0
280,CAMPO GRANDE,2025,4,7.884399016170483,9.999999999999993,7.0,7.0
280,CAMPO GRANDE,2025,5,128.69707237370918,26.199999999999992,7.0,7.0
280,CAMPO GRANDE,2025,6,236.96221846491898,35.89999999999999,7.0,7.0
280,CAMPO GRANDE,2025,7,18.08171195123691,6.49999999999999,7.0,7.0
280,CAMPO GRANDE,2025,8,11.690587086880099,12.09999999999999,7.0,7.0
280,CAMPO GRANDE,2025,9,14.191828718802263,21.89999999999999,7.0,7.0
280,CAMPO GRANDE,2025,10,43.8573761248703,21.69999999999999,7.0,7.0
280,CAMPO GRANDE,2025,11,36.16597301030836,31.39999999999999,7.0,7.0
280,CAMPO GRANDE,2025,12,28.099771237328053,19.599999999999987,7.0,7.0
280,CAMPO GRANDE,2025,13,45.359250081412306,9.399999999999988,7.0,7.0
280,CAMPO GRANDE,2025,14,26.493752025493897,18.39999999999999,7.0,7.0
280,CAMPO GRANDE,2025,15,29.38246359421136,16.99999999999999,7.0,7.0
280,CAMPO GRANDE,2025,16,0.0,8.29999999999999,7.0,7.0
280,CAMPO GRANDE,2025,17,26.229716670486493,12.099999999999989,7.0,7.0
280,CAMPO GRANDE,2025,18,0.0,2.699999999999989,7.0,7.0
280,CAMPO GRANDE,2025,19,11.832901251814825,12.399999999999988,7.0,7.0
280,CAMPO GRANDE,2025,20,274.9822178345309,42.199999999999996,7.0,7.0
280,CAMPO GRANDE,2025,21,102.7850248104794,55.8,7.0,7.0
280,CAMPO GRANDE,2025,22,64.08204561435683,21.39999999999999,7.0,7.0
280,CAMPO GRANDE,2025,23,71.95559910536045,25.69999999999999,7.0,7.0
280,CAMPO GRANDE,2025,24,95.77705803994225,20.89999999999999,7.0,7.0
280,CAMPO GRANDE,2025,25,77.21790808290373,41.39999999999999,7.0,7.0
280,CAMPO GRANDE,2025,26,126.0178496720452,37.79999999999999,7.0,7.0
280,CAMPO GRANDE,2025,27,95.8916612855212,38.099999999999994,7.0,7.0
280,CAMPO GRANDE,2025,28,86.37908623618436,23.999999999999993,7.0,7.0
280,CAMPO GRANDE,2025,29,20.373600963238026,19.699999999999992,7.0,7.0
280,CAMPO GRANDE,2025,30,21.120098593100487,13.199999999999992,7.0,7.0
280,CAMPO GRANDE,2025,31,117.98895332147755,26.699999999999992,7.0,7.0
280,CAMPO GRANDE,2025,32,46.945811852335325,25.199999999999992,7.0,7.0
280,CAMPO GRANDE,2025,33,83.73836838909665,67.99999999999999,7.0,7.0
280,CAMPO GRANDE,2025,34,17.575841225416227,18.899999999999984,7.0,7.0
280,CAMPO GRANDE,2025,35,23.08069047507499,18.099999999999987,7.0,7.0
280,CAMPO GRANDE,2025,36,62.802874320389286,31.69999999999999,7.0,7.0
280,CAMPO GRANDE,2025,37,1.0196,11.299999999999986,7.0,7.0
280,CAMPO GRANDE,2025,38,0.79268,8.199999999999985,7.0,7.0
280,CAMPO GRANDE,2025,39,3.760976456835935,10.499999999999986,7.0,7.0
280,CAMPO GRANDE,2025,40,79.6411701916271,15.999999999999986,7.0,7.0
280,CAMPO GRANDE,2025,41,3.3641410420963034,6.899999999999986,7.0,7.0
280,CAMPO GRANDE,2025,42,1.1821830262834614,5.7999999999999865,7.0,7.0
280,CAMPO GRANDE,2025,43,3.1540399762555826,10.099999999999985,7.0,7.0
280,CAMPO GRANDE,2025,44,13.60157982470941,10.399999999999984,7.0,7.0
280,CAMPO GRANDE,2025,45,0.0,1.1999999999999857,7.0,7.0
280,CAMPO GRANDE,2025,46,7.895951956437659,8.199999999999985,7.0,7.0
280,CAMPO GRANDE,2025,47,4.148146045257542,2.999999999999986,7.0,7.0
280,CAMPO GRANDE,2025,48,1.585615298750207,6.499999999999986,7.0,7.0
280,CAMPO GRANDE,2025,49,0.0,6.499999999999986,7.0,7.0
280,CAMPO GRANDE,2025,50,0.0,3.9999999999999862,7.0,7.0
280,CAMPO GRANDE,2025,51,0.1999999999999929,4.599999999999985,7.0,7.0
280,CAMPO GRANDE,2025,52,10.260359344815587,8.899999999999986,7.0,7.0
280,CAMPO GRANDE,2025,53,1.4029065526647542,5.699999999999986,7.0,7.0
582,MACAXEIRA,2024,34,0.4,9.699999999999992,5.0,7.0
582,MACAXEIRA,2024,35,7.499708658761813,12.999999999999993,7.0,7.0
582,MACAXEIRA,2024,36,2.3627101548502463,3.099999999999993,7.0,7.0
582,MACAXEIRA,2024,37,35.60959924167842,17.099999999999994,7.0,7.0
582,MACAXEIRA,2024,38,6.513633241738725,5.199999999999993,7.0,7.0
582,MACAXEIRA,2024,39,12.398056238795107,6.199999999999993,7.0,7.0
582,MACAXEIRA,2024,40,5.127459181792688,3.899999999999993,7.0,7.0
582,MACAXEIRA,2024,41,0.0,2.299999999999993,2.0,7.0
582,MACAXEIRA,2025,14,21.790041652236912,18.39999999999999,2.0,7.0
582,MACAXEIRA,2025,36,4.33995015041389,31.69999999999999,1.0,7.0
582,MACAXEIRA,2025,37,0.0,11.299999999999986,2.0,7.0
582,MACAXEIRA,2025,38,0.0,8.199999999999985,3.0,7.0
566,NOVA DESCOBERTA,2024,34,0.4,9.699999999999992,5.0,7.0
566,NOVA DESCOBERTA,2024,35,11.140255454621485,12.999999999999993,7.0,7.0
566,NOVA DESCOBERTA,2024,36,1.99398,3.099999999999993,7.0,7.0
566,NOVA DESCOBERTA,2024,37,39.15371707153882,17.099999999999994,7.0,7.0
566,NOVA DESCOBERTA,2024,38,3.796300612098988,5.199999999999993,7.0,7.0
566,NOVA DESCOBERTA,2024,39,14.563946255117315,6.199999999999993,7.0,7.0
566,NOVA DESCOBERTA,2024,40,6.354453686558803,3.899999999999993,7.0,7.0
566,NOVA DESCOBERTA,2024,41,0.0,2.299999999999993,7.0,7.0
566,NOVA DESCOBERTA,2024,42,6.147641437185957,1.9999999999999927,7.0,7.0
566,NOVA DESCOBERTA,2024,43,1.9715930894308944,3.999999999999993,7.0,7.0
566,NOVA DESCOBERTA,2024,44,1.7780400000000003,5.399999999999992,7.0,7.0
566,NOVA DESCOBERTA,2024,45,2.2,10.199999999999994,7.0,7.0
566,NOVA DESCOBERTA,2024,46,0.0,4.5999999999999925,7.0,7.0
566,NOVA DESCOBERTA,2024,47,0.2,4.899999999999993,7.0,7.0
566,NOVA DESCOBERTA,2024,48,0.0,1.7999999999999927,7.0,7.0
566,NOVA DESCOBERTA,2024,49,6.5882106895326,9.999999999999993,7.0,7.0
566,NOVA DESCOBERTA,2024,50,0.9861450710494779,5.5999999999999925,7.0,7.0
566,NOVA DESCOBERTA,2024,51,4.575016414290396,9.299999999999994,7.0,7.0
566,NOVA DESCOBERTA,2024,52,3.776555768779847,6.899999999999993,7.0,7.0
566,NOVA DESCOBERTA,2025,1,1.1861450710494779,7.799999999999993,7.0,7.0
566,NOVA DESCOBERTA,2025,2,0.0,12.499999999999993,7.0,7.0
566,NOVA DESCOBERTA,2025,3,107.82294146493614,33.89999999999999,7.0,7.0
566,NOVA DESCOBERTA,2025,4,25.400002701644603,9.999999999999993,7.0,7.0
566,NOVA DESCOBERTA,2025,5,83.46667419240292,26.199999999999992,7.0,7.0
566,NOVA DESCOBERTA,2025,6,244.01347839620618,35.89999999999999,7.0,7.0
566,NOVA DESCOBERTA,2025,7,9.541406732098494,6.49999999999999,7.0,7.0
566,NOVA DESCOBERTA,2025,8,8.726277312095391,12.09999999999999,7.0,7.0
566,NOVA DESCOBERTA,2025,9,31.60540600140814,21.89999999999999,7.0,7.0
566,NOVA DESCOBERTA,2025,10,47.03208214739398,21.69999999999999,7.0,7.0
566,NOVA DESCOBERTA,2025,11,95.35549634604908,31.39999999999999,7.0,7.0
566,NOVA DESCOBERTA,2025,12,36.66750663527389,19.599999999999987,7.0,7.0
566,NOVA DESCOBERTA,2025,13,103.39494564827764,9.399999999999988,7.0,7.0
566,NOVA DESCOBERTA,2025,14,22.03037317845069,18.39999999999999,7.0,7.0
566,NOVA DESCOBERTA,2025,15,26.213107583060292,16.99999999999999,7.0,7.0
566,NOVA DESCOBERTA,2025,16,2.4065301420989416,8.29999999999999,7.0,7.0
566,NOVA DESCOBERTA,2025,17,70.42789558416625,12.099999999999989,7.0,7.0
566,NOVA DESCOBERTA,2025,18,0.7926799999999858,2.699999999999989,7.0,7.0
566,NOVA DESCOBERTA,2025,19,4.578124620395711,12.399999999999988,7.0,7.0
566,NOVA DESCOBERTA,2025,20,282.0121115291536,42.199999999999996,7.0,7.0
566,NOVA DESCOBERTA,2025,21,115.50457239508737,55.8,7.0,7.0
566,NOVA DESCOBERTA,2025,22,98.14649863474177,21.39999999999999,7.0,7.0
566,NOVA DESCOBERTA,2025,23,94.48120108533932,25.69999999999999,7.0,7.0
566,NOVA DESCOBERTA,2025,24,87.24469251333403,20.89999999999999,7.0,7.0
566,NOVA DESCOBERTA,2025,25,92.57445721657876,41.39999999999999,7.0,7.0
566,NOVA DESCOBERTA,2025,26,157.20433401993301,37.79999999999999,7.0,7.0
566,NOVA DESCOBERTA,2025,27,113.98801143969791,38.099999999999994,7.0,7.0
566,NOVA DESCOBERTA,2025,28,93.57770243677535,23.999999999999993,7.0,7.0
566,NOVA DESCOBERTA,2025,29,14.808029913771232,19.699999999999992,7.0,7.0
566,NOVA DESCOBERTA,2025,30,26.32413704686598,13.199999999999992,7.0,7.0
566,NOVA DESCOBERTA,2025,31,101.3025236651294,26.699999999999992,7.0,7.0
566,NOVA DESCOBERTA,2025,32,58.34101870018792,25.199999999999992,7.0,7.0
566,NOVA DESCOBERTA,2025,33,111.9104238863435,67.99999999999999,7.0,7.0
566,NOVA DESCOBERTA,2025,34,35.416567645135174,18.899999999999984,7.0,7.0
566,NOVA DESCOBERTA,2025,35,37.588381236596675,18.099999999999987,7.0,7.0
566,NOVA DESCOBERTA,2025,36,89.96863776097227,31.69999999999999,7.0,7.0
566,NOVA DESCOBERTA,2025,37,2.0098528590603886,11.299999999999986,7.0,7.0
566,NOVA DESCOBERTA,2025,38,1.8122799999999857,8.199999999999985,7.0,7.0
566,NOVA DESCOBERTA,2025,39,10.283657968370234,10.499999999999986,7.0,7.0
566,NOVA DESCOBERTA,2025,40,109.73599762825773,15.999999999999986,7.0,7.0
566,NOVA DESCOBERTA,2025,41,5.3405365233554605,6.899999999999986,7.0,7.0
566,NOVA DESCOBERTA,2025,42,2.381196520763173,5.7999999999999865,7.0,7.0
566,NOVA DESCOBERTA,2025,43,7.530040958419326,10.099999999999985,7.0,7.0
566,NOVA DESCOBERTA,2025,44,13.490986432303073,10.399999999999984,7.0,7.0
566,NOVA DESCOBERTA,2025,45,0.0,1.1999999999999857,7.0,7.0
566,NOVA DESCOBERTA,2025,46,11.232292593842656,8.199999999999985,7.0,7.0
566,NOVA DESCOBERTA,2025,47,1.4122799999999858,2.999999999999986,7.0,7.0
566,NOVA DESCOBERTA,2025,48,5.5737307099493645,6.499999999999986,7.0,7.0
566,NOVA DESCOBERTA,2025,49,12.303123430838959,6.499999999999986,7.0,7.0
566,NOVA DESCOBERTA,2025,50,1.0195999999999859,3.9999999999999862,7.0,7.0
566,NOVA DESCOBERTA,2025,51,0.1999999999999858,4.599999999999985,7.0,7.0
566,NOVA DESCOBERTA,2025,52,19.757866235190022,8.899999999999986,7.0,7.0
566,NOVA DESCOBERTA,2025,53,0.0,5.699999999999986,7.0,7.0
574,BREJO DE BEBERIBE,2024,34,0.4,9.699999999999992,5.0,7.0
574,BREJO DE BEBERIBE,2024,35,11.140255454621485,12.999999999999993,7.0,7.0
574,BREJO DE BEBERIBE,2024,36,1.99398,3.099999999999993,7.0,7.0
574,BREJO DE BEBERIBE,2024,37,39.15371707153882,17.099999999999994,7.0,7.0
574,BREJO DE BEBERIBE,2024,38,3.796300612098988,5.199999999999993,7.0,7.0
574,BREJO DE BEBERIBE,2024,39,14.563946255117315,6.199999999999993,7.0,7.0
574,BREJO DE BEBERIBE,2024,40,6.354453686558803,3.899999999999993,7.0,7.0
574,BREJO DE BEBERIBE,2024,41,0.0,2.299999999999993,7.0,7.0
574,BREJO DE BEBERIBE,2024,42,6.147641437185957,1.9999999999999927,7.0,7.0
574,BREJO DE BEBERIBE,2024,43,1.9715930894308944,3.999999999999993,7.0,7.0
574,BREJO DE BEBERIBE,2024,44,1.7780400000000003,5.399999999999992,7.0,7.0
574,BREJO DE BEBERIBE,2024,45,2.2,10.199999999999994,7.0,7.0
574,BREJO DE BEBERIBE,2024,46,0.0,4.5999999999999925,7.0,7.0
574,BREJO DE BEBERIBE,2024,47,0.2,4.899999999999993,7.0,7.0
574,BREJO DE BEBERIBE,2024,48,0.0,1.7999999999999927,7.0,7.0
574,BREJO DE BEBERIBE,2024,49,6.5882106895326,9.999999999999993,7.0,7.0
574,BREJO DE BEBERIBE,2024,50,0.9861450710494779,5.5999999999999925,7.0,7.0
574,BREJO DE BEBERIBE,2024,51,4.575016414290396,9.299999999999994,7.0,7.0
574,BREJO DE BEBERIBE,2024,52,3.776555768779847,6.899999999999993,7.0,7.0
574,BREJO DE BEBERIBE,2025,1,1.1861450710494779,7.799999999999993,7.0,7.0
574,BREJO DE BEBERIBE,2025,2,0.0,12.499999999999993,7.0,7.0
574,BREJO DE BEBERIBE,2025,3,107.82294146493614,33.89999999999999,7.0,7.0
574,BREJO DE BEBERIBE,2025,4,25.400002701644603,9.999999999999993,7.0,7.0
574,BREJO DE BEBERIBE,2025,5,83.46667419240292,26.199999999999992,7.0,7.0
574,BREJO DE BEBERIBE,2025,6,244.01347839620618,35.89999999999999,7.0,7.0
574,BREJO DE BEBERIBE,2025,7,9.541406732098494,6.49999999999999,7.0,7.0
574,BREJO DE BEBERIBE,2025,8,8.726277312095391,12.09999999999999,7.0,7.0
574,BREJO DE BEBERIBE,2025,9,31.60540600140814,21.89999999999999,7.0,7.0
574,BREJO DE BEBERIBE,2025,10,47.03208214739398,21.69999999999999,7.0,7.0
574,BREJO DE BEBERIBE,2025,11,95.35549634604908,31.39999999999999,7.0,7.0
574,BREJO DE BEBERIBE,2025,12,36.66750663527389,19.599999999999987,7.0,7.0
574,BREJO DE BEBERIBE,2025,13,103.39494564827764,9.399999999999988,7.0,7.0
574,BREJO DE BEBERIBE,2025,14,22.03037317845069,18.39999999999999,7.0,7.0
574,BREJO DE BEBERIBE,2025,15,26.213107583060292,16.99999999999999,7.0,7.0
574,BREJO DE BEBERIBE,2025,16,2.4065301420989416,8.29999999999999,7.0,7.0
574,BREJO DE BEBERIBE,2025,17,70.42789558416625,12.099999999999989,7.0,7.0
574,BREJO DE BEBERIBE,2025,18,0.7926799999999858,2.699999999999989,7.0,7.0
574,BREJO DE BEBERIBE,2025,19,4.578124620395711,12.399999999999988,7.0,7.0
574,BREJO DE BEBERIBE,2025,20,282.0121115291536,42.199999999999996,7.0,7.0
574,BREJO DE BEBERIBE,2025,21,115.50457239508737,55.8,7.0,7.0
574,BREJO DE BEBERIBE,2025,22,98.14649863474177,21.39999999999999,7.0,7.0
574,BREJO DE BEBERIBE,2025,23,94.48120108533932,25.69999999999999,7.0,7.0
574,BREJO DE BEBERIBE,2025,24,87.24469251333403,20.89999999999999,7.0,7.0
574,BREJO DE BEBERIBE,2025,25,92.57445721657876,41.39999999999999,7.0,7.0
574,BREJO DE BEBERIBE,2025,26,157.20433401993301,37.79999999999999,7.0,7.0
574,BREJO DE BEBERIBE,2025,27,113.98801143969791,38.099999999999994,7.0,7.0
574,BREJO DE BEBERIBE,2025,28,93.57770243677535,23.999999999999993,7.0,7.0
574,BREJO DE BEBERIBE,2025,29,14.808029913771232,19.699999999999992,7.0,7.0
574,BREJO DE BEBERIBE,2025,30,26.32413704686598,13.199999999999992,7.0,7.0
574,BREJO DE BEBERIBE,2025,31,101.3025236651294,26.699999999999992,7.0,7.0
574,BREJO DE BEBERIBE,2025,32,58.34101870018792,25.199999999999992,7.0,7.0
574,BREJO DE BEBERIBE,2025,33,111.9104238863435,67.99999999999999,7.0,7.0
574,BREJO DE BEBERIBE,2025,34,35.416567645135174,18.899999999999984,7.0,7.0
574,BREJO DE BEBERIBE,2025,35,37.588381236596675,18.099999999999987,7.0,7.0
574,BREJO DE BEBERIBE,2025,36,89.96863776097227,31.69999999999999,7.0,7.0
574,BREJO DE BEBERIBE,2025,37,2.0098528590603886,11.299999999999986,7.0,7.0
574,BREJO DE BEBERIBE,2025,38,1.8122799999999857,8.199999999999985,7.0,7.0
574,BREJO DE BEBERIBE,2025,39,10.283657968370234,10.499999999999986,7.0,7.0
574,BREJO DE BEBERIBE,2025,40,109.73599762825773,15.999999999999986,7.0,7.0
574,BREJO DE BEBERIBE,2025,41,5.3405365233554605,6.899999999999986,7.0,7.0
574,BREJO DE BEBERIBE,2025,42,2.381196520763173,5.7999999999999865,7.0,7.0
574,BREJO DE BEBERIBE,2025,43,7.530040958419326,10.099999999999985,7.0,7.0
574,BREJO DE BEBERIBE,2025,44,13.490986432303073,10.399999999999984,7.0,7.0
574,BREJO DE BEBERIBE,2025,45,0.0,1.1999999999999857,7.0,7.0
574,BREJO DE BEBERIBE,2025,46,11.232292593842656,8.199999999999985,7.0,7.0
574,BREJO DE BEBERIBE,2025,47,1.4122799999999858,2.999999999999986,7.0,7.0
574,BREJO DE BEBERIBE,2025,48,5.5737307099493645,6.499999999999986,7.0,7.0
574,BREJO DE BEBERIBE,2025,49,12.303123430838959,6.499999999999986,7.0,7.0
574,BREJO DE BEBERIBE,2025,50,1.0195999999999859,3.9999999999999862,7.0,7.0
574,BREJO DE BEBERIBE,2025,51,0.1999999999999858,4.599999999999985,7.0,7.0
574,BREJO DE BEBERIBE,2025,52,19.757866235190022,8.899999999999986,7.0,7.0
574,BREJO DE BEBERIBE,2025,53,0.0,5.699999999999986,7.0,7.0
337,AGUA FRIA,2024,34,0.2,9.699999999999992,5.0,7.0
337,AGUA FRIA,2024,35,3.567578081056552,12.999999999999993,7.0,7.0
337,AGUA FRIA,2024,36,1.7770247199033082,3.099999999999993,7.0,7.0
337,AGUA FRIA,2024,37,36.44396379101257,17.099999999999994,7.0,7.0
337,AGUA FRIA,2024,38,3.975807649375107,5.199999999999993,7.0,7.0
337,AGUA FRIA,2024,39,8.705087457835566,6.199999999999993,7.0,7.0
337,AGUA FRIA,2024,40,3.743679288174964,3.899999999999993,7.0,7.0
337,AGUA FRIA,2024,41,0.5999999999999996,2.299999999999993,7.0,7.0
337,AGUA FRIA,2024,42,12.602647607207691,1.9999999999999927,7.0,7.0
337,AGUA FRIA,2024,43,1.1780400000000002,3.999999999999993,7.0,7.0
337,AGUA FRIA,2024,44,0.7871452310202469,5.399999999999992,7.0,7.0
337,AGUA FRIA,2024,45,1.7878641975308642,10.199999999999994,7.0,7.0
337,AGUA FRIA,2024,46,0.0,4.5999999999999925,7.0,7.0
337,AGUA FRIA,2024,47,0.0,4.899999999999993,7.0,7.0
337,AGUA FRIA,2024,48,0.0,1.7999999999999927,7.0,7.0
337,AGUA FRIA,2024,49,5.157625614444147,9.999999999999993,7.0,7.0
337,AGUA FRIA,2024,50,0.0,5.5999999999999925,7.0,7.0
337,AGUA FRIA,2024,51,4.346234005911206,9.299999999999994,7.0,7.0
337,AGUA FRIA,2024,52,1.2000000000000002,6.899999999999993,7.0,7.0
337,AGUA FRIA,2025,1,0.2,7.799999999999993,7.0,7.0
337,AGUA FRIA,2025,2,0.0,12.499999999999993,7.0,7.0
337,AGUA FRIA,2025,3,164.46607163700492,33.89999999999999,7.0,7.0
337,AGUA FRIA,2025,4,13.402057860953304,9.999999999999993,7.0,7.0
337,AGUA FRIA,2025,5,102.37904081691963,26.199999999999992,7.0,7.0
337,AGUA FRIA,2025,6,191.16823447726497,35.89999999999999,7.0,7.0
337,AGUA FRIA,2025,7,4.766665344636531,6.49999999999999,7.0,7.0
337,AGUA FRIA,2025,8,4.153385897420713,12.09999999999999,7.0,7.0
337,AGUA FRIA,2025,9,13.471488204085095,21.89999999999999,7.0,7.0
337,AGUA FRIA,2025,10,29.828767852915647,21.69999999999999,7.0,7.0
337,AGUA FRIA,2025,11,47.498351286895655,31.39999999999999,7.0,7.0
337,AGUA FRIA,2025,12,14.830558744548542,19.599999999999987,7.0,7.0
337,AGUA FRIA,2025,13,56.37899153379832,9.399999999999988,7.0,7.0
337,AGUA FRIA,2025,14,22.603886148592693,18.39999999999999,7.0,7.0
337,AGUA FRIA,2025,15,8.52299082596863,16.99999999999999,7.0,7.0
337,AGUA FRIA,2025,16,0.2,8.29999999999999,7.0,7.0
337,AGUA FRIA,2025,17,52.46532924750729,12.099999999999989,7.0,7.0
337,AGUA FRIA,2025,18,0.0,2.699999999999989,7.0,7.0
337,AGUA FRIA,2025,19,5.9407567289584176,12.399999999999988,7.0,7.0
337,AGUA FRIA,2025,20,271.1755776190935,42.199999999999996,7.0,7.0
337,AGUA FRIA,2025,21,95.45979014395475,55.8,7.0,7.0
337,AGUA FRIA,2025,22,71.12012190249638,21.39999999999999,7.0,7.0
337,AGUA FRIA,2025,23,72.87951593291216,25.69999999999999,7.0,7.0
337,AGUA FRIA,2025,24,71.53611878608423,20.89999999999999,7.0,7.0
337,AGUA FRIA,2025,25,83.98080121221199,41.39999999999999,7.0,7.0
337,AGUA FRIA,2025,26,129.2185400712142,37.79999999999999,7.0,7.0
337,AGUA FRIA,2025,27,95.78049042039443,38.099999999999994,7.0,7.0
337,AGUA FRIA,2025,28,83.45618078407333,23.999999999999993,7.0,7.0
337,AGUA FRIA,2025,29,16.36622126288067,19.699999999999992,7.0,7.0
337,AGUA FRIA,2025,30,28.453328835508444,13.199999999999992,7.0,7.0
337,AGUA FRIA,2025,31,85.19967456802307,26.699999999999992,7.0,7.0
337,AGUA FRIA,2025,32,46.32241830308418,25.199999999999992,7.0,7.0
337,AGUA FRIA,2025,33,95.66701581429524,67.99999999999999,7.0,7.0
337,AGUA FRIA,2025,34,20.35656941348664,18.899999999999984,7.0,7.0
337,AGUA FRIA,2025,35,33.693508918963566,18.099999999999987,7.0,7.0
337,AGUA FRIA,2025,36,64.6768785485504,31.69999999999999,7.0,7.0
337,AGUA FRIA,2025,37,3.351955170026757,11.299999999999986,7.0,7.0
337,AGUA FRIA,2025,38,3.35777951916827,8.199999999999985,7.0,7.0
337,AGUA FRIA,2025,39,4.729108539615247,10.499999999999986,7.0,7.0
337,AGUA FRIA,2025,40,77.92431941885427,15.999999999999986,7.0,7.0
337,AGUA FRIA,2025,41,0.0,6.899999999999986,7.0,7.0
337,AGUA FRIA,2025,42,1.1938305114638235,5.7999999999999865,7.0,7.0
337,AGUA FRIA,2025,43,1.7883219578409848,10.099999999999985,7.0,7.0
337,AGUA FRIA,2025,44,10.47707381151325,10.399999999999984,7.0,7.0
337,AGUA FRIA,2025,45,0.0,1.1999999999999857,1.0,7.0
337,AGUA FRIA,2025,46,9.832355508091032,8.199999999999985,3.0,7.0
337,AGUA FRIA,2025,47,1.4391999999999787,2.999999999999986,6.0,7.0
337,AGUA FRIA,2025,48,3.3547844461973444,6.499999999999986,7.0,7.0
337,AGUA FRIA,2025,49,10.5068729885327,6.499999999999986,6.0,7.0
337,AGUA FRIA,2025,50,0.19999999999998047,3.9999999999999862,7.0,7.0
337,AGUA FRIA,2025,51,0.0,4.599999999999985,2.0,7.0
337,AGUA FRIA,2025,52,20.100274456585726,8.899999999999986,4.0,7.0
337,AGUA FRIA,2025,53,6.91359999999998,5.699999999999986,2.0,7.0
264,IMBIRIBEIRA,2024,34,1.6,9.699999999999992,5.0,7.0
264,IMBIRIBEIRA,2024,35,15.95974,12.999999999999993,7.0,7.0
264,IMBIRIBEIRA,2024,36,1.2,3.099999999999993,7.0,7.0
264,IMBIRIBEIRA,2024,37,25.99268,17.099999999999994,7.0,7.0
264,IMBIRIBEIRA,2024,38,2.0,5.199999999999993,7.0,7.0
264,IMBIRIBEIRA,2024,39,8.5268,6.199999999999993,7.0,7.0
264,IMBIRIBEIRA,2024,40,5.19268,3.899999999999993,7.0,7.0
264,IMBIRIBEIRA,2024,41,0.8,2.299999999999993,7.0,7.0
264,IMBIRIBEIRA,2024,42,7.778040000000001,1.9999999999999927,7.0,7.0
264,IMBIRIBEIRA,2024,43,0.0,3.999999999999993,7.0,7.0
264,IMBIRIBEIRA,2024,44,7.75242,5.399999999999992,7.0,7.0
264,IMBIRIBEIRA,2024,45,2.19268,10.199999999999994,7.0,7.0
264,IMBIRIBEIRA,2024,46,0.2,4.5999999999999925,7.0,7.0
264,IMBIRIBEIRA,2024,47,0.4,4.899999999999993,7.0,7.0
264,IMBIRIBEIRA,2024,48,0.0,1.7999999999999927,7.0,7.0
264,IMBIRIBEIRA,2024,49,6.35608,9.999999999999993,7.0,7.0
264,IMBIRIBEIRA,2024,50,0.0,5.5999999999999925,7.0,7.0
264,IMBIRIBEIRA,2024,51,5.38536,9.299999999999994,7.0,7.0
264,IMBIRIBEIRA,2024,52,5.800000000000001,6.899999999999993,7.0,7.0
264,IMBIRIBEIRA,2025,1,1.6,7.799999999999993,7.0,7.0
264,IMBIRIBEIRA,2025,2,0.0,12.499999999999993,7.0,7.0
264,IMBIRIBEIRA,2025,3,14.57804,33.89999999999999,7.0,7.0
264,IMBIRIBEIRA,2025,4,0.2,9.999999999999993,7.0,7.0
264,IMBIRIBEIRA,2025,5,107.35194,26.199999999999992,7.0,7.0
264,IMBIRIBEIRA,2025,6,200.22914,35.89999999999999,7.0,7.0
264,IMBIRIBEIRA,2025,7,5.559740000000001,6.49999999999999,7.0,7.0
264,IMBIRIBEIRA,2025,8,1.8,12.09999999999999,7.0,7.0
264,IMBIRIBEIRA,2025,9,14.14876,21.89999999999999,7.0,7.0
264,IMBIRIBEIRA,2025,10,13.0,21.69999999999999,7.0,7.0
264,IMBIRIBEIRA,2025,11,3.2,31.39999999999999,7.0,7.0
264,IMBIRIBEIRA,2025,12,2.0,19.599999999999987,7.0,7.0
264,IMBIRIBEIRA,2025,13,1.6,9.399999999999988,7.0,7.0
264,IMBIRIBEIRA,2025,14,4.168044824737258,18.39999999999999,7.0,7.0
264,IMBIRIBEIRA,2025,15,20.2834450064027,16.99999999999999,7.0,7.0
264,IMBIRIBEIRA,2025,16,1.7714612429378533,8.29999999999999,7.0,7.0
264,IMBIRIBEIRA,2025,17,37.24289852370783,12.099999999999989,7.0,7.0
264,IMBIRIBEIRA,2025,18,0.4,2.699999999999989,7.0,7.0
264,IMBIRIBEIRA,2025,19,36.86457612623898,12.399999999999988,7.0,7.0
264,IMBIRIBEIRA,2025,20,128.5212412677691,42.199999999999996,7.0,7.0
264,IMBIRIBEIRA,2025,21,88.49126000000001,55.8,7.0,7.0
264,IMBIRIBEIRA,2025,22,127.41745446291822,21.39999999999999,7.0,7.0
264,IMBIRIBEIRA,2025,23,44.90823586656606,25.69999999999999,7.0,7.0
264,IMBIRIBEIRA,2025,24,107.43352,20.89999999999999,7.0,7.0
264,IMBIRIBEIRA,2025,25,82.81291664325914,41.39999999999999,7.0,7.0
264,IMBIRIBEIRA,2025,26,149.56874713784632,37.79999999999999,7.0,7.0
264,IMBIRIBEIRA,2025,27,77.1997573406911,38.099999999999994,7.0,7.0
264,IMBIRIBEIRA,2025,28,67.7370361302194,23.999999999999993,7.0,7.0
264,IMBIRIBEIRA,2025,29,23.300702450193562,19.699999999999992,7.0,7.0
264,IMBIRIBEIRA,2025,30,16.956936055434916,13.199999999999992,7.0,7.0
264,IMBIRIBEIRA,2025,31,112.49070604593155,26.699999999999992,7.0,7.0
264,IMBIRIBEIRA,2025,32,54.89689817717479,25.199999999999992,7.0,7.0
264,IMBIRIBEIRA,2025,33,52.025920126148,67.99999999999999,7.0,7.0
264,IMBIRIBEIRA,2025,34,28.615929001883234,18.899999999999984,7.0,7.0
264,IMBIRIBEIRA,2025,35,26.446862799135122,18.099999999999987,7.0,7.0
264,IMBIRIBEIRA,2025,36,70.73311248492217,31.69999999999999,7.0,7.0
264,IMBIRIBEIRA,2025,37,3.17887967357187,11.299999999999986,7.0,7.0
264,IMBIRIBEIRA,2025,38,2.578039999999993,8.199999999999985,7.0,7.0
264,IMBIRIBEIRA,2025,39,3.1589557344003003,10.499999999999986,7.0,7.0
264,IMBIRIBEIRA,2025,40,45.18950083466539,15.999999999999986,7.0,7.0
264,IMBIRIBEIRA,2025,41,2.9606541854869977,6.899999999999986,7.0,7.0
264,IMBIRIBEIRA,2025,42,2.363399999999993,5.7999999999999865,7.0,7.0
264,IMBIRIBEIRA,2025,43,2.774399394634126,10.099999999999985,7.0,7.0
264,IMBIRIBEIRA,2025,44,3.964833260173747,10.399999999999984,7.0,7.0
264,IMBIRIBEIRA,2025,45,0.599999999999993,1.1999999999999857,7.0,7.0
264,IMBIRIBEIRA,2025,46,5.341665487414402,8.199999999999985,7.0,7.0
264,IMBIRIBEIRA,2025,47,1.775370751102694,2.999999999999986,7.0,7.0
264,IMBIRIBEIRA,2025,48,1.9708148644702526,6.499999999999986,7.0,7.0
264,IMBIRIBEIRA,2025,49,0.599999999999993,6.499999999999986,7.0,7.0
264,IMBIRIBEIRA,2025,50,0.1999999999999929,3.9999999999999862,7.0,7.0
264,IMBIRIBEIRA,2025,51,0.3999999999999929,4.599999999999985,7.0,7.0
264,IMBIRIBEIRA,2025,52,4.541455010752125,8.899999999999986,7.0,7.0
264,IMBIRIBEIRA,2025,53,0.0,5.699999999999986,7.0,7.0
825,JIQUIA,2024,34,3.146336706706707,9.699999999999992,5.0,7.0
825,JIQUIA,2024,35,16.5812223445951,12.999999999999993,7.0,7.0
825,JIQUIA,2024,36,4.3299195120401475,3.099999999999993,7.0,7.0
825,JIQUIA,2024,37,13.856090740064904,17.099999999999994,2.0,7.0
779,AFOGADOS,2024,34,3.146336706706707,9.699999999999992,5.0,7.0
779,AFOGADOS,2024,35,16.5812223445951,12.999999999999993,7.0,7.0
779,AFOGADOS,2024,36,4.3299195120401475,3.099999999999993,7.0,7.0
779,AFOGADOS,2024,37,13.856090740064904,17.099999999999994,2.0,7.0
507,APIPUCOS,2024,34,0.4,9.699999999999992,5.0,7.0
507,APIPUCOS,2024,35,13.986547411390411,12.999999999999993,7.0,7.0
507,APIPUCOS,2024,36,1.3780400000000004,3.099999999999993,7.0,7.0
507,APIPUCOS,2024,37,39.83209693257885,17.099999999999994,7.0,7.0
507,APIPUCOS,2024,38,4.543117063807998,5.199999999999993,7.0,7.0
507,APIPUCOS,2024,39,22.45910824614734,6.199999999999993,7.0,7.0
507,APIPUCOS,2024,40,6.723359039562954,3.899999999999993,7.0,7.0
507,APIPUCOS,2024,41,0.0,2.299999999999993,7.0,7.0
507,APIPUCOS,2024,42,9.481538126713895,1.9999999999999927,7.0,7.0
507,APIPUCOS,2024,43,2.7597399999999968,3.999999999999993,7.0,7.0
507,APIPUCOS,2024,44,6.118115816532007,5.399999999999992,7.0,7.0
507,APIPUCOS,2024,45,4.341983366594138,10.199999999999994,7.0,7.0
507,APIPUCOS,2024,46,0.0,4.5999999999999925,7.0,7.0
507,APIPUCOS,2024,47,0.5999999999999965,4.899999999999993,7.0,7.0
507,APIPUCOS,2024,48,0.0,1.7999999999999927,7.0,7.0
507,APIPUCOS,2024,49,38.18672840867507,9.999999999999993,7.0,7.0
507,APIPUCOS,2024,50,0.7932638195165036,5.5999999999999925,7.0,7.0
507,APIPUCOS,2024,51,14.007466003956157,9.299999999999994,7.0,7.0
507,APIPUCOS,2024,52,6.705514495489248,6.899999999999993,7.0,7.0
507,APIPUCOS,2025,1,2.559711694957008,7.799999999999993,7.0,7.0
507,APIPUCOS,2025,2,1.9683856536027033,12.499999999999993,7.0,7.0
507,APIPUCOS,2025,3,78.65565292003734,33.89999999999999,7.0,7.0
507,APIPUCOS,2025,4,21.476822887463456,9.999999999999993,7.0,7.0
507,APIPUCOS,2025,5,119.16773354662065,26.199999999999992,7.0,7.0
507,APIPUCOS,2025,6,207.8576142368007,35.89999999999999,7.0,7.0
507,APIPUCOS,2025,7,6.325525501388557,6.49999999999999,7.0,7.0
507,APIPUCOS,2025,8,17.194475430065335,12.09999999999999,7.0,7.0
507,APIPUCOS,2025,9,26.025238775557007,21.89999999999999,7.0,7.0
507,APIPUCOS,2025,10,43.746212834569945,21.69999999999999,5.0,7.0
507,APIPUCOS,2025,11,0.3999999999999857,31.39999999999999,3.0,7.0
620,CORREGO DO JENIPAPO,2024,34,1.0,9.699999999999992,5.0,7.0
620,CORREGO DO JENIPAPO,2024,35,11.067828134749766,12.999999999999993,7.0,7.0
620,CORREGO DO JENIPAPO,2024,36,2.7566446052832494,3.099999999999993,7.0,7.0
620,CORREGO DO JENIPAPO,2024,37,32.81462725059813,17.099999999999994,7.0,7.0
620,CORREGO DO JENIPAPO,2024,38,4.1532189001122335,5.199999999999993,7.0,7.0
620,CORREGO DO JENIPAPO,2024,39,17.98445114653809,6.199999999999993,7.0,7.0
620,CORREGO DO JENIPAPO,2024,40,6.92878436743834,3.899999999999993,7.0,7.0
620,CORREGO DO JENIPAPO,2024,41,0.0,2.299999999999993,7.0,7.0
620,CORREGO DO JENIPAPO,2024,42,10.668989729765528,1.9999999999999927,7.0,7.0
620,CORREGO DO JENIPAPO,2024,43,1.5780540430898944,3.999999999999993,7.0,7.0
620,CORREGO DO JENIPAPO,2024,44,4.134594435076096,5.399999999999992,7.0,7.0
620,CORREGO DO JENIPAPO,2024,45,7.101240260958644,10.199999999999994,7.0,7.0
620,CORREGO DO JENIPAPO,2024,46,0.0,4.5999999999999925,7.0,7.0
620,CORREGO DO JENIPAPO,2024,47,0.0,4.899999999999993,7.0,7.0
620,CORREGO DO JENIPAPO,2024,48,0.0,1.7999999999999927,7.0,7.0
620,CORREGO DO JENIPAPO,2024,49,26.798177705329884,9.999999999999993,7.0,7.0
620,CORREGO DO JENIPAPO,2024,50,2.6209702800361336,5.5999999999999925,7.0,7.0
620,CORREGO DO JENIPAPO,2024,51,12.493799054965944,9.299999999999994,7.0,7.0
620,CORREGO DO JENIPAPO,2024,52,4.532885228695249,6.899999999999993,7.0,7.0
620,CORREGO DO JENIPAPO,2025,1,1.1814778310684788,7.799999999999993,7.0,7.0
620,CORREGO DO JENIPAPO,2025,2,3.155606279884132,12.499999999999993,7.0,7.0
620,CORREGO DO JENIPAPO,2025,3,109.20998759402947,33.89999999999999,7.0,7.0
620,CORREGO DO JENIPAPO,2025,4,32.0881797788921,9.999999999999993,7.0,7.0
620,CORREGO DO JENIPAPO,2025,5,97.68023843230867,26.199999999999992,7.0,7.0
620,CORREGO DO JENIPAPO,2025,6,242.81246461026475,35.89999999999999,7.0,7.0
620,CORREGO DO JENIPAPO,2025,7,19.104474105077678,6.49999999999999,7.0,7.0
620,CORREGO DO JENIPAPO,2025,8,6.918489030480778,12.09999999999999,7.0,7.0
620,CORREGO DO JENIPAPO,2025,9,44.651261959272766,21.89999999999999,7.0,7.0
620,CORREGO DO JENIPAPO,2025,10,60.86305360447736,21.69999999999999,7.0,7.0
620,CORREGO DO JENIPAPO,2025,11,91.67102592830551,31.39999999999999,7.0,7.0
620,CORREGO DO JENIPAPO,2025,12,38.485103655505974,19.599999999999987,7.0,7.0
620,CORREGO DO JENIPAPO,2025,13,88.75520327119851,9.399999999999988,7.0,7.0
620,CORREGO DO JENIPAPO,2025,14,35.49410651223762,18.39999999999999,7.0,7.0
620,CORREGO DO JENIPAPO,2025,15,24.695179192443888,16.99999999999999,7.0,7.0
620,CORREGO DO JENIPAPO,2025,16,1.0196,8.29999999999999,7.0,7.0
620,CORREGO DO JENIPAPO,2025,17,61.49808472226481,12.099999999999989,7.0,7.0
620,CORREGO DO JENIPAPO,2025,18,1.38281186440678,2.699999999999989,7.0,7.0
620,CORREGO DO JENIPAPO,2025,19,9.728939557276938,12.399999999999988,7.0,7.0
620,CORREGO DO JENIPAPO,2025,20,258.607566823019,42.199999999999996,7.0,7.0
620,CORREGO DO JENIPAPO,2025,21,116.41987887666264,55.8,7.0,7.0
620,CORREGO DO JENIPAPO,2025,22,85.52894081125422,21.39999999999999,7.0,7.0
620,CORREGO DO JENIPAPO,2025,23,89.13198152225551,25.69999999999999,7.0,7.0
620,CORREGO DO JENIPAPO,2025,24,90.55468990062998,20.89999999999999,7.0,7.0
620,CORREGO DO JENIPAPO,2025,25,77.54302841947701,41.39999999999999,7.0,7.0
620,CORREGO DO JENIPAPO,2025,26,152.90303221337385,37.79999999999999,7.0,7.0
620,CORREGO DO JENIPAPO,2025,27,111.95563803406232,38.099999999999994,7.0,7.0
620,CORREGO DO JENIPAPO,2025,28,80.64007946594714,23.999999999999993,7.0,7.0
620,CORREGO DO JENIPAPO,2025,29,15.476189449724803,19.699999999999992,7.0,7.0
620,CORREGO DO JENIPAPO,2025,30,24.327894661208138,13.199999999999992,7.0,7.0
620,CORREGO DO JENIPAPO,2025,31,98.11583650089958,26.699999999999992,7.0,7.0
620,CORREGO DO JENIPAPO,2025,32,55.968132830581865,25.199999999999992,7.0,7.0
620,CORREGO DO JENIPAPO,2025,33,102.5783140588305,67.99999999999999,7.0,7.0
620,CORREGO DO JENIPAPO,2025,34,36.350904370058004,18.899999999999984,7.0,7.0
620,CORREGO DO JENIPAPO,2025,35,35.11041223434371,18.099999999999987,7.0,7.0
620,CORREGO DO JENIPAPO,2025,36,91.0040920435325,31.69999999999999,7.0,7.0
620,CORREGO DO JENIPAPO,2025,37,1.9753648247372577,11.299999999999986,7.0,7.0
620,CORREGO DO JENIPAPO,2025,38,0.8,8.199999999999985,6.0,7.0
620,CORREGO DO JENIPAPO,2025,40,0.5926800000000001,15.999999999999986,2.0,7.0
620,CORREGO DO JENIPAPO,2025,41,2.5725238312082572,6.899999999999986,7.0,7.0
620,CORREGO DO JENIPAPO,2025,42,0.99268,5.7999999999999865,7.0,7.0
620,CORREGO DO JENIPAPO,2025,43,5.150500057709401,10.099999999999985,7.0,7.0
620,CORREGO DO JENIPAPO,2025,44,18.563999368484374,10.399999999999984,7.0,7.0
620,CORREGO DO JENIPAPO,2025,45,0.0,1.1999999999999857,7.0,7.0
620,CORREGO DO JENIPAPO,2025,46,11.27742762907514,8.199999999999985,7.0,7.0
620,CORREGO DO JENIPAPO,2025,47,4.3363936705339725,2.999999999999986,7.0,7.0
620,CORREGO DO JENIPAPO,2025,48,4.7396538880900305,6.499999999999986,7.0,7.0
620,CORREGO DO JENIPAPO,2025,49,5.732900977578345,6.499999999999986,7.0,7.0
620,CORREGO DO JENIPAPO,2025,50,1.1926800000000002,3.9999999999999862,7.0,7.0
620,CORREGO DO JENIPAPO,2025,51,0.0,4.599999999999985,7.0,7.0
620,CORREGO DO JENIPAPO,2025,52,25.289040645824983,8.899999999999986,7.0,7.0
620,CORREGO DO JENIPAPO,2025,53,0.0,5.699999999999986,7.0,7.0
930,PONTO DE PARADA,2024,34,0.2,9.699999999999992,5.0,7.0
930,PONTO DE PARADA,2024,35,4.966517933094385,12.999999999999993,7.0,7.0
930,PONTO DE PARADA,2024,36,0.6000000000000001,3.099999999999993,7.0,7.0
930,PONTO DE PARADA,2024,37,24.564408239500782,17.099999999999994,7.0,7.0
930,PONTO DE PARADA,2024,38,2.1789365432098764,5.199999999999993,7.0,7.0
930,PONTO DE PARADA,2024,39,15.407345146745321,6.199999999999993,7.0,7.0
930,PONTO DE PARADA,2024,40,9.362435641732187,3.899999999999993,7.0,7.0
930,PONTO DE PARADA,2024,41,0.0,2.299999999999993,7.0,7.0
930,PONTO DE PARADA,2024,42,9.101137113223281,1.9999999999999927,7.0,7.0
930,PONTO DE PARADA,2024,43,2.0012999999999996,3.999999999999993,7.0,7.0
930,PONTO DE PARADA,2024,44,7.502444911691088,5.399999999999992,7.0,7.0
930,PONTO DE PARADA,2024,45,7.702061536024379,10.199999999999994,7.0,7.0
930,PONTO DE PARADA,2024,46,0.0,4.5999999999999925,7.0,7.0
930,PONTO DE PARADA,2024,47,0.4,4.899999999999993,7.0,7.0
930,PONTO DE PARADA,2024,48,0.9869004839783073,1.7999999999999927,7.0,7.0
930,PONTO DE PARADA,2024,49,3.946959026027332,9.999999999999993,7.0,7.0
930,PONTO DE PARADA,2024,50,1.1937179255396202,5.5999999999999925,7.0,7.0
930,PONTO DE PARADA,2024,51,3.982579893949832,9.299999999999994,7.0,7.0
930,PONTO DE PARADA,2024,52,1.780559416863672,6.899999999999993,7.0,7.0
930,PONTO DE PARADA,2025,1,0.0,7.799999999999993,7.0,7.0
930,PONTO DE PARADA,2025,2,0.7999999999999996,12.499999999999993,7.0,7.0
930,PONTO DE PARADA,2025,3,137.69294661357216,33.89999999999999,7.0,7.0
930,PONTO DE PARADA,2025,4,7.884399016170483,9.999999999999993,7.0,7.0
930,PONTO DE PARADA,2025,5,128.69707237370918,26.199999999999992,7.0,7.0
930,PONTO DE PARADA,2025,6,236.96221846491898,35.89999999999999,7.0,7.0
930,PONTO DE PARADA,2025,7,18.08171195123691,6.49999999999999,7.0,7.0
930,PONTO DE PARADA,2025,8,11.690587086880099,12.09999999999999,7.0,7.0
930,PONTO DE PARADA,2025,9,14.191828718802263,21.89999999999999,7.0,7.0
930,PONTO DE PARADA,2025,10,43.8573761248703,21.69999999999999,7.0,7.0
930,PONTO DE PARADA,2025,11,36.16597301030836,31.39999999999999,7.0,7.0
930,PONTO DE PARADA,2025,12,28.099771237328053,19.599999999999987,7.0,7.0
930,PONTO DE PARADA,2025,13,45.359250081412306,9.399999999999988,7.0,7.0
930,PONTO DE PARADA,2025,14,26.493752025493897,18.39999999999999,7.0,7.0
930,PONTO DE PARADA,2025,15,29.38246359421136,16.99999999999999,7.0,7.0
930,PONTO DE PARADA,2025,16,0.0,8.29999999999999,7.0,7.0
930,PONTO DE PARADA,2025,17,26.229716670486493,12.099999999999989,7.0,7.0
930,PONTO DE PARADA,2025,18,0.0,2.699999999999989,7.0,7.0
930,PONTO DE PARADA,2025,19,11.832901251814825,12.399999999999988,7.0,7.0
930,PONTO DE PARADA,2025,20,274.9822178345309,42.199999999999996,7.0,7.0
930,PONTO DE PARADA,2025,21,102.7850248104794,55.8,7.0,7.0
930,PONTO DE PARADA,2025,22,64.08204561435683,21.39999999999999,7.0,7.0
930,PONTO DE PARADA,2025,23,71.95559910536045,25.69999999999999,7.0,7.0
930,PONTO DE PARADA,2025,24,95.77705803994225,20.89999999999999,7.0,7.0
930,PONTO DE PARADA,2025,25,77.21790808290373,41.39999999999999,7.0,7.0
930,PONTO DE PARADA,2025,26,126.0178496720452,37.79999999999999,7.0,7.0
930,PONTO DE PARADA,2025,27,95.8916612855212,38.099999999999994,7.0,7.0
930,PONTO DE PARADA,2025,28,86.37908623618436,23.999999999999993,7.0,7.0
930,PONTO DE PARADA,2025,29,20.373600963238026,19.699999999999992,7.0,7.0
930,PONTO DE PARADA,2025,30,21.120098593100487,13.199999999999992,7.0,7.0
930,PONTO DE PARADA,2025,31,117.98895332147755,26.699999999999992,7.0,7.0
930,PONTO DE PARADA,2025,32,46.945811852335325,25.199999999999992,7.0,7.0
930,PONTO DE PARADA,2025,33,83.73836838909665,67.99999999999999,7.0,7.0
930,PONTO DE PARADA,2025,34,17.575841225416227,18.899999999999984,7.0,7.0
930,PONTO DE PARADA,2025,35,23.08069047507499,18.099999999999987,7.0,7.0
930,PONTO DE PARADA,2025,36,62.802874320389286,31.69999999999999,7.0,7.0
930,PONTO DE PARADA,2025,37,1.0196,11.299999999999986,7.0,7.0
930,PONTO DE PARADA,2025,38,0.79268,8.199999999999985,7.0,7.0
930,PONTO DE PARADA,2025,39,3.760976456835935,10.499999999999986,7.0,7.0
930,PONTO DE PARADA,2025,40,79.6411701916271,15.999999999999986,7.0,7.0
930,PONTO DE PARADA,2025,41,3.3641410420963034,6.899999999999986,7.0,7.0
930,PONTO DE PARADA,2025,42,1.1821830262834614,5.7999999999999865,7.0,7.0
930,PONTO DE PARADA,2025,43,3.1540399762555826,10.099999999999985,7.0,7.0
930,PONTO DE PARADA,2025,44,13.60157982470941,10.399999999999984,7.0,7.0
930,PONTO DE PARADA,2025,45,0.0,1.1999999999999857,7.0,7.0
930,PONTO DE PARADA,2025,46,7.895951956437659,8.199999999999985,7.0,7.0
930,PONTO DE PARADA,2025,47,4.148146045257542,2.999999999999986,7.0,7.0
930,PONTO DE PARADA,2025,48,1.585615298750207,6.499999999999986,7.0,7.0
930,PONTO DE PARADA,2025,49,0.0,6.499999999999986,7.0,7.0
930,PONTO DE PARADA,2025,50,0.0,3.9999999999999862,7.0,7.0
930,PONTO DE PARADA,2025,51,0.1999999999999929,4.599999999999985,7.0,7.0
930,PONTO DE PARADA,2025,52,10.260359344815587,8.899999999999986,7.0,7.0
930,PONTO DE PARADA,2025,53,1.4029065526647542,5.699999999999986,7.0,7.0
